time_ms,lane,kind,y,score
11183,3,TAP,0.4759615,1.0000
11201,3,TAP,0.4831731,1.0000
11217,3,TAP,0.4903747,1.0000
11234,3,TAP,0.4980769,1.0000
11250,3,TAP,0.5057692,1.0000
11266,3,TAP,0.5134493,1.0000
11284,3,TAP,0.5211538,1.0000
11317,3,TAP,0.5365504,1.0000
11334,3,TAP,0.5447087,1.0000
11350,3,TAP,0.5524038,1.0000
11366,3,TAP,0.5605808,1.0000
11383,3,TAP,0.5682692,1.0000
11401,3,TAP,0.5769348,1.0000
11417,3,TAP,0.5846083,1.0000
11434,3,TAP,0.5932692,1.0000
11451,3,TAP,0.6014464,1.0000
11467,3,TAP,0.6091470,1.0000
11483,3,TAP,0.6177885,1.0000
11500,3,TAP,0.6264559,1.0000
11516,3,TAP,0.6350880,1.0000
11534,3,TAP,0.6437500,1.0000
11550,3,TAP,0.6524079,1.0000
11567,3,TAP,0.6610711,1.0000
11583,3,TAP,0.6697115,1.0000
11600,3,TAP,0.6783694,1.0000
11617,3,TAP,0.6870246,1.0000
11633,3,TAP,0.6966213,1.0000
11650,2,TAP,0.4826923,1.0000
11650,3,TAP,0.7052937,1.0000
11667,2,TAP,0.4903846,1.0000
11667,3,TAP,0.7144372,1.0000
11683,2,TAP,0.4980769,1.0000
11683,3,TAP,0.7235485,1.0000
11700,2,TAP,0.5125000,1.0000
11733,2,TAP,0.5283880,1.0000
11749,2,TAP,0.5360577,1.0000
11766,2,TAP,0.5442308,1.0000
11782,2,TAP,0.5519231,1.0000
11799,2,TAP,0.5600962,1.0000
11816,2,TAP,0.5677885,1.0000
11833,2,TAP,0.5759726,1.0000
11850,2,TAP,0.5841346,1.0000
11866,2,TAP,0.5923077,1.0000
11882,2,TAP,0.6009615,1.0000
11899,2,TAP,0.6091346,1.0000
11915,2,TAP,0.6177885,1.0000
11932,2,TAP,0.6254808,1.0000
11949,2,TAP,0.6341346,1.0000
11966,2,TAP,0.6427885,1.0000
11982,2,TAP,0.6514423,1.0000
11999,2,TAP,0.6601069,1.0000
12015,2,TAP,0.6687500,1.0000
12033,2,TAP,0.6778846,1.0000
12050,2,TAP,0.6865385,1.0000
12066,2,TAP,0.6956731,1.0000
12082,2,TAP,0.7048131,1.0000
12099,2,TAP,0.7134721,1.0000
12116,2,TAP,0.7230769,1.0000
12299,1,TAP,0.4778846,1.0000
12315,1,TAP,0.4855769,1.0000
12333,1,TAP,0.4932569,1.0000
12349,1,TAP,0.5004808,1.0000
12366,1,TAP,0.5081841,1.0000
12382,1,TAP,0.5158654,1.0000
12399,1,TAP,0.5235688,1.0000
12416,1,TAP,0.5317308,1.0000
12433,1,TAP,0.5394231,1.0000
12449,1,TAP,0.5471281,1.0000
12467,1,TAP,0.5548077,1.0000
12484,1,TAP,0.5629724,1.0000
12516,1,TAP,0.5793325,1.0000
12532,1,TAP,0.5875126,1.0000
12532,2,TAP,0.4817308,1.0000
12549,1,TAP,0.5951923,1.0000
12549,2,TAP,0.4889423,1.0000
12566,1,TAP,0.6038345,1.0000
12566,2,TAP,0.4966346,1.0000
12582,1,TAP,0.6125093,1.0000
12582,2,TAP,0.5043269,1.0000
12599,1,TAP,0.6206731,1.0000
12599,2,TAP,0.5115385,1.0000
12616,1,TAP,0.6293310,1.0000
12616,2,TAP,0.5192308,1.0000
12632,1,TAP,0.6375061,1.0000
12632,2,TAP,0.5269479,1.0000
12649,1,TAP,0.6461538,1.0000
12649,2,TAP,0.5350962,1.0000
12666,1,TAP,0.6552750,1.0000
12666,2,TAP,0.5432692,1.0000
12682,1,TAP,0.6634760,1.0000
12682,2,TAP,0.5509615,1.0000
12699,1,TAP,0.6725908,1.0000
12699,2,TAP,0.5586538,1.0000
12715,1,TAP,0.6812594,1.0000
12715,2,TAP,0.5668269,1.0000
12732,1,TAP,0.6903995,1.0000
12732,2,TAP,0.5745192,1.0000
12749,1,TAP,0.6990385,1.0000
12749,2,TAP,0.5831621,1.0000
12765,1,TAP,0.7081731,1.0000
12765,2,TAP,0.5913462,1.0000
12783,1,TAP,0.7173130,1.0000
12783,2,TAP,0.5995192,1.0000
12799,1,TAP,0.7264344,1.0000
12799,2,TAP,0.6076923,1.0000
12816,2,TAP,0.6163462,1.0000
12833,2,TAP,0.6245192,1.0000
12849,2,TAP,0.6331731,1.0000
12866,2,TAP,0.6418269,1.0000
12883,2,TAP,0.6504808,1.0000
12899,2,TAP,0.6591534,1.0000
12915,2,TAP,0.6677885,1.0000
12932,2,TAP,0.6764423,1.0000
12949,2,TAP,0.6850962,1.0000
12966,2,TAP,0.6942308,1.0000
12982,2,TAP,0.7033654,1.0000
12999,2,TAP,0.7125147,1.0000
13015,2,TAP,0.7216346,1.0000
13199,1,TAP,0.4774038,1.0000
13215,1,TAP,0.4846154,1.0000
13232,1,TAP,0.4918157,1.0000
13249,1,TAP,0.4995192,1.0000
13266,1,TAP,0.5072226,1.0000
13283,1,TAP,0.5148983,1.0000
13299,1,TAP,0.5226054,1.0000
13315,1,TAP,0.5302885,1.0000
13332,1,TAP,0.5384671,1.0000
13349,1,TAP,0.5461602,1.0000
13365,1,TAP,0.5538462,1.0000
13382,1,TAP,0.5615385,1.0000
13399,1,TAP,0.5701923,1.0000
13416,1,TAP,0.5778940,1.0000
13432,1,TAP,0.5860605,1.0000
13432,2,TAP,0.4802885,1.0000
13449,1,TAP,0.5947115,1.0000
13449,2,TAP,0.4879808,1.0000
13466,1,TAP,0.6023997,1.0000
13466,2,TAP,0.4956731,1.0000
13482,1,TAP,0.6110715,1.0000
13482,2,TAP,0.5028846,1.0000
13499,1,TAP,0.6197115,1.0000
13499,2,TAP,0.5105769,1.0000
13516,1,TAP,0.6278961,1.0000
13516,2,TAP,0.5182692,1.0000
13532,1,TAP,0.6365440,1.0000
13532,2,TAP,0.5259864,1.0000
13549,1,TAP,0.6447115,1.0000
13549,2,TAP,0.5336538,1.0000
13565,1,TAP,0.6533627,1.0000
13565,2,TAP,0.5413462,1.0000
13582,1,TAP,0.6625121,1.0000
13582,2,TAP,0.5500000,1.0000
13599,1,TAP,0.6711593,1.0000
13599,2,TAP,0.5576923,1.0000
13616,1,TAP,0.6803005,1.0000
13616,2,TAP,0.5653846,1.0000
13632,1,TAP,0.6889543,1.0000
13632,2,TAP,0.5740385,1.0000
13649,1,TAP,0.6980697,1.0000
13649,2,TAP,0.5817416,1.0000
13665,1,TAP,0.7067308,1.0000
13665,2,TAP,0.5899148,1.0000
13682,1,TAP,0.7163556,1.0000
13682,2,TAP,0.5985467,1.0000
13717,2,TAP,0.6149038,1.0000
13733,2,TAP,0.6235577,1.0000
13749,2,TAP,0.6322115,1.0000
13766,2,TAP,0.6403846,1.0000
13782,2,TAP,0.6485577,1.0000
13800,2,TAP,0.6577151,1.0000
13816,2,TAP,0.6668269,1.0000
13832,2,TAP,0.6754808,1.0000
13849,2,TAP,0.6841346,1.0000
13865,2,TAP,0.6932692,1.0000
13882,2,TAP,0.7019231,1.0000
13899,2,TAP,0.7110787,1.0000
13916,2,TAP,0.7206731,1.0000
14117,1,TAP,0.4836538,1.0000
14133,1,TAP,0.4913339,1.0000
14149,1,TAP,0.4990442,1.0000
14165,1,TAP,0.5057789,1.0000
14182,1,TAP,0.5134494,1.0000
14199,1,TAP,0.5211595,1.0000
14216,1,TAP,0.5293212,1.0000
14233,1,TAP,0.5370263,1.0000
14249,1,TAP,0.5451923,1.0000
14266,1,TAP,0.5528846,1.0000
14282,1,TAP,0.5605832,1.0000
14299,1,TAP,0.5692308,1.0000
14316,1,TAP,0.5769348,1.0000
14333,1,TAP,0.5850934,1.0000
14333,2,TAP,0.4798077,1.0000
14349,1,TAP,0.5932692,1.0000
14349,2,TAP,0.4870192,1.0000
14365,1,TAP,0.6014464,1.0000
14365,2,TAP,0.4942308,1.0000
14382,1,TAP,0.6101099,1.0000
14382,2,TAP,0.5019231,1.0000
14399,1,TAP,0.6182692,1.0000
14399,2,TAP,0.5096154,1.0000
14416,1,TAP,0.6269353,1.0000
14416,2,TAP,0.5173077,1.0000
14433,1,TAP,0.6350880,1.0000
14433,2,TAP,0.5250217,1.0000
14450,1,TAP,0.6437500,1.0000
14450,2,TAP,0.5326923,1.0000
14482,1,TAP,0.6610698,1.0000
14482,2,TAP,0.5485577,1.0000
14499,1,TAP,0.6697115,1.0000
14499,2,TAP,0.5567308,1.0000
14515,1,TAP,0.6788516,1.0000
14515,2,TAP,0.5644231,1.0000
14533,1,TAP,0.6879901,1.0000
14533,2,TAP,0.5725962,1.0000
14549,1,TAP,0.6966213,1.0000
14549,2,TAP,0.5807878,1.0000
14566,1,TAP,0.7057746,1.0000
14566,2,TAP,0.5889423,1.0000
14582,1,TAP,0.7149156,1.0000
14582,2,TAP,0.5971154,1.0000
14600,1,TAP,0.7240261,1.0000
14600,2,TAP,0.6052885,1.0000
14616,2,TAP,0.6139423,1.0000
14633,2,TAP,0.6221154,1.0000
14649,2,TAP,0.6307692,1.0000
14666,2,TAP,0.6394231,1.0000
14682,2,TAP,0.6475962,1.0000
14699,2,TAP,0.6562771,1.0000
14716,2,TAP,0.6649038,1.0000
14733,2,TAP,0.6745192,1.0000
14749,2,TAP,0.6831731,1.0000
14765,2,TAP,0.6918269,1.0000
14782,2,TAP,0.7009615,1.0000
14782,3,TAP,0.4788462,1.0000
14799,2,TAP,0.7101211,1.0000
14799,3,TAP,0.4865385,1.0000
14816,2,TAP,0.7192308,1.0000
14816,3,TAP,0.4942208,1.0000
14832,3,TAP,0.5019231,1.0000
14850,3,TAP,0.5091288,1.0000
14867,3,TAP,0.5168269,1.0000
14899,3,TAP,0.5322172,1.0000
14916,3,TAP,0.5403727,1.0000
14932,3,TAP,0.5480888,1.0000
14950,3,TAP,0.5562500,1.0000
14966,3,TAP,0.5639339,1.0000
14982,3,TAP,0.5721154,1.0000
14999,3,TAP,0.5798077,1.0000
15015,3,TAP,0.5884733,1.0000
15032,3,TAP,0.5966443,1.0000
15049,3,TAP,0.6047953,1.0000
15066,3,TAP,0.6129904,1.0000
15082,3,TAP,0.6216346,1.0000
15098,3,TAP,0.6302939,1.0000
15116,3,TAP,0.6389559,1.0000
15132,3,TAP,0.6476016,1.0000
15149,3,TAP,0.6562366,1.0000
15166,3,TAP,0.6649092,1.0000
15182,3,TAP,0.6735483,1.0000
15199,3,TAP,0.6822169,1.0000
15216,3,TAP,0.6908786,1.0000
15233,2,TAP,0.4788462,1.0000
15233,3,TAP,0.7004927,1.0000
15250,2,TAP,0.4855769,1.0000
15250,3,TAP,0.7096154,1.0000
15266,2,TAP,0.4932692,1.0000
15266,3,TAP,0.7182692,1.0000
15282,2,TAP,0.5009615,1.0000
15282,3,TAP,0.7278846,1.0000
15299,2,TAP,0.5086538,1.0000
15316,2,TAP,0.5163462,1.0000
15332,2,TAP,0.5240538,1.0000
15350,2,TAP,0.5317308,1.0000
15366,2,TAP,0.5394231,1.0000
15382,2,TAP,0.5475962,1.0000
15399,2,TAP,0.5552885,1.0000
15415,2,TAP,0.5634615,1.0000
15432,2,TAP,0.5716346,1.0000
15449,2,TAP,0.5798310,1.0000
15466,2,TAP,0.5875000,1.0000
15482,2,TAP,0.5961538,1.0000
15499,2,TAP,0.6043269,1.0000
15515,2,TAP,0.6129808,1.0000
15532,2,TAP,0.6206731,1.0000
15549,2,TAP,0.6293269,1.0000
15566,2,TAP,0.6379808,1.0000
15582,2,TAP,0.6466346,1.0000
15598,2,TAP,0.6553129,1.0000
15615,2,TAP,0.6639423,1.0000
15632,2,TAP,0.6725962,1.0000
15649,2,TAP,0.6822115,1.0000
15666,2,TAP,0.6908654,1.0000
15682,2,TAP,0.6995192,1.0000
15698,2,TAP,0.7091610,1.0000
15716,2,TAP,0.7177885,1.0000
15899,1,TAP,0.4740285,1.0000
15915,1,TAP,0.4817308,1.0000
15932,1,TAP,0.4889423,1.0000
15949,1,TAP,0.4966458,1.0000
15965,1,TAP,0.5043269,1.0000
15982,1,TAP,0.5115288,1.0000
15999,1,TAP,0.5192308,1.0000
16015,1,TAP,0.5269287,1.0000
16032,1,TAP,0.5346273,1.0000
16049,1,TAP,0.5432565,1.0000
16066,1,TAP,0.5509615,1.0000
16083,1,TAP,0.5586656,1.0000
16099,1,TAP,0.5668269,1.0000
16116,1,TAP,0.5745318,1.0000
16132,1,TAP,0.5831591,1.0000
16132,2,TAP,0.4774038,1.0000
16150,1,TAP,0.5908709,1.0000
16150,2,TAP,0.4850962,1.0000
16183,1,TAP,0.6076869,1.0000
16183,2,TAP,0.5000000,1.0000
16199,1,TAP,0.6163462,1.0000
16199,2,TAP,0.5076923,1.0000
16215,1,TAP,0.6245288,1.0000
16215,2,TAP,0.5153846,1.0000
16232,1,TAP,0.6331609,1.0000
16232,2,TAP,0.5230826,1.0000
16249,1,TAP,0.6413583,1.0000
16249,2,TAP,0.5307692,1.0000
16265,1,TAP,0.6504942,1.0000
16265,2,TAP,0.5384615,1.0000
16283,1,TAP,0.6591346,1.0000
16283,2,TAP,0.5461538,1.0000
16299,1,TAP,0.6677885,1.0000
16299,2,TAP,0.5548077,1.0000
16315,1,TAP,0.6764383,1.0000
16315,2,TAP,0.5625000,1.0000
16332,1,TAP,0.6850962,1.0000
16332,2,TAP,0.5701923,1.0000
16350,1,TAP,0.6942236,1.0000
16350,2,TAP,0.5783876,1.0000
16382,1,TAP,0.7125142,1.0000
16382,2,TAP,0.5947170,1.0000
16399,1,TAP,0.7211644,1.0000
16399,2,TAP,0.6028846,1.0000
16416,2,TAP,0.6115385,1.0000
16433,2,TAP,0.6201923,1.0000
16450,2,TAP,0.6283654,1.0000
16466,2,TAP,0.6370192,1.0000
16483,2,TAP,0.6456731,1.0000
16499,2,TAP,0.6543418,1.0000
16515,2,TAP,0.6629808,1.0000
16532,2,TAP,0.6716346,1.0000
16549,2,TAP,0.6802885,1.0000
16565,2,TAP,0.6899038,1.0000
16582,2,TAP,0.6985577,1.0000
16599,2,TAP,0.7072328,1.0000
16616,2,TAP,0.7168269,1.0000
16632,2,TAP,0.7254808,1.0000
16816,1,TAP,0.4802885,1.0000
16832,1,TAP,0.4879808,1.0000
16849,1,TAP,0.4951988,1.0000
16866,1,TAP,0.5028846,1.0000
16882,1,TAP,0.5105769,1.0000
16900,1,TAP,0.5182692,1.0000
16916,1,TAP,0.5259672,1.0000
16932,1,TAP,0.5336634,1.0000
16949,1,TAP,0.5413366,1.0000
16965,1,TAP,0.5500055,1.0000
16982,1,TAP,0.5577018,1.0000
17000,1,TAP,0.5653752,1.0000
17017,1,TAP,0.5740503,1.0000
17033,1,TAP,0.5817214,1.0000
17033,2,TAP,0.4764535,1.0000
17049,1,TAP,0.5899136,1.0000
17049,2,TAP,0.4841346,1.0000
17066,1,TAP,0.5985715,1.0000
17066,2,TAP,0.4913462,1.0000
17082,1,TAP,0.6062403,1.0000
17082,2,TAP,0.4990385,1.0000
17099,1,TAP,0.6149038,1.0000
17099,2,TAP,0.5067308,1.0000
17116,1,TAP,0.6235632,1.0000
17116,2,TAP,0.5144231,1.0000
17132,1,TAP,0.6321993,1.0000
17132,2,TAP,0.5221154,1.0000
17149,1,TAP,0.6403974,1.0000
17149,2,TAP,0.5298132,1.0000
17165,1,TAP,0.6485671,1.0000
17165,2,TAP,0.5375000,1.0000
17182,1,TAP,0.6576870,1.0000
17182,2,TAP,0.5451923,1.0000
17199,1,TAP,0.6668269,1.0000
17199,2,TAP,0.5528846,1.0000
17216,1,TAP,0.6749910,1.0000
17216,2,TAP,0.5615385,1.0000
17232,1,TAP,0.6841346,1.0000
17232,2,TAP,0.5692308,1.0000
17249,1,TAP,0.6927924,1.0000
17249,2,TAP,0.5779081,1.0000
17266,1,TAP,0.7019380,1.0000
17266,2,TAP,0.5855769,1.0000
17282,1,TAP,0.7110669,1.0000
17282,2,TAP,0.5937610,1.0000
17298,1,TAP,0.7201923,1.0000
17298,2,TAP,0.6024038,1.0000
17315,1,TAP,0.7293348,1.0000
17315,2,TAP,0.6100962,1.0000
17332,2,TAP,0.6187500,1.0000
17350,2,TAP,0.6274038,1.0000
17382,2,TAP,0.6447115,1.0000
17399,2,TAP,0.6528846,1.0000
17416,2,TAP,0.6620192,1.0000
17433,2,TAP,0.6706731,1.0000
17449,2,TAP,0.6793269,1.0000
17465,2,TAP,0.6879808,1.0000
17482,2,TAP,0.6975962,1.0000
17498,2,TAP,0.7062646,1.0000
17516,2,TAP,0.7153846,1.0000
17532,2,TAP,0.7245192,1.0000
17716,1,TAP,0.4798019,1.0000
17732,1,TAP,0.4870248,1.0000
17750,1,TAP,0.4942209,1.0000
17782,1,TAP,0.5096250,1.0000
17799,1,TAP,0.5173077,1.0000
17816,1,TAP,0.5250096,1.0000
17832,1,TAP,0.5326979,1.0000
17850,1,TAP,0.5403719,1.0000
17882,1,TAP,0.5567308,1.0000
17899,1,TAP,0.5644168,1.0000
17916,1,TAP,0.5721209,1.0000
17933,1,TAP,0.5807638,1.0000
17950,1,TAP,0.5889548,1.0000
17950,2,TAP,0.4826923,1.0000
17966,1,TAP,0.5971247,1.0000
17966,2,TAP,0.4903846,1.0000
17982,1,TAP,0.6052885,1.0000
17982,2,TAP,0.4980769,1.0000
17999,1,TAP,0.6139478,1.0000
17999,2,TAP,0.5057692,1.0000
18016,1,TAP,0.6221154,1.0000
18016,2,TAP,0.5134615,1.0000
18033,1,TAP,0.6307692,1.0000
18033,2,TAP,0.5211538,1.0000
18049,1,TAP,0.6394345,1.0000
18049,2,TAP,0.5288613,1.0000
18066,1,TAP,0.6476016,1.0000
18066,2,TAP,0.5365385,1.0000
18082,1,TAP,0.6562379,1.0000
18082,2,TAP,0.5442308,1.0000
18098,1,TAP,0.6649132,1.0000
18098,2,TAP,0.5523869,1.0000
18115,1,TAP,0.6745072,1.0000
18115,2,TAP,0.5600962,1.0000
18132,1,TAP,0.6827032,1.0000
18132,2,TAP,0.5682692,1.0000
18150,1,TAP,0.6918388,1.0000
18150,2,TAP,0.5759726,1.0000
18166,1,TAP,0.7009759,1.0000
18166,2,TAP,0.5846154,1.0000
18182,1,TAP,0.7096207,1.0000
18182,2,TAP,0.5927939,1.0000
18198,1,TAP,0.7187500,1.0000
18198,2,TAP,0.6009615,1.0000
18215,1,TAP,0.7283680,1.0000
18215,2,TAP,0.6091346,1.0000
18233,2,TAP,0.6177885,1.0000
18250,2,TAP,0.6259615,1.0000
18266,2,TAP,0.6346154,1.0000
18282,2,TAP,0.6432692,1.0000
18299,2,TAP,0.6519212,1.0000
18315,2,TAP,0.6600962,1.0000
18332,2,TAP,0.6697115,1.0000
18349,2,TAP,0.6783654,1.0000
18366,2,TAP,0.6870192,1.0000
18382,2,TAP,0.6956731,1.0000
18382,3,TAP,0.4749941,1.0000
18399,2,TAP,0.7052885,1.0000
18399,3,TAP,0.4826923,1.0000
18415,2,TAP,0.7139423,1.0000
18415,3,TAP,0.4894173,1.0000
18432,2,TAP,0.7235577,1.0000
18432,3,TAP,0.4971154,1.0000
18450,3,TAP,0.5048077,1.0000
18466,3,TAP,0.5124878,1.0000
18482,3,TAP,0.5201923,1.0000
18499,3,TAP,0.5278846,1.0000
18516,3,TAP,0.5355897,1.0000
18533,3,TAP,0.5437528,1.0000
18549,3,TAP,0.5519231,1.0000
18566,3,TAP,0.5596280,1.0000
18582,3,TAP,0.5677885,1.0000
18599,3,TAP,0.5759733,1.0000
18616,3,TAP,0.5836421,1.0000
18633,3,TAP,0.5923077,1.0000
18650,3,TAP,0.6004931,1.0000
18666,3,TAP,0.6086484,1.0000
18682,3,TAP,0.6168324,1.0000
18699,3,TAP,0.6254930,1.0000
18715,3,TAP,0.6341264,1.0000
18734,3,TAP,0.6427885,1.0000
18765,3,TAP,0.6601029,1.0000
18782,3,TAP,0.6687553,1.0000
18799,3,TAP,0.6774052,1.0000
18816,3,TAP,0.6865439,1.0000
18832,3,TAP,0.6951798,1.0000
18849,2,TAP,0.4817365,1.0000
18849,3,TAP,0.7043362,1.0000
18866,2,TAP,0.4894231,1.0000
18866,3,TAP,0.7134763,1.0000
18884,2,TAP,0.4971154,1.0000
18884,3,TAP,0.7225909,1.0000
18916,2,TAP,0.5125000,1.0000
18933,2,TAP,0.5201923,1.0000
18949,2,TAP,0.5279006,1.0000
18966,2,TAP,0.5355769,1.0000
18983,2,TAP,0.5432692,1.0000
18999,2,TAP,0.5509615,1.0000
19015,2,TAP,0.5591346,1.0000
19033,2,TAP,0.5673077,1.0000
19049,2,TAP,0.5754808,1.0000
19066,2,TAP,0.5831841,1.0000
19082,2,TAP,0.5913462,1.0000
19099,2,TAP,0.6000000,1.0000
19115,2,TAP,0.6081731,1.0000
19132,2,TAP,0.6168269,1.0000
19149,2,TAP,0.6245247,1.0000
19166,2,TAP,0.6331731,1.0000
19182,2,TAP,0.6418269,1.0000
19199,2,TAP,0.6504903,1.0000
19216,2,TAP,0.6591346,1.0000
19232,2,TAP,0.6677885,1.0000
19249,2,TAP,0.6769231,1.0000
19266,2,TAP,0.6860577,1.0000
19283,2,TAP,0.6947115,1.0000
19299,2,TAP,0.7038462,1.0000
19316,2,TAP,0.7129860,1.0000
19332,2,TAP,0.7221154,1.0000
19516,1,TAP,0.4774038,1.0000
19532,1,TAP,0.4850905,1.0000
19549,1,TAP,0.4922946,1.0000
19565,1,TAP,0.5000000,1.0000
19582,1,TAP,0.5077052,1.0000
19599,1,TAP,0.5153846,1.0000
19616,1,TAP,0.5230898,1.0000
19633,1,TAP,0.5307692,1.0000
19649,1,TAP,0.5384671,1.0000
19666,1,TAP,0.5461658,1.0000
19683,1,TAP,0.5548006,1.0000
19699,1,TAP,0.5624937,1.0000
19716,1,TAP,0.5701979,1.0000
19733,1,TAP,0.5783821,1.0000
19749,1,TAP,0.5870220,1.0000
19749,2,TAP,0.4812500,1.0000
19765,1,TAP,0.5947115,1.0000
19765,2,TAP,0.4884615,1.0000
19783,1,TAP,0.6028862,1.0000
19783,2,TAP,0.4957025,1.0000
19799,1,TAP,0.6115509,1.0000
19799,2,TAP,0.5033654,1.0000
19815,1,TAP,0.6201923,1.0000
19815,2,TAP,0.5110577,1.0000
19832,1,TAP,0.6283776,1.0000
19832,2,TAP,0.5187500,1.0000
19849,1,TAP,0.6370220,1.0000
19849,2,TAP,0.5264643,1.0000
19865,1,TAP,0.6456731,1.0000
19865,2,TAP,0.5346154,1.0000
19883,1,TAP,0.6543189,1.0000
19883,2,TAP,0.5423077,1.0000
19900,1,TAP,0.6629942,1.0000
19900,2,TAP,0.5500000,1.0000
19916,1,TAP,0.6716346,1.0000
19916,2,TAP,0.5576923,1.0000
19932,1,TAP,0.6802938,1.0000
19932,2,TAP,0.5663462,1.0000
19949,1,TAP,0.6899171,1.0000
19949,2,TAP,0.5740385,1.0000
19965,1,TAP,0.6985537,1.0000
19965,2,TAP,0.5822253,1.0000
19983,1,TAP,0.7072115,1.0000
19983,2,TAP,0.5908599,1.0000
20000,1,TAP,0.7168321,1.0000
20000,2,TAP,0.5985577,1.0000
20033,2,TAP,0.6153846,1.0000
20050,2,TAP,0.6240385,1.0000
20066,2,TAP,0.6322115,1.0000
20082,2,TAP,0.6408654,1.0000
20099,2,TAP,0.6495192,1.0000
20116,2,TAP,0.6581784,1.0000
20132,2,TAP,0.6668269,1.0000
20149,2,TAP,0.6754808,1.0000
20166,2,TAP,0.6846154,1.0000
20182,2,TAP,0.6937500,1.0000
20199,2,TAP,0.7024038,1.0000
20216,2,TAP,0.7115603,1.0000
20232,2,TAP,0.7211433,1.0000
20416,1,TAP,0.4764423,1.0000
20432,1,TAP,0.4836538,1.0000
20449,1,TAP,0.4913339,1.0000
20466,1,TAP,0.4990442,1.0000
20485,1,TAP,0.5067429,1.0000
20517,1,TAP,0.5221251,1.0000
20549,1,TAP,0.5375040,1.0000
20566,1,TAP,0.5452019,1.0000
20582,1,TAP,0.5528846,1.0000
20599,1,TAP,0.5615385,1.0000
20617,1,TAP,0.5692308,1.0000
20633,1,TAP,0.5774136,1.0000
20649,1,TAP,0.5855769,1.0000
20649,2,TAP,0.4798077,1.0000
20665,1,TAP,0.5937500,1.0000
20665,2,TAP,0.4875000,1.0000
20682,1,TAP,0.6023942,1.0000
20682,2,TAP,0.4951923,1.0000
20699,1,TAP,0.6101099,1.0000
20699,2,TAP,0.5028789,1.0000
20716,1,TAP,0.6187500,1.0000
20716,2,TAP,0.5105769,1.0000
20733,1,TAP,0.6274174,1.0000
20733,2,TAP,0.5177827,1.0000
20749,1,TAP,0.6360550,1.0000
20749,2,TAP,0.5259752,1.0000
20765,1,TAP,0.6442363,1.0000
20765,2,TAP,0.5336538,1.0000
20782,1,TAP,0.6528846,1.0000
20782,2,TAP,0.5413462,1.0000
20799,1,TAP,0.6620327,1.0000
20799,2,TAP,0.5490385,1.0000
20816,1,TAP,0.6706731,1.0000
20816,2,TAP,0.5567308,1.0000
20833,1,TAP,0.6793350,1.0000
20833,2,TAP,0.5653846,1.0000
20849,1,TAP,0.6879901,1.0000
20849,2,TAP,0.5730769,1.0000
20865,1,TAP,0.6975842,1.0000
20865,2,TAP,0.5812693,1.0000
20882,1,TAP,0.7062500,1.0000
20882,2,TAP,0.5894231,1.0000
20898,1,TAP,0.7153970,1.0000
20898,2,TAP,0.5976016,1.0000
20916,1,TAP,0.7245075,1.0000
20916,2,TAP,0.6062500,1.0000
20932,2,TAP,0.6139423,1.0000
20949,2,TAP,0.6225962,1.0000
20965,2,TAP,0.6312500,1.0000
20982,2,TAP,0.6399038,1.0000
20999,2,TAP,0.6485577,1.0000
21016,2,TAP,0.6572115,1.0000
21033,2,TAP,0.6658654,1.0000
21049,2,TAP,0.6745192,1.0000
21066,2,TAP,0.6831731,1.0000
21082,2,TAP,0.6923077,1.0000
21099,2,TAP,0.7014423,1.0000
21116,2,TAP,0.7101342,1.0000
21132,2,TAP,0.7197115,1.0000
21316,1,TAP,0.4754808,1.0000
21333,1,TAP,0.4826923,1.0000
21349,1,TAP,0.4903748,1.0000
21365,1,TAP,0.4980867,1.0000
21382,1,TAP,0.5057789,1.0000
21399,1,TAP,0.5134486,1.0000
21416,1,TAP,0.5211636,1.0000
21433,1,TAP,0.5288462,1.0000
21449,1,TAP,0.5365448,1.0000
21466,1,TAP,0.5442268,1.0000
21483,1,TAP,0.5524038,1.0000
21499,1,TAP,0.5600990,1.0000
21516,1,TAP,0.5682692,1.0000
21532,1,TAP,0.5759733,1.0000
21549,1,TAP,0.5846091,1.0000
21549,2,TAP,0.4788462,1.0000
21566,1,TAP,0.5927885,1.0000
21566,2,TAP,0.4865385,1.0000
21582,1,TAP,0.6009708,1.0000
21582,2,TAP,0.4942308,1.0000
21598,1,TAP,0.6091415,1.0000
21598,2,TAP,0.5009615,1.0000
21615,1,TAP,0.6177885,1.0000
21615,2,TAP,0.5086538,1.0000
21632,1,TAP,0.6259730,1.0000
21632,2,TAP,0.5163462,1.0000
21650,1,TAP,0.6346039,1.0000
21650,2,TAP,0.5240538,1.0000
21666,1,TAP,0.6432692,1.0000
21666,2,TAP,0.5322172,1.0000
21682,1,TAP,0.6519152,1.0000
21682,2,TAP,0.5399038,1.0000
21699,1,TAP,0.6601056,1.0000
21699,2,TAP,0.5480769,1.0000
21715,1,TAP,0.6697115,1.0000
21715,2,TAP,0.5557692,1.0000
21732,1,TAP,0.6783694,1.0000
21732,2,TAP,0.5639423,1.0000
21749,1,TAP,0.6870246,1.0000
21749,2,TAP,0.5721154,1.0000
21766,1,TAP,0.6956598,1.0000
21766,2,TAP,0.5798310,1.0000
21782,1,TAP,0.7052937,1.0000
21782,2,TAP,0.5884615,1.0000
21799,1,TAP,0.7139554,1.0000
21799,2,TAP,0.5966346,1.0000
21815,1,TAP,0.7230675,1.0000
21815,2,TAP,0.6048077,1.0000
21833,2,TAP,0.6129808,1.0000
21850,2,TAP,0.6216346,1.0000
21866,2,TAP,0.6298146,1.0000
21882,2,TAP,0.6389423,1.0000
21899,2,TAP,0.6475962,1.0000
21916,2,TAP,0.6558325,1.0000
21932,2,TAP,0.6649038,1.0000
21949,2,TAP,0.6735577,1.0000
21966,2,TAP,0.6822115,1.0000
21982,2,TAP,0.6908654,1.0000
21999,2,TAP,0.7004808,1.0000
21999,3,TAP,0.4783654,1.0000
22015,2,TAP,0.7091610,1.0000
22015,3,TAP,0.4855769,1.0000
22032,2,TAP,0.7182692,1.0000
22032,3,TAP,0.4932568,1.0000
22049,2,TAP,0.7278846,1.0000
22049,3,TAP,0.5009615,1.0000
22066,3,TAP,0.5086538,1.0000
22085,3,TAP,0.5163405,1.0000
22116,3,TAP,0.5317308,1.0000
22132,3,TAP,0.5394175,1.0000
22149,3,TAP,0.5471281,1.0000
22166,3,TAP,0.5552997,1.0000
22183,3,TAP,0.5634545,1.0000
22199,3,TAP,0.5716318,1.0000
22216,3,TAP,0.5793269,1.0000
22232,3,TAP,0.5875126,1.0000
22249,3,TAP,0.5961593,1.0000
22266,3,TAP,0.6043173,1.0000
22283,3,TAP,0.6125116,1.0000
22299,3,TAP,0.6206951,1.0000
22315,3,TAP,0.6293215,1.0000
22332,3,TAP,0.6379944,1.0000
22349,3,TAP,0.6466346,1.0000
22366,3,TAP,0.6552750,1.0000
22383,3,TAP,0.6639517,1.0000
22399,3,TAP,0.6725908,1.0000
22416,3,TAP,0.6817308,1.0000
22432,3,TAP,0.6903995,1.0000
22449,2,TAP,0.4778846,1.0000
22449,3,TAP,0.6995232,1.0000
22466,2,TAP,0.4855769,1.0000
22466,3,TAP,0.7086538,1.0000
22483,2,TAP,0.4927885,1.0000
22483,3,TAP,0.7177937,1.0000
22499,2,TAP,0.5004808,1.0000
22499,3,TAP,0.7269231,1.0000
22516,2,TAP,0.5081731,1.0000
22533,2,TAP,0.5158654,1.0000
22549,2,TAP,0.5235558,1.0000
22566,2,TAP,0.5312500,1.0000
22583,2,TAP,0.5394231,1.0000
22599,2,TAP,0.5471154,1.0000
22616,2,TAP,0.5548077,1.0000
22632,2,TAP,0.5629808,1.0000
22649,2,TAP,0.5706731,1.0000
22665,2,TAP,0.5793436,1.0000
22683,2,TAP,0.5870137,1.0000
22699,2,TAP,0.5951977,1.0000
22715,2,TAP,0.6038462,1.0000
22732,2,TAP,0.6120192,1.0000
22749,2,TAP,0.6206731,1.0000
22765,2,TAP,0.6293269,1.0000
22783,2,TAP,0.6370192,1.0000
22799,2,TAP,0.6456772,1.0000
22815,2,TAP,0.6547679,1.0000
22832,2,TAP,0.6634615,1.0000
22849,2,TAP,0.6716346,1.0000
22866,2,TAP,0.6812500,1.0000
22883,2,TAP,0.6899038,1.0000
22899,2,TAP,0.6985577,1.0000
22916,2,TAP,0.7081982,1.0000
22932,2,TAP,0.7173077,1.0000
23132,1,TAP,0.4807692,1.0000
23149,1,TAP,0.4884615,1.0000
23166,1,TAP,0.4957212,1.0000
23183,1,TAP,0.5033802,1.0000
23200,1,TAP,0.5110522,1.0000
23216,1,TAP,0.5187574,1.0000
23233,1,TAP,0.5264496,1.0000
23249,1,TAP,0.5346273,1.0000
23266,1,TAP,0.5422981,1.0000
23282,1,TAP,0.5500055,1.0000
23300,1,TAP,0.5577018,1.0000
23316,1,TAP,0.5663406,1.0000
23332,1,TAP,0.5740503,1.0000
23349,1,TAP,0.5821990,1.0000
23349,2,TAP,0.4769345,1.0000
23366,1,TAP,0.5903901,1.0000
23366,2,TAP,0.4841346,1.0000
23382,1,TAP,0.5981025,1.0000
23382,2,TAP,0.4918269,1.0000
23400,1,TAP,0.6067191,1.0000
23400,2,TAP,0.4995192,1.0000
23416,1,TAP,0.6153792,1.0000
23416,2,TAP,0.5067308,1.0000
23432,1,TAP,0.6240500,1.0000
23432,2,TAP,0.5144231,1.0000
23449,1,TAP,0.6325543,1.0000
23449,2,TAP,0.5221154,1.0000
23466,1,TAP,0.6408749,1.0000
23466,2,TAP,0.5298132,1.0000
23482,1,TAP,0.6495314,1.0000
23482,2,TAP,0.5379808,1.0000
23499,1,TAP,0.6581677,1.0000
23499,2,TAP,0.5461538,1.0000
23516,1,TAP,0.6668323,1.0000
23516,2,TAP,0.5538462,1.0000
23532,1,TAP,0.6754794,1.0000
23532,2,TAP,0.5615385,1.0000
23549,1,TAP,0.6846154,1.0000
23549,2,TAP,0.5701852,1.0000
23565,1,TAP,0.6937500,1.0000
23565,2,TAP,0.5778925,1.0000
23582,1,TAP,0.7024078,1.0000
23582,2,TAP,0.5860632,1.0000
23600,1,TAP,0.7115509,1.0000
23600,2,TAP,0.5942308,1.0000
23616,1,TAP,0.7211486,1.0000
23616,2,TAP,0.6024038,1.0000
23632,2,TAP,0.6106249,1.0000
23649,2,TAP,0.6192308,1.0000
23667,2,TAP,0.6274426,1.0000
23684,2,TAP,0.6360577,1.0000
23700,2,TAP,0.6447115,1.0000
23716,2,TAP,0.6533709,1.0000
23732,2,TAP,0.6620192,1.0000
23749,2,TAP,0.6711538,1.0000
23765,2,TAP,0.6798077,1.0000
23782,2,TAP,0.6889423,1.0000
23799,2,TAP,0.6975962,1.0000
23816,2,TAP,0.7067529,1.0000
23833,2,TAP,0.7158654,1.0000
23849,2,TAP,0.7250106,1.0000
24033,1,TAP,0.4798077,1.0000
24049,1,TAP,0.4875000,1.0000
24066,1,TAP,0.4951866,1.0000
24082,1,TAP,0.5028846,1.0000
24099,1,TAP,0.5101004,1.0000
24116,1,TAP,0.5177841,1.0000
24133,1,TAP,0.5254879,1.0000
24166,1,TAP,0.5413342,1.0000
24182,1,TAP,0.5490480,1.0000
24199,1,TAP,0.5567308,1.0000
24217,1,TAP,0.5648912,1.0000
24233,1,TAP,0.5730887,1.0000
24249,1,TAP,0.5812403,1.0000
24266,1,TAP,0.5894325,1.0000
24282,1,TAP,0.5976086,1.0000
24299,1,TAP,0.6062349,1.0000
24316,1,TAP,0.6138922,1.0000
24332,1,TAP,0.6225907,1.0000
24349,1,TAP,0.6312378,1.0000
24365,1,TAP,0.6399161,1.0000
24382,1,TAP,0.6485671,1.0000
24382,3,TAP,0.5360577,0.9000
24399,1,TAP,0.6572021,1.0000
24399,3,TAP,0.5442308,0.9000
24415,1,TAP,0.6658707,1.0000
24415,3,TAP,0.5519231,0.9000
24433,1,TAP,0.6745072,1.0000
24433,3,TAP,0.5600962,0.9000
24449,1,TAP,0.6831731,1.0000
24449,3,TAP,0.5682692,0.9000
24466,1,TAP,0.6923202,1.0000
24466,3,TAP,0.5764423,0.9000
24482,1,TAP,0.7014436,1.0000
24482,3,TAP,0.5846154,0.9000
24499,1,TAP,0.7101145,1.0000
24499,3,TAP,0.5927885,0.9000
24515,1,TAP,0.7197115,1.0000
24515,3,TAP,0.6009615,0.9000
24550,3,TAP,0.6177885,0.9000
24566,3,TAP,0.6269231,0.9000
24582,3,TAP,0.6355769,0.9000
24599,3,TAP,0.6442308,0.9000
24615,3,TAP,0.6528846,0.9000
24633,3,TAP,0.6615385,0.9000
24649,3,TAP,0.6706731,0.9000
24666,3,TAP,0.6793269,0.9000
24682,3,TAP,0.6884615,0.9000
24699,3,TAP,0.6975962,0.9000
24716,3,TAP,0.7067308,0.9000
24733,3,TAP,0.7163462,0.9000
24749,3,TAP,0.7254808,0.9000
25650,3,TAP,0.4783654,1.0000
25667,3,TAP,0.4865385,1.0000
25683,3,TAP,0.4951864,1.0000
25733,3,TAP,0.5196245,1.0000
25751,3,TAP,0.5278846,1.0000
25767,3,TAP,0.5365504,1.0000
25783,3,TAP,0.5451923,1.0000
25800,3,TAP,0.5538462,1.0000
25816,3,TAP,0.5624882,1.0000
25834,3,TAP,0.5716374,1.0000
25850,3,TAP,0.5798077,1.0000
25867,3,TAP,0.5894325,1.0000
25885,3,TAP,0.5985605,1.0000
25917,3,TAP,0.6163462,1.0000
25933,3,TAP,0.6254930,1.0000
25950,3,TAP,0.6350839,1.0000
25966,3,TAP,0.6442363,1.0000
25983,3,TAP,0.6533614,1.0000
26001,3,TAP,0.6633710,1.0000
26034,3,TAP,0.6822115,1.0000
26050,3,TAP,0.6918388,1.0000
26067,3,TAP,0.7019380,1.0000
26083,3,TAP,0.7120258,1.0000
26100,3,TAP,0.7216541,1.0000
26149,1,TAP,0.5028846,1.0000
26166,1,TAP,0.5105825,1.0000
26183,1,TAP,0.5192308,1.0000
26200,1,TAP,0.5278846,1.0000
26216,1,TAP,0.5360719,1.0000
26233,1,TAP,0.5447115,1.0000
26266,1,TAP,0.5623962,1.0000
26283,1,TAP,0.5706787,1.0000
26299,1,TAP,0.5798077,1.0000
26316,1,TAP,0.5884733,1.0000
26333,1,TAP,0.5976086,1.0000
26349,1,TAP,0.6067215,1.0000
26366,1,TAP,0.6158654,1.0000
26383,1,TAP,0.6250129,1.0000
26399,1,TAP,0.6341210,1.0000
26416,1,TAP,0.6437500,1.0000
26432,1,TAP,0.6528846,1.0000
26432,1,TAP,0.4754808,1.0000
26449,1,TAP,0.6629741,1.0000
26449,1,TAP,0.4836538,1.0000
26465,1,TAP,0.6716346,1.0000
26465,1,TAP,0.4918157,1.0000
26482,1,TAP,0.6822115,1.0000
26482,1,TAP,0.5000000,1.0000
26499,1,TAP,0.6913605,1.0000
26499,1,TAP,0.5081841,1.0000
26516,1,TAP,0.7014556,1.0000
26516,1,TAP,0.5163518,1.0000
26532,1,TAP,0.7110669,1.0000
26532,1,TAP,0.5250056,1.0000
26549,1,TAP,0.7211486,1.0000
26549,1,TAP,0.5336634,1.0000
26566,1,TAP,0.5422958,1.0000
26582,1,TAP,0.5509615,1.0000
26600,1,TAP,0.5591585,1.0000
26617,1,TAP,0.5682300,1.0000
26633,1,TAP,0.5769231,1.0000
26649,1,TAP,0.5865306,1.0000
26666,1,TAP,0.5947115,1.0000
26683,1,TAP,0.6038462,1.0000
26699,1,TAP,0.6129876,1.0000
26716,1,TAP,0.6221154,1.0000
26732,1,TAP,0.6312446,1.0000
26749,1,TAP,0.6408749,1.0000
26765,1,TAP,0.6504888,1.0000
26782,1,TAP,0.6596281,1.0000
26782,2,TAP,0.4808095,1.0000
26799,1,TAP,0.6687500,1.0000
26799,2,TAP,0.4894231,1.0000
26816,1,TAP,0.6788492,1.0000
26816,2,TAP,0.4971154,1.0000
26832,1,TAP,0.6889543,1.0000
26832,2,TAP,0.5057692,1.0000
26849,1,TAP,0.6980674,1.0000
26849,2,TAP,0.5144231,1.0000
26865,1,TAP,0.7081731,1.0000
26865,2,TAP,0.5221154,1.0000
26886,1,TAP,0.7178516,1.0000
26886,2,TAP,0.5307692,1.0000
26917,2,TAP,0.5480769,1.0000
26933,2,TAP,0.5567308,1.0000
26949,2,TAP,0.5653846,1.0000
26965,2,TAP,0.5740385,1.0000
26982,2,TAP,0.5831731,1.0000
27000,1,TAP,0.4764423,1.0000
27000,2,TAP,0.5923077,1.0000
27016,1,TAP,0.4846212,1.0000
27016,2,TAP,0.6009615,1.0000
27032,1,TAP,0.4932569,1.0000
27032,2,TAP,0.6100962,1.0000
27049,1,TAP,0.5009615,1.0000
27049,2,TAP,0.6192308,1.0000
27065,1,TAP,0.5096250,1.0000
27065,2,TAP,0.6283654,1.0000
27082,1,TAP,0.5182595,1.0000
27082,2,TAP,0.6379808,1.0000
27099,1,TAP,0.5264423,1.0000
27099,2,TAP,0.6475962,1.0000
27116,1,TAP,0.5346273,1.0000
27116,2,TAP,0.6562594,1.0000
27132,1,TAP,0.5432628,1.0000
27132,2,TAP,0.6668269,1.0000
27149,1,TAP,0.5519231,1.0000
27149,2,TAP,0.6754874,1.0000
27166,1,TAP,0.5605832,1.0000
27166,2,TAP,0.6860510,1.0000
27182,1,TAP,0.5692308,1.0000
27182,2,TAP,0.6951923,1.0000
27199,1,TAP,0.5783654,1.0000
27199,2,TAP,0.7052885,1.0000
27216,1,TAP,0.5875071,1.0000
27216,2,TAP,0.7149038,1.0000
27232,1,TAP,0.5961593,1.0000
27232,2,TAP,0.7250000,1.0000
27232,2,TAP,0.4802959,1.0000
27249,1,TAP,0.6052885,1.0000
27249,2,TAP,0.4884960,1.0000
27266,1,TAP,0.6144231,1.0000
27266,2,TAP,0.4971154,1.0000
27282,1,TAP,0.6235645,1.0000
27282,2,TAP,0.5048134,1.0000
27299,1,TAP,0.6331717,1.0000
27299,2,TAP,0.5134615,1.0000
27316,1,TAP,0.6423077,1.0000
27316,2,TAP,0.5221154,1.0000
27332,1,TAP,0.6514598,1.0000
27332,2,TAP,0.5303100,1.0000
27349,1,TAP,0.6610711,1.0000
27349,2,TAP,0.5384782,1.0000
27365,1,TAP,0.6706731,1.0000
27365,2,TAP,0.5476018,1.0000
27382,1,TAP,0.6802885,1.0000
27382,2,TAP,0.5562444,1.0000
27399,1,TAP,0.6903942,1.0000
27399,2,TAP,0.5644723,1.0000
27417,1,TAP,0.7000072,1.0000
27417,2,TAP,0.5740385,1.0000
27433,1,TAP,0.7096207,1.0000
27433,2,TAP,0.5822336,1.0000
27449,1,TAP,0.7197115,1.0000
27449,1,TAP,0.4755409,1.0000
27449,2,TAP,0.5913516,1.0000
27466,1,TAP,0.4841421,1.0000
27466,2,TAP,0.6004863,1.0000
27482,1,TAP,0.4922946,1.0000
27482,2,TAP,0.6096154,1.0000
27499,1,TAP,0.5009615,1.0000
27499,2,TAP,0.6187500,1.0000
27516,1,TAP,0.5086830,1.0000
27516,2,TAP,0.6283654,1.0000
27532,1,TAP,0.5172956,1.0000
27532,2,TAP,0.6370192,1.0000
27549,1,TAP,0.5259615,1.0000
27549,2,TAP,0.6466442,1.0000
27565,1,TAP,0.5346281,1.0000
27565,2,TAP,0.6562500,1.0000
27582,1,TAP,0.5432565,1.0000
27582,2,TAP,0.6658654,1.0000
27599,1,TAP,0.5514479,1.0000
27599,2,TAP,0.6751055,1.0000
27616,1,TAP,0.5600990,1.0000
27616,2,TAP,0.6850962,1.0000
27633,1,TAP,0.5692308,1.0000
27633,2,TAP,0.6947115,1.0000
27649,1,TAP,0.5778846,1.0000
27649,2,TAP,0.7048077,1.0000
27665,1,TAP,0.5870178,1.0000
27665,2,TAP,0.7144231,1.0000
27682,1,TAP,0.5956786,1.0000
27682,2,TAP,0.7245192,1.0000
27682,3,TAP,0.4798077,1.0000
27699,1,TAP,0.6048077,1.0000
27699,3,TAP,0.4879808,1.0000
27716,1,TAP,0.6139423,1.0000
27716,3,TAP,0.4961538,1.0000
27733,1,TAP,0.6230769,1.0000
27733,3,TAP,0.5048077,1.0000
27749,1,TAP,0.6322625,1.0000
27749,3,TAP,0.5124943,1.0000
27765,1,TAP,0.6418323,1.0000
27765,3,TAP,0.5211538,1.0000
27782,1,TAP,0.6514504,1.0000
27782,3,TAP,0.5298077,1.0000
27799,1,TAP,0.6601056,1.0000
27799,3,TAP,0.5384671,1.0000
27816,1,TAP,0.6706465,1.0000
27816,3,TAP,0.5471281,1.0000
27833,1,TAP,0.6793309,1.0000
27833,3,TAP,0.5557692,1.0000
27849,1,TAP,0.6899171,1.0000
27849,3,TAP,0.5644113,1.0000
27865,1,TAP,0.6995232,1.0000
27865,3,TAP,0.5730864,1.0000
27882,1,TAP,0.7092209,1.0000
27882,3,TAP,0.5822018,1.0000
27898,1,TAP,0.7192308,1.0000
27898,3,TAP,0.5908654,1.0000
27915,2,TAP,0.4836538,1.0000
27915,3,TAP,0.6000116,1.0000
27932,2,TAP,0.4918269,1.0000
27932,3,TAP,0.6091402,1.0000
27949,2,TAP,0.5000000,1.0000
27949,3,TAP,0.6177981,1.0000
27966,2,TAP,0.5086538,1.0000
27966,3,TAP,0.6274106,1.0000
27983,2,TAP,0.5169460,1.0000
27983,3,TAP,0.6370151,1.0000
27999,2,TAP,0.5250217,1.0000
27999,3,TAP,0.6456731,1.0000
28016,2,TAP,0.5336650,1.0000
28016,3,TAP,0.6552750,1.0000
28033,2,TAP,0.5423077,1.0000
28033,3,TAP,0.6649092,1.0000
28049,2,TAP,0.5509615,1.0000
28049,3,TAP,0.6745099,1.0000
28065,2,TAP,0.5596209,1.0000
28065,3,TAP,0.6841346,1.0000
28082,2,TAP,0.5682692,1.0000
28082,3,TAP,0.6945923,1.0000
28099,2,TAP,0.5769231,1.0000
28099,3,TAP,0.7038587,1.0000
28115,2,TAP,0.5863932,1.0000
28115,3,TAP,0.7134763,1.0000
28133,2,TAP,0.5951977,1.0000
28133,3,TAP,0.7240243,1.0000
28149,2,TAP,0.6043269,1.0000
28166,2,TAP,0.6129808,1.0000
28182,2,TAP,0.6221154,1.0000
28199,2,TAP,0.6317238,1.0000
28216,2,TAP,0.6408654,1.0000
28232,2,TAP,0.6504754,1.0000
28250,2,TAP,0.6597209,1.0000
28266,2,TAP,0.6697115,1.0000
28282,2,TAP,0.6788462,1.0000
28299,2,TAP,0.6889423,1.0000
28316,2,TAP,0.6985577,1.0000
28332,2,TAP,0.7086776,1.0000
28350,2,TAP,0.7182692,1.0000
28366,2,TAP,0.7288462,1.0000
28366,2,TAP,0.4831731,1.0000
28383,2,TAP,0.4909382,1.0000
28399,2,TAP,0.4995192,1.0000
28416,2,TAP,0.5076923,1.0000
28433,2,TAP,0.5163462,1.0000
28450,2,TAP,0.5250194,1.0000
28467,2,TAP,0.5331561,1.0000
28484,2,TAP,0.5413674,1.0000
28516,2,TAP,0.5591346,1.0000
28532,2,TAP,0.5677885,1.0000
28550,2,TAP,0.5769231,1.0000
28566,2,TAP,0.5855823,1.0000
28582,1,TAP,0.4788462,1.0000
28582,2,TAP,0.5946767,1.0000
28599,1,TAP,0.4870248,1.0000
28599,2,TAP,0.6033654,1.0000
28616,1,TAP,0.4951988,1.0000
28616,2,TAP,0.6129808,1.0000
28632,1,TAP,0.5033654,1.0000
28632,2,TAP,0.6216346,1.0000
28650,1,TAP,0.5119991,1.0000
28650,2,TAP,0.6312500,1.0000
28666,1,TAP,0.5201923,1.0000
28666,2,TAP,0.6403846,1.0000
28682,1,TAP,0.5288462,1.0000
28682,2,TAP,0.6495260,1.0000
28699,1,TAP,0.5372063,1.0000
28699,2,TAP,0.6591346,1.0000
28715,1,TAP,0.5457039,1.0000
28715,2,TAP,0.6687500,1.0000
28732,1,TAP,0.5548006,1.0000
28732,2,TAP,0.6787406,1.0000
28749,1,TAP,0.5629724,1.0000
28749,2,TAP,0.6879808,1.0000
28766,1,TAP,0.5721154,1.0000
28766,2,TAP,0.6980769,1.0000
28782,1,TAP,0.5807638,1.0000
28782,2,TAP,0.7077191,1.0000
28799,1,TAP,0.5899136,1.0000
28799,2,TAP,0.7177885,1.0000
28815,1,TAP,0.5981094,1.0000
28815,2,TAP,0.7278846,1.0000
28815,2,TAP,0.4826923,1.0000
28833,1,TAP,0.6076853,1.0000
28833,2,TAP,0.4908654,1.0000
28849,1,TAP,0.6168324,1.0000
28849,2,TAP,0.4990385,1.0000
28867,1,TAP,0.6259730,1.0000
28867,2,TAP,0.5072115,1.0000
28899,1,TAP,0.6447115,1.0000
28899,2,TAP,0.5244520,1.0000
28916,1,TAP,0.6543135,1.0000
28916,2,TAP,0.5326923,1.0000
28932,1,TAP,0.6639463,1.0000
28932,2,TAP,0.5413462,1.0000
28948,1,TAP,0.6735537,1.0000
28948,2,TAP,0.5500000,1.0000
28966,1,TAP,0.6831731,1.0000
28966,2,TAP,0.5586538,1.0000
28982,1,TAP,0.6927977,1.0000
28982,2,TAP,0.5673077,1.0000
28998,1,TAP,0.7024171,1.0000
28998,2,TAP,0.5759615,1.0000
29015,1,TAP,0.7125142,1.0000
29015,2,TAP,0.5846262,1.0000
29032,1,TAP,0.7225844,1.0000
29032,2,TAP,0.5937610,1.0000
29049,2,TAP,0.6028846,1.0000
29066,2,TAP,0.6120192,1.0000
29083,2,TAP,0.6211761,1.0000
29099,2,TAP,0.6302885,1.0000
29115,2,TAP,0.6399038,1.0000
29132,2,TAP,0.6490385,1.0000
29149,2,TAP,0.6591346,1.0000
29166,2,TAP,0.6677885,1.0000
29183,2,TAP,0.6783587,1.0000
29199,2,TAP,0.6875000,1.0000
29215,2,TAP,0.6975962,1.0000
29232,2,TAP,0.7072328,1.0000
29249,2,TAP,0.7173024,1.0000
29266,2,TAP,0.7274038,1.0000
29266,3,TAP,0.4817366,1.0000
29282,3,TAP,0.4903788,1.0000
29300,3,TAP,0.4990327,1.0000
29316,3,TAP,0.5064338,1.0000
29332,3,TAP,0.5153781,1.0000
29349,3,TAP,0.5235503,1.0000
29366,3,TAP,0.5317308,1.0000
29383,3,TAP,0.5403791,1.0000
29399,3,TAP,0.5490504,1.0000
29416,3,TAP,0.5576923,1.0000
29433,3,TAP,0.5668213,1.0000
29449,3,TAP,0.5754877,1.0000
29465,3,TAP,0.5846083,1.0000
29483,3,TAP,0.5932692,1.0000
29499,3,TAP,0.6024038,1.0000
29515,3,TAP,0.6115501,1.0000
29532,3,TAP,0.6206731,1.0000
29549,3,TAP,0.6298130,1.0000
29565,2,LEFT,0.4802885,0.9701
29565,3,TAP,0.6389559,1.0000
29582,2,LEFT,0.4884615,0.9700
29582,3,TAP,0.6485671,1.0000
29599,2,LEFT,0.4966346,0.9652
29599,3,TAP,0.6581690,1.0000
29616,2,LEFT,0.5052885,0.9626
29616,3,TAP,0.6677885,1.0000
29632,2,LEFT,0.5134615,0.9676
29632,3,TAP,0.6774038,1.0000
29649,2,LEFT,0.5221154,0.9676
29649,3,TAP,0.6870246,1.0000
29666,2,LEFT,0.5307692,0.9726
29666,3,TAP,0.6966346,1.0000
29683,2,LEFT,0.5394231,0.9773
29683,3,TAP,0.7062632,1.0000
29699,2,LEFT,0.5480769,0.9574
29699,3,TAP,0.7168321,1.0000
29733,2,LEFT,0.5658654,0.9622
29749,2,LEFT,0.5745192,0.9624
29767,2,LEFT,0.5836538,0.9676
29783,2,LEFT,0.5927885,0.9674
29800,2,LEFT,0.6014423,0.9645
29816,2,LEFT,0.6110577,0.9673
29832,2,LEFT,0.6201923,0.9646
29849,2,LEFT,0.6293269,0.9674
29865,2,LEFT,0.6389423,0.9698
29883,2,LEFT,0.6485577,0.9695
29899,2,LEFT,0.6581731,0.9457
29915,2,LEFT,0.6677885,0.9673
29932,2,LEFT,0.6774038,0.9671
29948,2,LEFT,0.6875000,0.9669
29965,2,LEFT,0.6971154,0.9541
29982,2,LEFT,0.7072115,0.9645
29999,2,LEFT,0.7173077,0.9648
30016,2,LEFT,0.7274038,0.9622
30382,2,TAP,0.4764683,1.0000
30399,2,TAP,0.4850594,1.0000
30417,2,TAP,0.4932692,1.0000
30433,2,TAP,0.5009615,1.0000
30449,2,TAP,0.5096154,1.0000
30466,2,TAP,0.5182692,1.0000
30483,2,TAP,0.5259864,1.0000
30499,2,TAP,0.5346154,1.0000
30516,2,TAP,0.5432692,1.0000
30533,2,TAP,0.5519231,1.0000
30549,2,TAP,0.5605769,1.0000
30565,2,TAP,0.5692308,1.0000
30582,2,TAP,0.5783766,1.0000
30599,2,TAP,0.5875000,1.0000
30617,1,TAP,0.4802885,1.0000
30617,2,TAP,0.5961538,1.0000
30633,1,TAP,0.4884615,1.0000
30633,2,TAP,0.6052995,1.0000
30649,1,TAP,0.4971276,1.0000
30649,2,TAP,0.6144231,1.0000
30665,1,TAP,0.5048134,1.0000
30665,2,TAP,0.6235577,1.0000
30682,1,TAP,0.5134599,1.0000
30682,2,TAP,0.6331731,1.0000
30699,1,TAP,0.5221194,1.0000
30699,2,TAP,0.6423077,1.0000
30716,1,TAP,0.5302885,1.0000
30716,2,TAP,0.6514410,1.0000
30733,1,TAP,0.5389351,1.0000
30733,2,TAP,0.6610577,1.0000
30749,1,TAP,0.5471281,1.0000
30749,2,TAP,0.6706731,1.0000
30765,1,TAP,0.5562444,1.0000
30765,2,TAP,0.6802885,1.0000
30782,1,TAP,0.5644309,1.0000
30782,2,TAP,0.6903846,1.0000
30798,1,TAP,0.5740337,1.0000
30798,2,TAP,0.7000000,1.0000
30816,1,TAP,0.5821990,1.0000
30816,2,TAP,0.7096444,1.0000
30833,1,TAP,0.5913462,1.0000
30833,2,TAP,0.7197115,1.0000
30833,2,TAP,0.4759812,1.0000
30850,1,TAP,0.6004931,1.0000
30850,2,TAP,0.4841346,1.0000
30866,1,TAP,0.6091401,1.0000
30866,2,TAP,0.4923077,1.0000
30883,1,TAP,0.6187500,1.0000
30883,2,TAP,0.5009615,1.0000
30899,1,TAP,0.6278884,1.0000
30899,2,TAP,0.5086538,1.0000
30916,1,TAP,0.6370274,1.0000
30916,2,TAP,0.5173077,1.0000
30933,1,TAP,0.6466292,1.0000
30933,2,TAP,0.5259864,1.0000
30949,1,TAP,0.6562379,1.0000
30949,2,TAP,0.5341633,1.0000
30965,1,TAP,0.6658707,1.0000
30965,2,TAP,0.5432692,1.0000
30982,1,TAP,0.6749964,1.0000
30982,2,TAP,0.5514479,1.0000
30999,1,TAP,0.6850962,1.0000
30999,2,TAP,0.5600962,1.0000
31016,1,TAP,0.6947115,1.0000
31016,2,TAP,0.5692308,1.0000
31033,1,TAP,0.7043362,1.0000
31033,2,TAP,0.5779081,1.0000
31049,1,TAP,0.7144378,1.0000
31049,2,TAP,0.5866188,1.0000
31066,1,TAP,0.7245061,1.0000
31066,1,TAP,0.4798077,1.0000
31066,2,TAP,0.5956786,1.0000
31083,1,TAP,0.4879808,1.0000
31083,2,TAP,0.6048077,1.0000
31099,1,TAP,0.4961661,1.0000
31099,2,TAP,0.6139423,1.0000
31115,1,TAP,0.5048077,1.0000
31115,2,TAP,0.6230769,1.0000
31133,1,TAP,0.5125056,1.0000
31133,2,TAP,0.6325974,1.0000
31150,1,TAP,0.5211636,1.0000
31150,2,TAP,0.6418378,1.0000
31166,1,TAP,0.5298077,1.0000
31166,2,TAP,0.6514598,1.0000
31182,1,TAP,0.5384671,1.0000
31182,2,TAP,0.6600962,1.0000
31199,1,TAP,0.5471281,1.0000
31199,2,TAP,0.6697115,1.0000
31216,1,TAP,0.5553054,1.0000
31216,2,TAP,0.6793269,1.0000
31233,1,TAP,0.5644168,1.0000
31233,2,TAP,0.6898972,1.0000
31249,1,TAP,0.5730824,1.0000
31249,2,TAP,0.6990385,1.0000
31266,1,TAP,0.5817253,1.0000
31266,2,TAP,0.7091610,1.0000
31282,1,TAP,0.5908709,1.0000
31282,2,TAP,0.7192202,1.0000
31282,3,TAP,0.4759615,1.0000
31298,1,TAP,0.6000116,1.0000
31298,2,TAP,0.7288567,1.0000
31298,3,TAP,0.4836538,1.0000
31315,1,TAP,0.6091470,1.0000
31315,3,TAP,0.4918156,1.0000
31333,1,TAP,0.6177885,1.0000
31333,3,TAP,0.5000000,1.0000
31349,1,TAP,0.6274106,1.0000
31349,3,TAP,0.5086538,1.0000
31366,1,TAP,0.6365360,1.0000
31366,3,TAP,0.5163518,1.0000
31382,1,TAP,0.6456731,1.0000
31382,3,TAP,0.5250096,1.0000
31399,1,TAP,0.6552750,1.0000
31399,3,TAP,0.5336595,1.0000
31416,1,TAP,0.6649132,1.0000
31416,3,TAP,0.5422950,1.0000
31432,1,TAP,0.6745072,1.0000
31432,3,TAP,0.5509615,1.0000
31449,1,TAP,0.6841346,1.0000
31449,3,TAP,0.5596225,1.0000
31466,1,TAP,0.6945909,1.0000
31466,3,TAP,0.5679808,1.0000
31482,1,TAP,0.7038551,1.0000
31482,3,TAP,0.5769231,1.0000
31499,1,TAP,0.7134763,1.0000
31499,3,TAP,0.5860633,1.0000
31516,1,TAP,0.7240237,1.0000
31516,2,TAP,0.4793269,1.0000
31516,3,TAP,0.5951923,1.0000
31532,2,TAP,0.4875057,1.0000
31532,3,TAP,0.6038408,1.0000
31549,2,TAP,0.4956731,1.0000
31549,3,TAP,0.6129904,1.0000
31566,2,TAP,0.5038462,1.0000
31566,3,TAP,0.6221154,1.0000
31582,2,TAP,0.5125000,1.0000
31582,3,TAP,0.6317216,1.0000
31599,2,TAP,0.5206789,1.0000
31599,3,TAP,0.6408749,1.0000
31616,2,TAP,0.5288613,1.0000
31616,3,TAP,0.6504888,1.0000
31632,2,TAP,0.5371095,1.0000
31632,3,TAP,0.6597243,1.0000
31650,2,TAP,0.5461538,1.0000
31650,3,TAP,0.6697115,1.0000
31666,2,TAP,0.5552036,1.0000
31666,3,TAP,0.6788516,1.0000
31684,2,TAP,0.5634615,1.0000
31684,3,TAP,0.6889543,1.0000
31715,2,TAP,0.5817347,1.0000
31715,3,TAP,0.7086538,1.0000
31732,2,TAP,0.5899260,1.0000
31732,3,TAP,0.7182639,1.0000
31749,2,TAP,0.5990477,1.0000
31749,3,TAP,0.7288562,1.0000
31766,2,TAP,0.6081786,1.0000
31782,2,TAP,0.6177830,1.0000
31799,2,TAP,0.6264423,1.0000
31816,2,TAP,0.6360577,1.0000
31833,2,TAP,0.6452015,1.0000
31850,2,TAP,0.6552952,1.0000
31866,2,TAP,0.6639423,1.0000
31882,2,TAP,0.6735577,1.0000
31899,2,TAP,0.6831731,1.0000
31915,2,TAP,0.6937500,1.0000
31932,2,TAP,0.7033654,1.0000
31949,2,TAP,0.7129860,1.0000
31966,2,TAP,0.7230769,1.0000
31966,2,TAP,0.4788462,1.0000
31982,2,TAP,0.4870192,1.0000
31999,2,TAP,0.4951923,1.0000
32015,2,TAP,0.5033654,1.0000
32032,2,TAP,0.5115385,1.0000
32049,2,TAP,0.5201923,1.0000
32066,2,TAP,0.5288613,1.0000
32082,2,TAP,0.5366290,1.0000
32099,2,TAP,0.5452748,1.0000
32115,2,TAP,0.5543326,1.0000
32132,2,TAP,0.5629864,1.0000
32149,2,TAP,0.5716346,1.0000
32165,2,TAP,0.5807910,1.0000
32182,1,TAP,0.4740285,1.0000
32182,2,TAP,0.5894417,1.0000
32199,1,TAP,0.4826923,1.0000
32199,2,TAP,0.5985522,1.0000
32215,1,TAP,0.4903805,1.0000
32215,2,TAP,0.6076923,1.0000
32232,1,TAP,0.4990442,1.0000
32232,2,TAP,0.6172061,1.0000
32249,1,TAP,0.5072152,1.0000
32249,2,TAP,0.6259615,1.0000
32268,1,TAP,0.5153806,1.0000
32268,2,TAP,0.6351016,1.0000
32300,1,TAP,0.5326923,1.0000
32300,2,TAP,0.6543269,1.0000
32332,1,TAP,0.5499984,1.0000
32332,2,TAP,0.6735577,1.0000
32349,1,TAP,0.5586538,1.0000
32349,2,TAP,0.6826923,1.0000
32366,1,TAP,0.5668326,1.0000
32366,2,TAP,0.6927885,1.0000
32383,1,TAP,0.5759615,1.0000
32383,2,TAP,0.7024092,1.0000
32399,1,TAP,0.5846083,1.0000
32399,2,TAP,0.7125053,1.0000
32415,1,TAP,0.5937556,1.0000
32415,2,TAP,0.7221207,1.0000
32415,2,TAP,0.4779366,1.0000
32433,1,TAP,0.6028846,1.0000
32433,2,TAP,0.4865328,1.0000
32450,1,TAP,0.6120330,1.0000
32450,2,TAP,0.4942308,1.0000
32466,1,TAP,0.6206882,1.0000
32466,2,TAP,0.5028846,1.0000
32483,1,TAP,0.6302830,1.0000
32483,2,TAP,0.5115156,1.0000
32499,1,TAP,0.6399161,1.0000
32499,2,TAP,0.5192308,1.0000
32515,1,TAP,0.6490202,1.0000
32515,2,TAP,0.5279037,1.0000
32532,1,TAP,0.6581894,1.0000
32532,2,TAP,0.5365385,1.0000
32549,1,TAP,0.6677885,1.0000
32549,2,TAP,0.5451923,1.0000
32566,1,TAP,0.6774038,1.0000
32566,2,TAP,0.5538462,1.0000
32583,1,TAP,0.6874880,1.0000
32583,2,TAP,0.5625000,1.0000
32599,1,TAP,0.6971100,1.0000
32599,2,TAP,0.5711538,1.0000
32615,1,TAP,0.7072115,1.0000
32615,2,TAP,0.5802829,1.0000
32632,1,TAP,0.7173065,1.0000
32632,2,TAP,0.5889423,1.0000
32648,1,TAP,0.7269290,1.0000
32648,2,TAP,0.5976071,1.0000
32666,2,TAP,0.6072005,1.0000
32683,2,TAP,0.6159153,1.0000
32699,2,TAP,0.6254808,1.0000
32716,2,TAP,0.6346154,1.0000
32732,2,TAP,0.6437541,1.0000
32749,1,TAP,0.4759615,1.0000
32749,2,TAP,0.6533654,1.0000
32765,1,TAP,0.4841346,1.0000
32765,2,TAP,0.6629808,1.0000
32783,1,TAP,0.4918157,1.0000
32783,2,TAP,0.6725962,1.0000
32800,1,TAP,0.5000057,1.0000
32800,2,TAP,0.6822115,1.0000
32833,1,TAP,0.5172948,1.0000
32833,2,TAP,0.7019195,1.0000
32849,1,TAP,0.5254808,1.0000
32849,2,TAP,0.7120179,1.0000
32865,1,TAP,0.5336634,1.0000
32865,2,TAP,0.7216398,1.0000
32882,1,TAP,0.5422950,1.0000
32882,2,TAP,0.7317308,1.0000
32899,1,TAP,0.5509615,1.0000
32916,1,TAP,0.5596272,1.0000
32932,1,TAP,0.5682975,1.0000
32949,1,TAP,0.5774038,1.0000
32966,1,TAP,0.5860591,1.0000
32983,1,TAP,0.5951978,1.0000
32999,1,TAP,0.6043269,1.0000
33015,1,TAP,0.6129931,1.0000
33032,1,TAP,0.6225962,1.0000
33049,1,TAP,0.6321993,1.0000
33066,1,TAP,0.6408749,1.0000
33083,1,TAP,0.6504888,1.0000
33099,1,TAP,0.6601056,1.0000
33099,2,RIGHT,0.4802885,0.9701
33115,1,TAP,0.6697062,1.0000
33115,2,RIGHT,0.4884615,0.9600
33132,1,TAP,0.6793269,1.0000
33132,2,RIGHT,0.4966346,0.9600
33148,1,TAP,0.6889556,1.0000
33148,2,RIGHT,0.5048077,0.9628
33165,1,TAP,0.6990283,1.0000
33165,2,RIGHT,0.5134615,0.9624
33182,1,TAP,0.7086538,1.0000
33182,2,RIGHT,0.5221154,0.9674
33199,1,TAP,0.7187500,1.0000
33199,2,RIGHT,0.5302885,0.9676
33216,2,RIGHT,0.5389423,0.9650
33233,2,RIGHT,0.5480769,0.9548
33250,2,RIGHT,0.5567308,0.9574
33266,2,RIGHT,0.5653846,0.9624
33284,2,RIGHT,0.5745192,0.9648
33300,2,RIGHT,0.5831731,0.9600
33316,2,RIGHT,0.5923077,0.9671
33332,2,RIGHT,0.6014423,0.9600
33349,2,RIGHT,0.6105769,0.9596
33365,2,RIGHT,0.6201923,0.9622
33382,2,RIGHT,0.6293269,0.9648
33399,2,RIGHT,0.6389423,0.9673
33416,2,RIGHT,0.6480769,0.9669
33432,2,RIGHT,0.6581731,0.9645
33449,2,RIGHT,0.6673077,0.9545
33466,2,RIGHT,0.6774038,0.9671
33482,2,RIGHT,0.6870192,0.9673
33500,2,RIGHT,0.6971154,0.9746
33516,2,RIGHT,0.7072115,0.9671
33532,2,RIGHT,0.7173077,0.9622
33999,1,TAP,0.4802885,1.0000
34017,1,TAP,0.4884615,1.0000
34034,1,TAP,0.4966458,1.0000
34066,1,TAP,0.5134672,1.0000
34082,1,TAP,0.5221275,1.0000
34099,1,TAP,0.5302885,1.0000
34117,1,TAP,0.5384671,1.0000
34133,1,TAP,0.5471281,1.0000
34149,1,TAP,0.5562444,1.0000
34165,1,TAP,0.5648954,1.0000
34182,1,TAP,0.5735829,1.0000
34199,1,TAP,0.5822157,1.0000
34217,1,TAP,0.5913462,1.0000
34217,2,TAP,0.4755687,1.0000
34233,1,TAP,0.6004931,1.0000
34233,2,TAP,0.4841346,1.0000
34249,1,TAP,0.6091456,1.0000
34249,2,TAP,0.4923077,1.0000
34266,1,TAP,0.6187500,1.0000
34266,2,TAP,0.5004808,1.0000
34282,1,TAP,0.6278907,1.0000
34282,2,TAP,0.5088398,1.0000
34299,1,TAP,0.6370220,1.0000
34299,2,TAP,0.5173077,1.0000
34316,1,TAP,0.6466346,1.0000
34316,2,TAP,0.5259711,1.0000
34333,1,TAP,0.6562379,1.0000
34333,2,TAP,0.5341346,1.0000
34349,1,TAP,0.6658707,1.0000
34349,2,TAP,0.5428282,1.0000
34366,1,TAP,0.6750000,1.0000
34366,2,TAP,0.5514423,1.0000
34382,1,TAP,0.6850895,1.0000
34382,2,TAP,0.5600962,1.0000
34399,1,TAP,0.6947115,1.0000
34399,2,TAP,0.5692308,1.0000
34416,1,TAP,0.7043362,1.0000
34416,2,TAP,0.5778980,1.0000
34433,1,TAP,0.7144319,1.0000
34433,2,TAP,0.5865385,1.0000
34451,1,TAP,0.7245075,1.0000
34451,2,TAP,0.5956731,1.0000
34483,2,TAP,0.6139423,1.0000
34499,2,TAP,0.6230769,1.0000
34516,2,TAP,0.6322115,1.0000
34533,2,TAP,0.6417229,1.0000
34549,2,TAP,0.6509870,1.0000
34566,2,TAP,0.6600962,1.0000
34582,2,TAP,0.6697115,1.0000
34599,2,TAP,0.6793269,1.0000
34616,2,TAP,0.6894231,1.0000
34633,2,TAP,0.6990391,1.0000
34649,2,TAP,0.7091596,1.0000
34665,2,TAP,0.7187500,1.0000
34682,2,TAP,0.7288514,1.0000
34682,2,TAP,0.4836538,1.0000
34699,2,TAP,0.4918269,1.0000
34716,2,TAP,0.5000000,1.0000
34733,2,TAP,0.5086538,1.0000
34749,2,TAP,0.5163518,1.0000
34765,2,TAP,0.5250217,1.0000
34782,2,TAP,0.5336594,1.0000
34798,2,TAP,0.5423077,1.0000
34815,2,TAP,0.5509615,1.0000
34833,2,TAP,0.5596154,1.0000
34849,2,TAP,0.5682692,1.0000
34865,2,TAP,0.5769365,1.0000
34884,2,TAP,0.5861595,1.0000
34916,2,TAP,0.6038462,1.0000
34916,3,TAP,0.4875000,1.0000
34932,2,TAP,0.6129753,1.0000
34932,3,TAP,0.4956731,1.0000
34949,2,TAP,0.6221223,1.0000
34949,3,TAP,0.5038462,1.0000
34966,2,TAP,0.6312500,1.0000
34966,3,TAP,0.5124943,1.0000
34998,2,TAP,0.6504808,1.0000
34998,3,TAP,0.5288462,1.0000
35016,2,TAP,0.6596262,1.0000
35016,3,TAP,0.5375055,1.0000
35032,2,TAP,0.6697049,1.0000
35032,3,TAP,0.5461658,1.0000
35050,2,TAP,0.6788462,1.0000
35050,3,TAP,0.5548077,1.0000
35066,2,TAP,0.6889356,1.0000
35066,3,TAP,0.5634545,1.0000
35082,2,TAP,0.6985577,1.0000
35082,3,TAP,0.5721272,1.0000
35099,2,TAP,0.7081981,1.0000
35099,3,TAP,0.5812444,1.0000
35115,2,TAP,0.7182692,1.0000
35115,3,TAP,0.5899094,1.0000
35132,2,TAP,0.7283654,1.0000
35132,2,TAP,0.4831731,1.0000
35132,3,TAP,0.5990509,1.0000
35149,2,TAP,0.4913462,1.0000
35149,3,TAP,0.6081690,1.0000
35166,2,TAP,0.4995192,1.0000
35166,3,TAP,0.6177885,1.0000
35182,2,TAP,0.5076923,1.0000
35182,3,TAP,0.6264559,1.0000
35199,2,TAP,0.5163462,1.0000
35199,3,TAP,0.6360522,1.0000
35215,2,TAP,0.5245479,1.0000
35215,3,TAP,0.6456731,1.0000
35232,2,TAP,0.5331731,1.0000
35232,3,TAP,0.6544881,1.0000
35250,2,TAP,0.5413462,1.0000
35250,3,TAP,0.6639517,1.0000
35282,2,TAP,0.5586538,1.0000
35282,3,TAP,0.6831731,1.0000
35299,2,TAP,0.5677885,1.0000
35299,3,TAP,0.6932788,1.0000
35315,2,TAP,0.5764423,1.0000
35315,3,TAP,0.7028936,1.0000
35332,2,TAP,0.5855700,1.0000
35332,3,TAP,0.7129939,1.0000
35350,1,TAP,0.4788420,1.0000
35350,2,TAP,0.5947005,1.0000
35350,3,TAP,0.7230622,1.0000
35382,1,TAP,0.4951915,1.0000
35382,2,TAP,0.6125000,1.0000
35399,1,TAP,0.5033580,1.0000
35399,2,TAP,0.6216346,1.0000
35416,1,TAP,0.5115441,1.0000
35416,2,TAP,0.6307762,1.0000
35432,1,TAP,0.5201802,1.0000
35432,2,TAP,0.6399038,1.0000
35449,1,TAP,0.5283883,1.0000
35449,2,TAP,0.6495246,1.0000
35466,1,TAP,0.5370206,1.0000
35466,2,TAP,0.6591346,1.0000
35482,1,TAP,0.5456646,1.0000
35482,2,TAP,0.6687500,1.0000
35499,1,TAP,0.5538462,1.0000
35499,2,TAP,0.6783654,1.0000
35515,1,TAP,0.5629724,1.0000
35515,2,TAP,0.6879808,1.0000
35532,1,TAP,0.5716416,1.0000
35532,2,TAP,0.6980769,1.0000
35548,1,TAP,0.5807638,1.0000
35548,2,TAP,0.7077197,1.0000
35566,1,TAP,0.5894325,1.0000
35566,2,TAP,0.7173183,1.0000
35582,1,TAP,0.5985660,1.0000
35582,2,TAP,0.7278846,1.0000
35582,2,TAP,0.4826980,1.0000
35599,1,TAP,0.6076807,1.0000
35599,2,TAP,0.4903846,1.0000
35616,1,TAP,0.6171967,1.0000
35616,2,TAP,0.4990385,1.0000
35632,1,TAP,0.6259707,1.0000
35632,2,TAP,0.5072115,1.0000
35649,1,TAP,0.6350839,1.0000
35649,2,TAP,0.5153846,1.0000
35666,1,TAP,0.6446952,1.0000
35666,2,TAP,0.5240538,1.0000
35682,1,TAP,0.6543149,1.0000
35682,2,TAP,0.5326923,1.0000
35698,1,TAP,0.6634688,1.0000
35698,2,TAP,0.5413462,1.0000
35715,1,TAP,0.6735470,1.0000
35715,2,TAP,0.5500000,1.0000
35732,1,TAP,0.6826977,1.0000
35732,2,TAP,0.5582128,1.0000
35748,1,TAP,0.6927977,1.0000
35748,2,TAP,0.5668326,1.0000
35766,1,TAP,0.7024171,1.0000
35766,2,TAP,0.5759615,1.0000
35782,1,TAP,0.7125124,1.0000
35782,2,TAP,0.5846208,1.0000
35799,1,TAP,0.7221207,1.0000
35799,2,TAP,0.5937610,1.0000
35816,2,TAP,0.6028846,1.0000
35832,2,TAP,0.6120192,1.0000
35850,2,TAP,0.6206731,1.0000
35866,2,TAP,0.6302885,1.0000
35883,2,TAP,0.6399052,1.0000
35916,2,TAP,0.6581731,1.0000
35932,2,TAP,0.6677885,1.0000
35949,2,TAP,0.6774038,1.0000
35966,2,TAP,0.6870192,1.0000
35983,2,TAP,0.6971160,1.0000
35999,2,TAP,0.7067581,1.0000
36016,2,TAP,0.7172971,1.0000
36032,2,TAP,0.7269231,1.0000
36032,2,TAP,0.4817365,1.0000
36049,2,TAP,0.4903846,1.0000
36066,2,TAP,0.4980769,1.0000
36082,2,TAP,0.5063371,1.0000
36099,2,TAP,0.5153327,1.0000
36115,2,TAP,0.5230826,1.0000
36132,2,TAP,0.5317308,1.0000
36149,2,TAP,0.5403846,1.0000
36165,2,TAP,0.5490385,1.0000
36182,2,TAP,0.5576923,1.0000
36199,2,TAP,0.5663462,1.0000
36215,2,TAP,0.5754808,1.0000
36232,2,TAP,0.5841456,1.0000
36249,2,TAP,0.5927995,1.0000
36265,2,TAP,0.6023929,1.0000
36283,2,TAP,0.6110577,1.0000
36299,2,TAP,0.6206731,1.0000
36315,2,TAP,0.6293324,1.0000
36332,2,TAP,0.6389423,1.0000
36332,3,TAP,0.4129762,1.0000
36348,2,TAP,0.6485483,1.0000
36365,2,TAP,0.6581731,1.0000
36382,2,TAP,0.6673185,1.0000
36399,2,TAP,0.6769231,1.0000
36416,2,TAP,0.6865385,1.0000
36433,2,TAP,0.6966346,1.0000
36449,2,TAP,0.7062685,1.0000
36466,2,TAP,0.7163462,1.0000
36483,2,TAP,0.7259615,1.0000
36483,3,TAP,0.4812500,1.0000
36499,3,TAP,0.4894173,1.0000
36516,3,TAP,0.4980769,1.0000
36532,3,TAP,0.5057692,1.0000
36549,3,TAP,0.5144133,1.0000
36565,3,TAP,0.5230769,1.0000
36583,3,TAP,0.5307805,1.0000
36600,3,TAP,0.5398897,1.0000
36616,3,TAP,0.5485648,1.0000
36633,3,TAP,0.5572073,1.0000
36649,3,TAP,0.5658894,1.0000
36666,3,TAP,0.5745318,1.0000
36683,3,TAP,0.5836421,1.0000
36699,3,TAP,0.5923077,1.0000
36715,3,TAP,0.6014519,1.0000
36732,3,TAP,0.6105777,1.0000
36749,3,TAP,0.6197115,1.0000
36765,3,TAP,0.6293269,1.0000
36782,2,LEFT,0.4793269,0.9652
36782,3,TAP,0.6379944,1.0000
36799,2,LEFT,0.4875000,0.9701
36799,3,TAP,0.6479858,1.0000
36816,2,LEFT,0.4961538,0.9624
36816,3,TAP,0.6571994,1.0000
36832,2,LEFT,0.5043269,0.9626
36832,3,TAP,0.6668269,1.0000
36849,2,LEFT,0.5129808,0.9676
36849,3,TAP,0.6764423,1.0000
36865,2,LEFT,0.5211538,0.9726
36865,3,TAP,0.6860577,1.0000
36882,2,LEFT,0.5298077,0.9701
36882,3,TAP,0.6956731,1.0000
36899,2,LEFT,0.5389423,0.9415
36899,3,TAP,0.7057746,1.0000
36916,2,LEFT,0.5475962,0.9301
36916,3,TAP,0.7158745,1.0000
36950,2,LEFT,0.5649038,0.9574
36966,2,LEFT,0.5735577,0.9626
36982,2,LEFT,0.5826923,0.9650
36999,2,LEFT,0.5918269,0.9676
37016,2,LEFT,0.6004808,0.9598
37033,2,LEFT,0.6100962,0.9648
37049,2,LEFT,0.6192308,0.9622
37066,2,LEFT,0.6283654,0.9674
37082,2,LEFT,0.6379808,0.9674
37099,2,LEFT,0.6475962,0.9671
37116,2,LEFT,0.6572115,0.9622
37132,2,LEFT,0.6673077,0.9695
37149,2,LEFT,0.6764423,0.9648
37165,2,LEFT,0.6865385,0.9722
37182,2,LEFT,0.6966346,0.9694
37199,2,LEFT,0.7062500,0.9596
37216,2,LEFT,0.7163462,0.9624
37232,2,LEFT,0.7264423,0.9572
37666,1,RIGHT,0.5072115,0.9091
37682,1,RIGHT,0.5158654,0.9091
37699,1,RIGHT,0.5250000,0.9064
37716,1,RIGHT,0.5331731,0.9104
37733,1,RIGHT,0.5418269,0.9082
37749,1,RIGHT,0.5504808,0.9082
37766,1,RIGHT,0.5596154,0.9158
37782,1,RIGHT,0.5677885,0.9050
37799,1,RIGHT,0.5774038,0.9208
37817,1,RIGHT,0.5865385,0.9227
37833,1,RIGHT,0.5956731,0.9154
37833,2,TAP,0.4798077,1.0000
37849,1,RIGHT,0.6043269,0.9158
37849,2,TAP,0.4879734,1.0000
37866,1,RIGHT,0.6134615,0.9150
37866,2,TAP,0.4961538,1.0000
37882,1,RIGHT,0.6230769,0.9181
37882,2,TAP,0.5043269,1.0000
37899,1,RIGHT,0.6322115,0.9254
37899,2,TAP,0.5125000,1.0000
37916,1,RIGHT,0.6423077,0.9277
37916,2,TAP,0.5211538,1.0000
37933,1,RIGHT,0.6514423,0.9246
37933,2,TAP,0.5298006,1.0000
37949,1,RIGHT,0.6610577,0.9327
37949,2,TAP,0.5384544,1.0000
37965,1,RIGHT,0.6711538,0.9350
37965,2,TAP,0.5466516,1.0000
37982,1,RIGHT,0.6802885,0.9370
37982,2,TAP,0.5552997,1.0000
37999,1,RIGHT,0.6903846,0.9293
37999,2,TAP,0.5639423,1.0000
38015,1,RIGHT,0.7004808,0.9418
38015,2,TAP,0.5730769,1.0000
38033,1,RIGHT,0.7105769,0.9350
38033,2,TAP,0.5817362,1.0000
38050,1,RIGHT,0.7206731,0.9394
38050,1,TAP,0.4754808,1.0000
38050,2,TAP,0.5908654,1.0000
38066,1,TAP,0.4836538,1.0000
38066,2,TAP,0.5995247,1.0000
38085,1,TAP,0.4918157,1.0000
38085,2,TAP,0.6086538,1.0000
38116,1,TAP,0.5081842,1.0000
38116,2,TAP,0.6274038,1.0000
38133,1,TAP,0.5163453,1.0000
38133,2,TAP,0.6360577,1.0000
38149,1,TAP,0.5250056,1.0000
38149,2,TAP,0.6456731,1.0000
38165,1,TAP,0.5336482,1.0000
38165,2,TAP,0.6552885,1.0000
38182,1,TAP,0.5423037,1.0000
38182,2,TAP,0.6649038,1.0000
38199,1,TAP,0.5509615,1.0000
38199,2,TAP,0.6745192,1.0000
38216,1,TAP,0.5596225,1.0000
38216,2,TAP,0.6841346,1.0000
38233,1,TAP,0.5682692,1.0000
38233,2,TAP,0.6937500,1.0000
38249,1,TAP,0.5769231,1.0000
38249,2,TAP,0.7033694,1.0000
38266,1,TAP,0.5864989,1.0000
38266,2,TAP,0.7134615,1.0000
38282,1,TAP,0.5947171,1.0000
38282,2,TAP,0.7235577,1.0000
38282,2,TAP,0.4793269,1.0000
38300,1,TAP,0.6038408,1.0000
38300,2,TAP,0.4875057,1.0000
38333,1,TAP,0.6221208,1.0000
38333,2,TAP,0.5038462,1.0000
38350,1,TAP,0.6312500,1.0000
38350,2,TAP,0.5125000,1.0000
38382,1,TAP,0.6504875,1.0000
38382,2,TAP,0.5288573,1.0000
38399,1,TAP,0.6596251,1.0000
38399,2,TAP,0.5375000,1.0000
38416,1,TAP,0.6696995,1.0000
38416,2,TAP,0.5461538,1.0000
38433,1,TAP,0.6788522,1.0000
38433,2,TAP,0.5548077,1.0000
38449,1,TAP,0.6889543,1.0000
38449,2,TAP,0.5634615,1.0000
38466,1,TAP,0.6985537,1.0000
38466,2,TAP,0.5721154,1.0000
38482,1,TAP,0.7081731,1.0000
38482,2,TAP,0.5812611,1.0000
38499,1,TAP,0.7182692,1.0000
38499,1,TAP,0.4749942,1.0000
38499,2,TAP,0.5899121,1.0000
38515,1,TAP,0.7283563,1.0000
38515,1,TAP,0.4826923,1.0000
38515,2,TAP,0.5990493,1.0000
38532,1,TAP,0.4909790,1.0000
38532,2,TAP,0.6081786,1.0000
38549,1,TAP,0.4995118,1.0000
38549,2,TAP,0.6173133,1.0000
38566,1,TAP,0.5077052,1.0000
38566,2,TAP,0.6264423,1.0000
38582,1,TAP,0.5163332,1.0000
38582,2,TAP,0.6360577,1.0000
38599,1,TAP,0.5245249,1.0000
38599,2,TAP,0.6447211,1.0000
38616,1,TAP,0.5326979,1.0000
38616,2,TAP,0.6543498,1.0000
38632,1,TAP,0.5413366,1.0000
38632,2,TAP,0.6639423,1.0000
38650,1,TAP,0.5500055,1.0000
38650,2,TAP,0.6735577,1.0000
38666,1,TAP,0.5586602,1.0000
38666,2,TAP,0.6831731,1.0000
38683,1,TAP,0.5677885,1.0000
38683,2,TAP,0.6932692,1.0000
38699,1,TAP,0.5764479,1.0000
38699,2,TAP,0.7028888,1.0000
38716,1,TAP,0.5851143,1.0000
38716,2,TAP,0.7129808,1.0000
38716,2,TAP,0.4692308,0.9000
38732,1,TAP,0.5942308,1.0000
38732,2,TAP,0.7230769,1.0000
38732,2,TAP,0.4769231,0.9000
38749,1,TAP,0.6033654,1.0000
38749,2,TAP,0.4850962,0.9000
38765,1,TAP,0.6125093,1.0000
38765,2,TAP,0.4937500,0.9000
38782,1,TAP,0.6216346,1.0000
38782,2,TAP,0.5019231,0.9000
38799,1,TAP,0.6307578,1.0000
38799,2,TAP,0.5105769,0.9000
38816,1,TAP,0.6399161,1.0000
38816,2,TAP,0.5187500,0.9000
38833,1,TAP,0.6495381,1.0000
38833,2,TAP,0.5274038,0.9000
38850,1,TAP,0.6591387,1.0000
38850,2,TAP,0.5360577,0.9000
38867,1,TAP,0.6687553,1.0000
38867,2,TAP,0.5451923,0.9000
38899,1,TAP,0.6879901,1.0000
38899,2,TAP,0.5625000,0.9000
38916,1,TAP,0.6975895,1.0000
38916,2,TAP,0.5711538,0.9000
38932,1,TAP,0.7076923,1.0000
38932,2,TAP,0.5802885,0.9000
38950,1,TAP,0.7173130,1.0000
38950,2,TAP,0.5889423,0.9000
38966,1,TAP,0.7278870,1.0000
38966,2,TAP,0.5980769,0.9000
38982,2,TAP,0.6076923,0.9000
39000,2,TAP,0.6168269,0.9000
39016,2,TAP,0.6259615,0.9000
39033,2,TAP,0.6355769,0.9000
39049,2,TAP,0.6447115,0.9000
39067,2,TAP,0.6548077,0.9000
39083,2,TAP,0.6639423,0.9000
39099,2,TAP,0.6735577,0.9000
39115,2,TAP,0.6836538,0.9000
39132,2,TAP,0.6932692,0.9000
39149,2,TAP,0.7033654,0.9000
39166,2,TAP,0.7134615,0.9000
39183,2,TAP,0.7235577,0.9000
40200,3,UP,0.5168269,0.9287
40216,3,UP,0.5264423,0.9471
40232,3,UP,0.5355769,0.9238
40249,3,UP,0.5456731,0.9188
40266,3,UP,0.5552885,0.9202
40282,3,UP,0.5649038,0.9206
40300,3,UP,0.5745192,0.9070
40316,3,UP,0.5841346,0.9044
40332,3,UP,0.5942308,0.8981
40349,3,UP,0.6043269,0.9049
40365,3,UP,0.6149038,0.9014
40382,3,UP,0.6250000,0.8873
40399,3,UP,0.6350962,0.8962
40416,3,UP,0.6456731,0.9019
40432,3,UP,0.6562500,0.8806
40449,3,UP,0.6668269,0.8578
40465,3,UP,0.6778846,0.8612
40482,3,UP,0.6889423,0.8592
40499,3,UP,0.7000000,0.8565
40516,3,UP,0.7105769,0.8384
40534,3,UP,0.7221154,0.8585
40582,1,TAP,0.4807750,1.0000
40582,2,TAP,0.4807749,1.0000
40599,1,TAP,0.4903805,1.0000
40599,2,TAP,0.4903846,1.0000
40617,1,TAP,0.4990442,1.0000
40617,2,TAP,0.4990385,1.0000
40633,1,TAP,0.5081841,1.0000
40633,2,TAP,0.5081731,1.0000
40649,1,TAP,0.5173012,1.0000
40649,2,TAP,0.5173077,1.0000
40666,1,TAP,0.5269287,1.0000
40666,2,TAP,0.5269422,1.0000
40682,1,TAP,0.5360818,1.0000
40682,2,TAP,0.5360975,1.0000
40699,1,TAP,0.5452019,1.0000
40699,2,TAP,0.5451979,1.0000
40716,1,TAP,0.5550832,1.0000
40716,2,TAP,0.5551967,1.0000
40733,1,TAP,0.5644168,1.0000
40733,2,TAP,0.5644231,1.0000
40750,1,TAP,0.5740502,1.0000
40750,2,TAP,0.5740385,1.0000
40766,1,TAP,0.5836562,1.0000
40766,2,TAP,0.5836647,1.0000
40782,1,TAP,0.5937500,1.0000
40782,2,TAP,0.5937610,1.0000
40782,3,TAP,0.4113690,1.0000
40799,1,TAP,0.6038369,1.0000
40799,2,TAP,0.6038462,1.0000
40816,1,TAP,0.6139396,1.0000
40816,2,TAP,0.6138526,1.0000
40833,1,TAP,0.6240499,1.0000
40833,2,TAP,0.6240385,1.0000
40850,1,TAP,0.6341264,1.0000
40850,2,TAP,0.6341346,1.0000
40882,1,TAP,0.6552750,1.0000
40882,2,TAP,0.6552938,1.0000
40898,1,TAP,0.6649092,1.0000
40898,2,TAP,0.6649304,1.0000
40915,1,TAP,0.6759288,1.0000
40915,2,TAP,0.6758335,1.0000
40915,2,TAP,0.4783654,1.0000
40915,3,TAP,0.4783597,1.0000
40932,1,TAP,0.6865439,1.0000
40932,2,TAP,0.6865385,1.0000
40932,2,TAP,0.4875000,1.0000
40932,3,TAP,0.4874942,1.0000
40949,1,TAP,0.6971207,1.0000
40949,2,TAP,0.6971317,1.0000
40949,2,TAP,0.4961538,1.0000
40949,3,TAP,0.4961538,1.0000
40966,1,TAP,0.7081731,1.0000
40966,2,TAP,0.7081995,1.0000
40966,2,TAP,0.5057692,1.0000
40966,3,TAP,0.5057692,1.0000
40982,1,TAP,0.7192214,1.0000
40982,2,TAP,0.7192308,1.0000
40982,2,TAP,0.5144231,1.0000
40982,3,TAP,0.5144108,1.0000
40999,2,TAP,0.5240482,1.0000
40999,3,TAP,0.5240328,1.0000
41016,2,TAP,0.5331731,1.0000
41016,3,TAP,0.5331731,1.0000
41033,2,TAP,0.5423077,1.0000
41033,3,TAP,0.5422981,1.0000
41049,2,TAP,0.5519231,1.0000
41049,3,TAP,0.5519231,1.0000
41066,2,TAP,0.5615385,1.0000
41066,3,TAP,0.5615385,1.0000
41082,2,TAP,0.5716346,1.0000
41082,3,TAP,0.5716304,1.0000
41099,2,TAP,0.5807902,1.0000
41099,3,TAP,0.5807692,1.0000
41116,2,TAP,0.5908709,1.0000
41116,3,TAP,0.5908709,1.0000
41135,2,TAP,0.6009615,1.0000
41135,3,TAP,0.6009708,1.0000
41165,2,TAP,0.6206731,1.0000
41165,3,TAP,0.6206731,1.0000
41182,2,TAP,0.6312500,1.0000
41182,3,TAP,0.6312364,1.0000
41200,2,TAP,0.6413576,1.0000
41200,3,TAP,0.6413515,1.0000
41216,2,TAP,0.6514477,1.0000
41216,3,TAP,0.6514598,1.0000
41232,2,TAP,0.6620192,1.0000
41232,3,TAP,0.6620327,1.0000
41249,1,TAP,0.4759557,1.0000
41249,2,TAP,0.6725962,1.0000
41249,3,TAP,0.6725908,1.0000
41265,1,TAP,0.4846154,1.0000
41265,2,TAP,0.6831731,1.0000
41265,2,TAP,0.4846097,1.0000
41265,3,TAP,0.6831731,1.0000
41284,1,TAP,0.4932733,1.0000
41284,2,TAP,0.6942855,1.0000
41284,2,TAP,0.4932749,1.0000
41284,3,TAP,0.6945048,1.0000
41315,1,TAP,0.5115481,1.0000
41315,2,TAP,0.7158654,1.0000
41315,2,TAP,0.5115442,1.0000
41315,3,TAP,0.7158745,1.0000
41350,1,TAP,0.5302958,1.0000
41350,2,TAP,0.5302812,1.0000
41366,1,TAP,0.5394286,1.0000
41366,2,TAP,0.5394286,1.0000
41383,1,TAP,0.5490385,1.0000
41383,2,TAP,0.5490385,1.0000
41399,1,TAP,0.5586664,1.0000
41399,2,TAP,0.5586538,1.0000
41416,1,TAP,0.5682692,1.0000
41416,2,TAP,0.5682692,1.0000
41433,1,TAP,0.5778901,1.0000
41433,2,TAP,0.5779019,1.0000
41449,1,TAP,0.5879933,1.0000
41449,2,TAP,0.5879904,1.0000
41465,1,TAP,0.5976086,1.0000
41465,2,TAP,0.5976071,1.0000
41482,1,TAP,0.6076861,1.0000
41482,2,TAP,0.6076923,1.0000
41499,1,TAP,0.6177885,1.0000
41499,2,TAP,0.6177885,1.0000
41516,1,TAP,0.6283600,1.0000
41516,2,TAP,0.6283654,1.0000
41533,1,TAP,0.6379944,1.0000
41533,2,TAP,0.6379808,1.0000
41550,1,TAP,0.6485698,1.0000
41550,2,TAP,0.6485577,1.0000
41566,1,TAP,0.6591346,1.0000
41566,2,TAP,0.6591346,1.0000
41583,1,TAP,0.6697115,1.0000
41583,2,TAP,0.6697115,1.0000
41599,1,TAP,0.6802831,1.0000
41599,2,TAP,0.6802885,1.0000
41616,1,TAP,0.6908773,1.0000
41616,2,TAP,0.6908654,1.0000
41632,1,TAP,0.7019237,1.0000
41632,2,TAP,0.7019231,1.0000
41649,1,TAP,0.7125089,1.0000
41649,2,TAP,0.7125147,1.0000
41666,1,TAP,0.7235485,1.0000
41666,2,TAP,0.7235577,1.0000
41700,1,TAP,0.4749942,1.0000
41716,1,TAP,0.4841122,1.0000
41732,1,TAP,0.4932569,1.0000
41749,1,TAP,0.5019231,1.0000
41766,1,TAP,0.5110577,1.0000
41782,1,TAP,0.5201988,1.0000
41799,1,TAP,0.5298077,1.0000
41816,1,TAP,0.5394231,1.0000
41833,1,TAP,0.5485648,1.0000
41850,1,TAP,0.5581745,1.0000
41866,1,TAP,0.5674186,1.0000
41882,1,TAP,0.5774488,1.0000
41899,1,TAP,0.5870276,1.0000
41916,1,TAP,0.5971247,1.0000
41932,1,TAP,0.6072047,1.0000
41932,2,TAP,0.4793269,1.0000
41949,1,TAP,0.6168324,1.0000
41949,2,TAP,0.4879808,1.0000
41967,1,TAP,0.6274038,1.0000
41967,2,TAP,0.4971211,1.0000
41999,1,TAP,0.6476056,1.0000
41999,2,TAP,0.5153846,1.0000
42015,1,TAP,0.6581677,1.0000
42015,2,TAP,0.5250241,1.0000
42032,1,TAP,0.6687500,1.0000
42032,2,TAP,0.5341418,1.0000
42050,1,TAP,0.6793323,1.0000
42050,2,TAP,0.5432803,1.0000
42066,1,TAP,0.6903942,1.0000
42066,2,TAP,0.5528902,1.0000
42082,1,TAP,0.7009609,1.0000
42082,2,TAP,0.5625000,1.0000
42099,1,TAP,0.7119919,1.0000
42099,2,TAP,0.5721154,1.0000
42115,1,TAP,0.7226040,1.0000
42115,2,TAP,0.5822060,1.0000
42132,2,TAP,0.5918269,1.0000
42149,2,TAP,0.6014699,1.0000
42166,2,TAP,0.6120192,1.0000
42166,3,TAP,0.4836480,1.0000
42184,2,TAP,0.6216346,1.0000
42184,3,TAP,0.4923002,1.0000
42216,2,TAP,0.6423077,1.0000
42216,3,TAP,0.5105769,1.0000
42233,2,TAP,0.6524052,1.0000
42233,3,TAP,0.5201866,1.0000
42249,2,TAP,0.6632926,1.0000
42249,3,TAP,0.5288462,1.0000
42266,2,TAP,0.6735577,1.0000
42266,3,TAP,0.5384671,1.0000
42282,2,TAP,0.6841346,1.0000
42282,3,TAP,0.5480809,1.0000
42298,2,TAP,0.6951869,1.0000
42298,3,TAP,0.5577041,1.0000
42315,2,TAP,0.7054169,1.0000
42315,3,TAP,0.5668326,1.0000
42332,2,TAP,0.7168269,1.0000
42332,3,TAP,0.5769231,1.0000
42348,2,TAP,0.7278846,1.0000
42348,3,TAP,0.5865377,1.0000
42366,3,TAP,0.5966443,1.0000
42383,1,TAP,0.4788462,1.0000
42383,2,TAP,0.4788462,1.0000
42383,3,TAP,0.6062376,1.0000
42399,1,TAP,0.4875114,1.0000
42399,2,TAP,0.4875057,1.0000
42399,3,TAP,0.6168352,1.0000
42415,1,TAP,0.4966458,1.0000
42415,2,TAP,0.4966346,1.0000
42415,3,TAP,0.6264559,1.0000
42432,1,TAP,0.5057789,1.0000
42432,2,TAP,0.5057749,1.0000
42432,3,TAP,0.6370220,1.0000
42449,1,TAP,0.5148873,1.0000
42449,2,TAP,0.5149038,1.0000
42449,3,TAP,0.6476056,1.0000
42466,1,TAP,0.5241909,1.0000
42466,2,TAP,0.5243304,1.0000
42466,3,TAP,0.6572048,1.0000
42482,1,TAP,0.5336634,1.0000
42482,2,TAP,0.5336650,1.0000
42482,3,TAP,0.6677885,1.0000
42499,1,TAP,0.5432573,1.0000
42499,2,TAP,0.5432692,1.0000
42499,3,TAP,0.6788734,1.0000
42515,1,TAP,0.5524038,1.0000
42515,2,TAP,0.5524038,1.0000
42515,3,TAP,0.6894380,1.0000
42532,1,TAP,0.5620123,1.0000
42532,2,TAP,0.5620192,1.0000
42532,3,TAP,0.7004794,1.0000
42548,1,TAP,0.5716402,1.0000
42548,2,TAP,0.5716346,1.0000
42548,3,TAP,0.7110669,1.0000
42566,1,TAP,0.5816051,1.0000
42566,2,TAP,0.5812778,1.0000
42566,3,TAP,0.7220942,1.0000
42582,1,TAP,0.5913462,1.0000
42582,2,TAP,0.5913570,1.0000
42598,1,TAP,0.6009708,1.0000
42598,2,TAP,0.6009724,1.0000
42616,1,TAP,0.6110577,1.0000
42616,2,TAP,0.6110577,1.0000
42632,1,TAP,0.6216236,1.0000
42632,2,TAP,0.6216346,1.0000
42649,1,TAP,0.6312446,1.0000
42649,2,TAP,0.6312500,1.0000
42665,1,TAP,0.6418323,1.0000
42665,2,TAP,0.6418324,1.0000
42683,1,TAP,0.6519370,1.0000
42683,2,TAP,0.6519225,1.0000
42699,1,TAP,0.6625206,1.0000
42699,2,TAP,0.6625000,1.0000
42715,1,TAP,0.6725962,1.0000
42715,2,TAP,0.6725962,1.0000
42732,1,TAP,0.6835258,1.0000
42732,2,TAP,0.6836266,1.0000
42748,1,TAP,0.6942361,1.0000
42748,2,TAP,0.6942308,1.0000
42765,1,TAP,0.7052937,1.0000
42765,2,TAP,0.7052938,1.0000
42782,1,TAP,0.7163585,1.0000
42782,2,TAP,0.7163462,1.0000
42799,1,TAP,0.7269289,1.0000
42799,2,TAP,0.7269284,1.0000
42833,3,UP,0.4769231,0.9705
42849,3,UP,0.4855769,0.9583
42866,3,UP,0.4947115,0.9423
42884,3,UP,0.5038462,0.9469
42916,3,UP,0.5225962,0.9423
42932,3,UP,0.5322115,0.9657
42949,3,UP,0.5413462,0.9395
42965,3,UP,0.5514423,0.9352
42982,3,UP,0.5610577,0.9299
42999,3,UP,0.5701923,0.9116
43016,3,UP,0.5802885,0.9188
43033,3,UP,0.5903846,0.9153
43049,3,UP,0.6000000,0.9002
43065,3,UP,0.6100962,0.8779
43083,3,UP,0.6206731,0.8873
43099,3,UP,0.6307692,0.8894
43116,3,UP,0.6413462,0.8806
43132,3,UP,0.6519231,0.8759
43149,3,UP,0.6629808,0.8738
43165,3,UP,0.6730769,0.8726
43182,3,UP,0.6841346,0.8753
43200,3,UP,0.6951923,0.8738
43216,3,UP,0.7062500,0.8333
43232,3,UP,0.7173077,0.8524
43249,3,UP,0.7283654,0.8416
43282,2,TAP,0.4773964,1.0000
43300,2,TAP,0.4865385,1.0000
43316,2,TAP,0.4951923,1.0000
43333,2,TAP,0.5043269,1.0000
43349,2,TAP,0.5134615,1.0000
43365,2,TAP,0.5230826,1.0000
43382,2,TAP,0.5322228,1.0000
43400,2,TAP,0.5413462,1.0000
43416,2,TAP,0.5509615,1.0000
43433,2,TAP,0.5605769,1.0000
43449,2,TAP,0.5701923,1.0000
43466,2,TAP,0.5798210,1.0000
43482,2,TAP,0.5899094,1.0000
43500,2,TAP,0.5999739,1.0000
43516,2,TAP,0.6100907,1.0000
43532,2,TAP,0.6197115,1.0000
43549,2,TAP,0.6298215,1.0000
43566,2,TAP,0.6399038,1.0000
43582,2,TAP,0.6504942,1.0000
43600,2,TAP,0.6610577,1.0000
43616,2,TAP,0.6716346,1.0000
43633,2,TAP,0.6822115,1.0000
43649,2,TAP,0.6927885,1.0000
43666,2,TAP,0.7038504,1.0000
43682,2,TAP,0.7144231,1.0000
43698,2,TAP,0.7259510,1.0000
43733,1,TAP,0.4769231,1.0000
43749,1,TAP,0.4855826,1.0000
43766,1,TAP,0.4951283,1.0000
43782,1,TAP,0.5038462,1.0000
43799,1,TAP,0.5129865,1.0000
43817,1,TAP,0.5221275,1.0000
43833,1,TAP,0.5317308,1.0000
43849,1,TAP,0.5413342,1.0000
43866,1,TAP,0.5505148,1.0000
43882,1,TAP,0.5601045,1.0000
43899,1,TAP,0.5697115,1.0000
43916,1,TAP,0.5793269,1.0000
43932,1,TAP,0.5894325,1.0000
43949,1,TAP,0.5990509,1.0000
43966,1,TAP,0.6091332,1.0000
43982,1,TAP,0.6192308,1.0000
43999,1,TAP,0.6293323,1.0000
44016,1,TAP,0.6399161,1.0000
44033,1,TAP,0.6500053,1.0000
44049,1,TAP,0.6601056,1.0000
44066,1,TAP,0.6706731,1.0000
44082,1,TAP,0.6812500,1.0000
44099,1,TAP,0.6923202,1.0000
44115,1,TAP,0.7028936,1.0000
44133,1,TAP,0.7139554,1.0000
44151,1,TAP,0.7253260,1.0000
44183,1,TAP,0.4760730,1.0000
44183,2,TAP,0.4763207,1.0000
44199,1,TAP,0.4850962,1.0000
44199,2,TAP,0.4850962,1.0000
44216,1,TAP,0.4942209,1.0000
44216,2,TAP,0.4942308,1.0000
44233,1,TAP,0.5033654,1.0000
44233,2,TAP,0.5033506,1.0000
44249,1,TAP,0.5125056,1.0000
44249,2,TAP,0.5125000,1.0000
44266,1,TAP,0.5220703,1.0000
44266,2,TAP,0.5220925,1.0000
44282,1,TAP,0.5307692,1.0000
44282,2,TAP,0.5307692,1.0000
44299,1,TAP,0.5403791,1.0000
44299,2,TAP,0.5403846,1.0000
44316,1,TAP,0.5500055,1.0000
44316,2,TAP,0.5500000,1.0000
44333,1,TAP,0.5596280,1.0000
44333,2,TAP,0.5596154,1.0000
44349,1,TAP,0.5692308,1.0000
44349,2,TAP,0.5692308,1.0000
44366,1,TAP,0.5788462,1.0000
44366,2,TAP,0.5788649,1.0000
44382,1,TAP,0.5884709,1.0000
44382,2,TAP,0.5884739,1.0000
44399,1,TAP,0.5985660,1.0000
44399,2,TAP,0.5985467,1.0000
44416,1,TAP,0.6081800,1.0000
44416,2,TAP,0.6085130,1.0000
44433,1,TAP,0.6184866,1.0000
44433,2,TAP,0.6187168,1.0000
44450,1,TAP,0.6283667,1.0000
44450,2,TAP,0.6283654,1.0000
44466,1,TAP,0.6389559,1.0000
44466,2,TAP,0.6389423,1.0000
44484,1,TAP,0.6495327,1.0000
44484,2,TAP,0.6495112,1.0000
44516,1,TAP,0.6702471,1.0000
44516,2,TAP,0.6702086,1.0000
44533,1,TAP,0.6807692,1.0000
44533,2,TAP,0.6807692,1.0000
44533,2,TAP,0.4826866,1.0000
44533,3,TAP,0.4826923,1.0000
44549,1,TAP,0.6913605,1.0000
44549,2,TAP,0.6913462,1.0000
44549,2,TAP,0.4910002,1.0000
44549,3,TAP,0.4909156,1.0000
44565,1,TAP,0.7024078,1.0000
44565,2,TAP,0.7024025,1.0000
44565,2,TAP,0.5004734,1.0000
44565,3,TAP,0.5004808,1.0000
44582,1,TAP,0.7134710,1.0000
44582,2,TAP,0.7134668,1.0000
44582,2,TAP,0.5096211,1.0000
44582,3,TAP,0.5096154,1.0000
44600,1,TAP,0.7240420,1.0000
44600,2,TAP,0.7240597,1.0000
44600,2,TAP,0.5189804,1.0000
44600,3,TAP,0.5187408,1.0000
44616,2,TAP,0.5279150,1.0000
44616,3,TAP,0.5278846,1.0000
44633,2,TAP,0.5375000,1.0000
44633,3,TAP,0.5375055,1.0000
44650,2,TAP,0.5471154,1.0000
44650,3,TAP,0.5471249,1.0000
44666,2,TAP,0.5567308,1.0000
44666,3,TAP,0.5567363,1.0000
44682,2,TAP,0.5663462,1.0000
44682,3,TAP,0.5663406,1.0000
44699,2,TAP,0.5759615,1.0000
44699,3,TAP,0.5759670,1.0000
44715,2,TAP,0.5855823,1.0000
44715,3,TAP,0.5855769,1.0000
44732,2,TAP,0.5956676,1.0000
44732,3,TAP,0.5956507,1.0000
44749,2,TAP,0.6052939,1.0000
44749,3,TAP,0.6052843,1.0000
44766,2,TAP,0.6153846,1.0000
44766,3,TAP,0.6153846,1.0000
44782,2,TAP,0.6254808,1.0000
44782,3,TAP,0.6254944,1.0000
44799,2,TAP,0.6360577,1.0000
44799,3,TAP,0.6360673,1.0000
44816,2,TAP,0.6461531,1.0000
44816,3,TAP,0.6461402,1.0000
44832,2,TAP,0.6562553,1.0000
44832,3,TAP,0.6562366,1.0000
44850,2,TAP,0.6668269,1.0000
44850,3,TAP,0.6668269,1.0000
44866,1,TAP,0.4798077,1.0000
44866,2,TAP,0.6774038,1.0000
44866,2,TAP,0.4798077,1.0000
44866,3,TAP,0.6774052,1.0000
44882,1,TAP,0.4884672,1.0000
44882,2,TAP,0.6879808,1.0000
44882,2,TAP,0.4884729,1.0000
44882,3,TAP,0.6879941,1.0000
44900,1,TAP,0.4980769,1.0000
44900,2,TAP,0.6990367,1.0000
44900,2,TAP,0.4980769,1.0000
44900,3,TAP,0.6990331,1.0000
44932,1,TAP,0.5163341,1.0000
44932,2,TAP,0.7211486,1.0000
44932,2,TAP,0.5163462,1.0000
44932,3,TAP,0.7211444,1.0000
44966,1,TAP,0.5346273,1.0000
44966,2,TAP,0.5346154,1.0000
44983,1,TAP,0.5442212,1.0000
44983,2,TAP,0.5442252,1.0000
44999,1,TAP,0.5538462,1.0000
44999,2,TAP,0.5538406,1.0000
45016,1,TAP,0.5629780,1.0000
45016,2,TAP,0.5630263,1.0000
45033,1,TAP,0.5730895,1.0000
45033,2,TAP,0.5730769,1.0000
45050,1,TAP,0.5826805,1.0000
45050,2,TAP,0.5826977,1.0000
45066,1,TAP,0.5923132,1.0000
45066,2,TAP,0.5923131,1.0000
45082,1,TAP,0.6024093,1.0000
45082,2,TAP,0.6023984,1.0000
45099,1,TAP,0.6125116,1.0000
45099,2,TAP,0.6125000,1.0000
45115,1,TAP,0.6225962,1.0000
45115,2,TAP,0.6225962,1.0000
45132,1,TAP,0.6326960,1.0000
45132,2,TAP,0.6327258,1.0000
45149,1,TAP,0.6427885,1.0000
45149,2,TAP,0.6428075,1.0000
45166,1,TAP,0.6533587,1.0000
45166,2,TAP,0.6533654,1.0000
45182,1,TAP,0.6639517,1.0000
45182,2,TAP,0.6639423,1.0000
45199,1,TAP,0.6745166,1.0000
45199,2,TAP,0.6745192,1.0000
45216,1,TAP,0.6850962,1.0000
45216,2,TAP,0.6850962,1.0000
45232,1,TAP,0.6956784,1.0000
45232,2,TAP,0.6956731,1.0000
45249,1,TAP,0.7067093,1.0000
45249,2,TAP,0.7067499,1.0000
45266,1,TAP,0.7173130,1.0000
45266,1,TAP,0.4562500,1.0000
45266,2,TAP,0.7173183,1.0000
45282,1,TAP,0.7288556,1.0000
45282,2,TAP,0.7288356,1.0000
45316,1,TAP,0.4788462,1.0000
45332,1,TAP,0.4879956,1.0000
45349,1,TAP,0.4971211,1.0000
45366,1,TAP,0.5067316,1.0000
45383,1,TAP,0.5153806,1.0000
45399,1,TAP,0.5250056,1.0000
45416,1,TAP,0.5336634,1.0000
45432,1,TAP,0.5432628,1.0000
45448,1,TAP,0.5528846,1.0000
45466,1,TAP,0.5624882,1.0000
45482,1,TAP,0.5721248,1.0000
45498,1,TAP,0.5821990,1.0000
45516,1,TAP,0.5918269,1.0000
45532,1,TAP,0.6014464,1.0000
45549,1,TAP,0.6115446,1.0000
45549,2,TAP,0.4836367,1.0000
45566,1,TAP,0.6216346,1.0000
45566,2,TAP,0.4923077,1.0000
45582,1,TAP,0.6322020,1.0000
45582,2,TAP,0.5009729,1.0000
45598,1,TAP,0.6423145,1.0000
45598,2,TAP,0.5105769,1.0000
45616,1,TAP,0.6524012,1.0000
45616,2,TAP,0.5197115,1.0000
45632,1,TAP,0.6633731,1.0000
45632,2,TAP,0.5288613,1.0000
45632,3,TAP,0.4120192,1.0000
45649,1,TAP,0.6735537,1.0000
45649,2,TAP,0.5384615,1.0000
45667,1,TAP,0.6841346,1.0000
45667,2,TAP,0.5480769,1.0000
45683,1,TAP,0.6951870,1.0000
45683,2,TAP,0.5576852,1.0000
45699,1,TAP,0.7053705,1.0000
45699,2,TAP,0.5668382,1.0000
45715,1,TAP,0.7168321,1.0000
45715,2,TAP,0.5769309,1.0000
45732,1,TAP,0.7278893,1.0000
45732,2,TAP,0.5865385,1.0000
45749,2,TAP,0.5961538,1.0000
45767,2,TAP,0.6062500,1.0000
45767,3,TAP,0.4788462,1.0000
45783,2,TAP,0.6163462,1.0000
45783,3,TAP,0.4875058,1.0000
45799,2,TAP,0.6264423,1.0000
45799,3,TAP,0.4961596,1.0000
45816,2,TAP,0.6370192,1.0000
45816,3,TAP,0.5057692,1.0000
45832,2,TAP,0.6466509,1.0000
45832,3,TAP,0.5148928,1.0000
45849,2,TAP,0.6572209,1.0000
45849,3,TAP,0.5243220,1.0000
45865,2,TAP,0.6677885,1.0000
45865,3,TAP,0.5336482,1.0000
45883,2,TAP,0.6786772,1.0000
45883,3,TAP,0.5428273,1.0000
45899,2,TAP,0.6894231,1.0000
45899,3,TAP,0.5524038,1.0000
45915,2,TAP,0.7000000,1.0000
45915,3,TAP,0.5615345,1.0000
45932,2,TAP,0.7110681,1.0000
45932,3,TAP,0.5716360,1.0000
45948,2,TAP,0.7221207,1.0000
45948,3,TAP,0.5814738,1.0000
45966,3,TAP,0.5908709,1.0000
45982,3,TAP,0.6009708,1.0000
46000,1,TAP,0.4826923,1.0000
46000,2,TAP,0.4826809,1.0000
46000,3,TAP,0.6110673,1.0000
46032,1,TAP,0.5009615,1.0000
46032,2,TAP,0.5009615,1.0000
46032,3,TAP,0.6312554,1.0000
46049,1,TAP,0.5096250,1.0000
46049,2,TAP,0.5096211,1.0000
46049,3,TAP,0.6417941,1.0000
46065,1,TAP,0.5192179,1.0000
46065,2,TAP,0.5192283,1.0000
46065,3,TAP,0.6519140,1.0000
46084,1,TAP,0.5283711,1.0000
46084,2,TAP,0.5284342,1.0000
46084,3,TAP,0.6620327,1.0000
46115,1,TAP,0.5471273,1.0000
46115,2,TAP,0.5471154,1.0000
46115,3,TAP,0.6836376,1.0000
46132,1,TAP,0.5567363,1.0000
46132,2,TAP,0.5567308,1.0000
46132,3,TAP,0.6944800,1.0000
46148,1,TAP,0.5663462,1.0000
46148,2,TAP,0.5663462,1.0000
46148,3,TAP,0.7052885,1.0000
46165,1,TAP,0.5759670,1.0000
46165,2,TAP,0.5759615,1.0000
46165,3,TAP,0.7158772,1.0000
46182,1,TAP,0.5864782,1.0000
46182,2,TAP,0.5863590,1.0000
46182,3,TAP,0.7269237,1.0000
46199,1,TAP,0.5956786,1.0000
46199,2,TAP,0.5956731,1.0000
46217,1,TAP,0.6052939,1.0000
46217,2,TAP,0.6052995,1.0000
46249,1,TAP,0.6254930,1.0000
46249,2,TAP,0.6254808,1.0000
46266,1,TAP,0.6360604,1.0000
46266,2,TAP,0.6360577,1.0000
46283,1,TAP,0.6466346,1.0000
46283,2,TAP,0.6466534,1.0000
46300,1,TAP,0.6563110,1.0000
46300,2,TAP,0.6567308,1.0000
46332,1,TAP,0.6778864,1.0000
46332,2,TAP,0.6779064,1.0000
46349,1,TAP,0.6889556,1.0000
46349,2,TAP,0.6889423,1.0000
46365,1,TAP,0.6995153,1.0000
46365,2,TAP,0.6995246,1.0000
46383,1,TAP,0.7100962,1.0000
46383,2,TAP,0.7101185,1.0000
46399,1,TAP,0.7211538,1.0000
46399,2,TAP,0.7207928,1.0000
46450,3,UP,0.4807692,0.9749
46466,3,UP,0.4899038,0.9559
46482,3,UP,0.4990385,0.9444
46503,3,UP,0.5086538,0.9466
46533,3,UP,0.5269231,0.9346
46549,3,UP,0.5365385,0.9309
46565,3,UP,0.5461538,0.9234
46582,3,UP,0.5552885,0.9082
46599,3,UP,0.5653846,0.9065
46616,3,UP,0.5750000,0.9128
46632,3,UP,0.5850962,0.9112
46649,3,UP,0.5951923,0.9023
46665,3,UP,0.6052885,0.9142
46682,3,UP,0.6149038,0.8951
46700,3,UP,0.6254808,0.8894
46733,3,UP,0.6461538,0.8925
46749,3,UP,0.6567308,0.8879
46765,3,UP,0.6677885,0.8632
46782,3,UP,0.6778846,0.8491
46800,3,UP,0.6889423,0.8518
46817,3,UP,0.7000000,0.8632
46850,3,UP,0.7110577,0.8463
46900,2,TAP,0.4817308,1.0000
46916,2,TAP,0.4903960,1.0000
46933,2,TAP,0.4995192,1.0000
46949,2,TAP,0.5089779,1.0000
46965,2,TAP,0.5182692,1.0000
46982,2,TAP,0.5269422,1.0000
46999,2,TAP,0.5365385,1.0000
47017,2,TAP,0.5461538,1.0000
47033,2,TAP,0.5552997,1.0000
47049,2,TAP,0.5653704,1.0000
47066,2,TAP,0.5745249,1.0000
47083,2,TAP,0.5846208,1.0000
47099,2,TAP,0.5947115,1.0000
47116,2,TAP,0.6043269,1.0000
47133,2,TAP,0.6144231,1.0000
47165,2,TAP,0.6245192,1.0000
47182,2,TAP,0.6350962,1.0000
47199,2,TAP,0.6447129,1.0000
47217,2,TAP,0.6552885,1.0000
47233,2,TAP,0.6658654,1.0000
47249,2,TAP,0.6764423,1.0000
47266,2,TAP,0.6870192,1.0000
47283,2,TAP,0.6980769,1.0000
47299,2,TAP,0.7087771,1.0000
47315,2,TAP,0.7197115,1.0000
47349,1,TAP,0.4807692,1.0000
47366,1,TAP,0.4898983,1.0000
47382,1,TAP,0.4990442,1.0000
47399,1,TAP,0.5077109,1.0000
47417,1,TAP,0.5172948,1.0000
47433,1,TAP,0.5266037,1.0000
47449,1,TAP,0.5355888,1.0000
47471,1,TAP,0.5451979,1.0000
47499,1,TAP,0.5644191,1.0000
47516,1,TAP,0.5740479,1.0000
47533,1,TAP,0.5836421,1.0000
47549,1,TAP,0.5937500,1.0000
47566,1,TAP,0.6038462,1.0000
47582,1,TAP,0.6139382,1.0000
47599,1,TAP,0.6236155,1.0000
47616,1,TAP,0.6341264,1.0000
47633,1,TAP,0.6447115,1.0000
47650,1,TAP,0.6548144,1.0000
47666,1,TAP,0.6649132,1.0000
47682,1,TAP,0.6754848,1.0000
47699,1,TAP,0.6865439,1.0000
47716,1,TAP,0.6971207,1.0000
47733,1,TAP,0.7081731,1.0000
47749,1,TAP,0.7192308,1.0000
47816,1,TAP,0.4894174,1.0000
47816,2,TAP,0.4894231,1.0000
47833,1,TAP,0.4980867,1.0000
47833,2,TAP,0.4980769,1.0000
47850,1,TAP,0.5076996,1.0000
47850,2,TAP,0.5076923,1.0000
47866,1,TAP,0.5163478,1.0000
47866,2,TAP,0.5163462,1.0000
47882,1,TAP,0.5259615,1.0000
47882,2,TAP,0.5259832,1.0000
47899,1,TAP,0.5355785,1.0000
47899,2,TAP,0.5355714,1.0000
47915,1,TAP,0.5447130,1.0000
47915,2,TAP,0.5447059,1.0000
47933,1,TAP,0.5538517,1.0000
47933,2,TAP,0.5538517,1.0000
47949,1,TAP,0.5639283,1.0000
47949,2,TAP,0.5639367,1.0000
47965,1,TAP,0.5735605,1.0000
47965,2,TAP,0.5735577,1.0000
47982,1,TAP,0.5831605,1.0000
47982,2,TAP,0.5829393,1.0000
47999,1,TAP,0.5932692,1.0000
47999,2,TAP,0.5932692,1.0000
47999,3,TAP,0.4115351,1.0000
48016,1,TAP,0.6028915,1.0000
48016,2,TAP,0.6028900,1.0000
48032,1,TAP,0.6129931,1.0000
48032,2,TAP,0.6129918,1.0000
48049,1,TAP,0.6230823,1.0000
48049,2,TAP,0.6230769,1.0000
48066,1,TAP,0.6331609,1.0000
48066,2,TAP,0.6331731,1.0000
48082,1,TAP,0.6437500,1.0000
48082,2,TAP,0.6437621,1.0000
48099,1,TAP,0.6543135,1.0000
48099,2,TAP,0.6543323,1.0000
48116,1,TAP,0.6644418,1.0000
48116,2,TAP,0.6649038,1.0000
48132,1,TAP,0.6750108,1.0000
48132,2,TAP,0.6750000,1.0000
48132,2,TAP,0.4778846,1.0000
48132,3,TAP,0.4778846,1.0000
48149,1,TAP,0.6855823,1.0000
48149,2,TAP,0.6855769,1.0000
48149,2,TAP,0.4865385,1.0000
48149,3,TAP,0.4865442,1.0000
48166,1,TAP,0.6966346,1.0000
48166,2,TAP,0.6966346,1.0000
48166,2,TAP,0.4956731,1.0000
48166,3,TAP,0.4956731,1.0000
48182,1,TAP,0.7072115,1.0000
48182,2,TAP,0.7072365,1.0000
48182,2,TAP,0.5048077,1.0000
48182,3,TAP,0.5048077,1.0000
48198,1,TAP,0.7182692,1.0000
48198,2,TAP,0.7182692,1.0000
48198,2,TAP,0.5139423,1.0000
48198,3,TAP,0.5139102,1.0000
48215,1,TAP,0.7293361,1.0000
48215,2,TAP,0.7293269,1.0000
48215,2,TAP,0.5230826,1.0000
48215,3,TAP,0.5230769,1.0000
48232,2,TAP,0.5326923,1.0000
48232,3,TAP,0.5326923,1.0000
48250,2,TAP,0.5418769,1.0000
48250,3,TAP,0.5422950,1.0000
48266,2,TAP,0.5514536,1.0000
48266,3,TAP,0.5514479,1.0000
48282,2,TAP,0.5610577,1.0000
48282,3,TAP,0.5610493,1.0000
48299,2,TAP,0.5707418,1.0000
48299,3,TAP,0.5708613,1.0000
48315,2,TAP,0.5803066,1.0000
48315,3,TAP,0.5802885,1.0000
48332,2,TAP,0.5899190,1.0000
48332,3,TAP,0.5899150,1.0000
48349,2,TAP,0.6000000,1.0000
48349,3,TAP,0.6000116,1.0000
48366,2,TAP,0.6100962,1.0000
48366,3,TAP,0.6100934,1.0000
48382,2,TAP,0.6201923,1.0000
48382,3,TAP,0.6197673,1.0000
48399,2,TAP,0.6302885,1.0000
48399,3,TAP,0.6302830,1.0000
48415,2,TAP,0.6408695,1.0000
48415,3,TAP,0.6408695,1.0000
48432,2,TAP,0.6505200,1.0000
48432,3,TAP,0.6505378,1.0000
48449,2,TAP,0.6610577,1.0000
48449,3,TAP,0.6610711,1.0000
48466,1,TAP,0.4750000,1.0000
48466,2,TAP,0.6716346,1.0000
48466,3,TAP,0.6716346,1.0000
48482,1,TAP,0.4836538,1.0000
48482,2,TAP,0.6826923,1.0000
48482,2,TAP,0.4836595,1.0000
48482,3,TAP,0.6826923,1.0000
48498,1,TAP,0.4927698,1.0000
48498,2,TAP,0.6932692,1.0000
48498,2,TAP,0.4927811,1.0000
48498,3,TAP,0.6932746,1.0000
48515,1,TAP,0.5019231,1.0000
48515,2,TAP,0.7038462,1.0000
48515,2,TAP,0.5019288,1.0000
48515,3,TAP,0.7038587,1.0000
48532,1,TAP,0.5110577,1.0000
48532,2,TAP,0.7149038,1.0000
48532,2,TAP,0.5110503,1.0000
48532,3,TAP,0.7149169,1.0000
48549,1,TAP,0.5201883,1.0000
48549,2,TAP,0.7259615,1.0000
48549,2,TAP,0.5201923,1.0000
48549,3,TAP,0.7259615,1.0000
48565,1,TAP,0.5298021,1.0000
48565,2,TAP,0.5298077,1.0000
48582,1,TAP,0.5390112,1.0000
48582,2,TAP,0.5389593,1.0000
48599,1,TAP,0.5485335,1.0000
48599,2,TAP,0.5485577,1.0000
48616,1,TAP,0.5577018,1.0000
48616,2,TAP,0.5576923,1.0000
48632,1,TAP,0.5677941,1.0000
48632,2,TAP,0.5677885,1.0000
48649,1,TAP,0.5774038,1.0000
48649,2,TAP,0.5774150,1.0000
48666,1,TAP,0.5870192,1.0000
48666,2,TAP,0.5870082,1.0000
48682,1,TAP,0.5971247,1.0000
48682,2,TAP,0.5971154,1.0000
48699,1,TAP,0.6071417,1.0000
48699,2,TAP,0.6067308,1.0000
48715,1,TAP,0.6168380,1.0000
48715,2,TAP,0.6169281,1.0000
48732,1,TAP,0.6274038,1.0000
48732,2,TAP,0.6274038,1.0000
48751,1,TAP,0.6375115,1.0000
48751,2,TAP,0.6375000,1.0000
48782,1,TAP,0.6581677,1.0000
48782,2,TAP,0.6581825,1.0000
48798,1,TAP,0.6687500,1.0000
48798,2,TAP,0.6687500,1.0000
48815,1,TAP,0.6793269,1.0000
48815,2,TAP,0.6793269,1.0000
48832,1,TAP,0.6899171,1.0000
48832,2,TAP,0.6899038,1.0000
48849,1,TAP,0.7009663,1.0000
48849,2,TAP,0.7009657,1.0000
48866,1,TAP,0.7115456,1.0000
48866,2,TAP,0.7115561,1.0000
48883,1,TAP,0.7225909,1.0000
48883,2,TAP,0.7226014,1.0000
48916,1,TAP,0.4740343,1.0000
48933,1,TAP,0.4836481,1.0000
48949,1,TAP,0.4922946,1.0000
48966,1,TAP,0.5009787,1.0000
48983,1,TAP,0.5105825,1.0000
48999,1,TAP,0.5197023,1.0000
49016,1,TAP,0.5288462,1.0000
49033,1,TAP,0.5384671,1.0000
49049,1,TAP,0.5480864,1.0000
49066,1,TAP,0.5577018,1.0000
49085,1,TAP,0.5668326,1.0000
49115,1,TAP,0.5865447,1.0000
49132,1,TAP,0.5961593,1.0000
49149,1,TAP,0.6062555,1.0000
49149,2,TAP,0.4788462,1.0000
49165,1,TAP,0.6163462,1.0000
49165,2,TAP,0.4875057,1.0000
49182,1,TAP,0.6264545,1.0000
49182,2,TAP,0.4961653,1.0000
49199,1,TAP,0.6370260,1.0000
49199,2,TAP,0.5057692,1.0000
49215,1,TAP,0.6466509,1.0000
49215,2,TAP,0.5144231,1.0000
49232,1,TAP,0.6572021,1.0000
49232,2,TAP,0.5244436,1.0000
49249,1,TAP,0.6677885,1.0000
49249,2,TAP,0.5336538,1.0000
49266,1,TAP,0.6787278,1.0000
49266,2,TAP,0.5423188,1.0000
49283,1,TAP,0.6889556,1.0000
49283,2,TAP,0.5524038,1.0000
49299,1,TAP,0.6999976,1.0000
49299,2,TAP,0.5615385,1.0000
49315,1,TAP,0.7110669,1.0000
49315,2,TAP,0.5716346,1.0000
49332,1,TAP,0.7221101,1.0000
49332,2,TAP,0.5812639,1.0000
49349,2,TAP,0.5908654,1.0000
49365,2,TAP,0.6009615,1.0000
49382,2,TAP,0.6110577,1.0000
49382,3,TAP,0.4826923,1.0000
49399,2,TAP,0.6206786,1.0000
49399,3,TAP,0.4918156,1.0000
49416,2,TAP,0.6312500,1.0000
49416,3,TAP,0.5009615,1.0000
49432,2,TAP,0.6414626,1.0000
49432,3,TAP,0.5096154,1.0000
49449,2,TAP,0.6519140,1.0000
49449,3,TAP,0.5192308,1.0000
49466,2,TAP,0.6620192,1.0000
49466,3,TAP,0.5283654,1.0000
49482,2,TAP,0.6725962,1.0000
49482,3,TAP,0.5375040,1.0000
49499,2,TAP,0.6831731,1.0000
49499,3,TAP,0.5471281,1.0000
49515,2,TAP,0.6942471,1.0000
49515,3,TAP,0.5567402,1.0000
49532,2,TAP,0.7048336,1.0000
49532,3,TAP,0.5663406,1.0000
49549,2,TAP,0.7158654,1.0000
49549,3,TAP,0.5759670,1.0000
49565,2,TAP,0.7269231,1.0000
49565,3,TAP,0.5855769,1.0000
49582,3,TAP,0.5956786,1.0000
49599,1,TAP,0.4782416,1.0000
49599,2,TAP,0.4778960,1.0000
49599,3,TAP,0.6053009,1.0000
49615,1,TAP,0.4865442,1.0000
49615,2,TAP,0.4865385,1.0000
49615,3,TAP,0.6158654,1.0000
49632,1,TAP,0.4956768,1.0000
49632,2,TAP,0.4956805,1.0000
49632,3,TAP,0.6254944,1.0000
49648,1,TAP,0.5048134,1.0000
49648,2,TAP,0.5048077,1.0000
49648,3,TAP,0.6360604,1.0000
49665,1,TAP,0.5144175,1.0000
49665,2,TAP,0.5144231,1.0000
49665,3,TAP,0.6466346,1.0000
49682,1,TAP,0.5230866,1.0000
49682,2,TAP,0.5230818,1.0000
49682,3,TAP,0.6567162,1.0000
49699,1,TAP,0.5326923,1.0000
49699,2,TAP,0.5326923,1.0000
49699,3,TAP,0.6673077,1.0000
49715,1,TAP,0.5422950,1.0000
49715,2,TAP,0.5423077,1.0000
49715,3,TAP,0.6778846,1.0000
49732,1,TAP,0.5514479,1.0000
49732,2,TAP,0.5514536,1.0000
49732,3,TAP,0.6884759,1.0000
49749,1,TAP,0.5615345,1.0000
49749,2,TAP,0.5615385,1.0000
49749,3,TAP,0.6990355,1.0000
49765,1,TAP,0.5706885,1.0000
49765,2,TAP,0.5706731,1.0000
49765,3,TAP,0.7101014,1.0000
49782,1,TAP,0.5807567,1.0000
49782,2,TAP,0.5807910,1.0000
49782,3,TAP,0.7211538,1.0000
49799,1,TAP,0.5903901,1.0000
49799,2,TAP,0.5903846,1.0000
49799,3,TAP,0.7322115,1.0000
49816,1,TAP,0.6000116,1.0000
49816,2,TAP,0.6000000,1.0000
49833,1,TAP,0.6101044,1.0000
49833,2,TAP,0.6100962,1.0000
49849,1,TAP,0.6206731,1.0000
49849,2,TAP,0.6206731,1.0000
49866,1,TAP,0.6302803,1.0000
49866,2,TAP,0.6302885,1.0000
49883,1,TAP,0.6408749,1.0000
49883,2,TAP,0.6408654,1.0000
49899,1,TAP,0.6514450,1.0000
49899,2,TAP,0.6514504,1.0000
49916,1,TAP,0.6615506,1.0000
49916,2,TAP,0.6615385,1.0000
49932,1,TAP,0.6721100,1.0000
49932,2,TAP,0.6718696,1.0000
49949,1,TAP,0.6826977,1.0000
49949,2,TAP,0.6826923,1.0000
49965,1,TAP,0.6932907,1.0000
49965,2,TAP,0.6932692,1.0000
49982,1,TAP,0.7043362,1.0000
49982,2,TAP,0.7043283,1.0000
49999,1,TAP,0.7149169,1.0000
49999,2,TAP,0.7149038,1.0000
50016,1,TAP,0.7259615,1.0000
50016,2,TAP,0.7259668,1.0000
50050,3,UP,0.4759615,0.9635
50082,3,UP,0.4937500,0.9638
50099,3,UP,0.5028846,0.9444
50116,3,UP,0.5125000,0.9515
50132,3,UP,0.5216346,0.9423
50149,3,UP,0.5312500,0.9611
50165,3,UP,0.5403846,0.9355
50182,3,UP,0.5504808,0.9355
50199,3,UP,0.5600962,0.9374
50216,3,UP,0.5697115,0.9129
50232,3,UP,0.5793269,0.9145
50249,3,UP,0.5894231,0.9209
50265,3,UP,0.5995192,0.8899
50282,3,UP,0.6100962,0.8920
50299,3,UP,0.6197115,0.8821
50316,3,UP,0.6298077,0.8894
50333,3,UP,0.6408654,0.8946
50349,3,UP,0.6509615,0.8732
50365,3,UP,0.6620192,0.8718
50382,3,UP,0.6721154,0.8726
50399,3,UP,0.6831731,0.8732
50417,3,UP,0.6942308,0.8718
50433,3,UP,0.7052885,0.8673
50449,3,UP,0.7163462,0.8504
50465,3,UP,0.7274038,0.8381
50499,2,TAP,0.4764535,1.0000
50517,2,TAP,0.4855769,1.0000
50533,2,TAP,0.4942308,1.0000
50549,2,TAP,0.5038462,1.0000
50565,2,TAP,0.5125000,1.0000
50582,2,TAP,0.5217075,1.0000
50600,2,TAP,0.5317308,1.0000
50617,2,TAP,0.5408654,1.0000
50633,2,TAP,0.5500000,1.0000
50649,2,TAP,0.5600792,1.0000
50666,2,TAP,0.5692308,1.0000
50682,2,TAP,0.5793367,1.0000
50699,2,TAP,0.5893548,1.0000
50716,2,TAP,0.5990385,1.0000
50732,2,TAP,0.6091291,1.0000
50749,2,TAP,0.6187500,1.0000
50766,2,TAP,0.6293269,1.0000
50782,2,TAP,0.6394231,1.0000
50799,2,TAP,0.6495219,1.0000
50816,2,TAP,0.6600962,1.0000
50833,2,TAP,0.6706731,1.0000
50850,2,TAP,0.6812500,1.0000
50866,2,TAP,0.6918269,1.0000
50882,2,TAP,0.7028852,1.0000
50899,1,TAP,0.4524038,1.0000
50899,2,TAP,0.7134668,1.0000
50915,2,TAP,0.7252578,1.0000
50950,1,TAP,0.4755482,1.0000
50983,1,TAP,0.4942185,1.0000
50999,1,TAP,0.5028846,1.0000
51015,1,TAP,0.5125056,1.0000
51033,1,TAP,0.5216432,1.0000
51050,1,TAP,0.5307692,1.0000
51066,1,TAP,0.5403751,1.0000
51082,1,TAP,0.5500055,1.0000
51099,1,TAP,0.5591712,1.0000
51116,1,TAP,0.5692308,1.0000
51134,1,TAP,0.5783765,1.0000
51150,1,TAP,0.5884701,1.0000
51166,1,TAP,0.5985715,1.0000
51183,1,TAP,0.6081786,1.0000
51199,1,TAP,0.6182692,1.0000
51216,1,TAP,0.6283708,1.0000
51232,1,TAP,0.6389559,1.0000
51250,1,TAP,0.6495002,1.0000
51266,1,TAP,0.6596154,1.0000
51282,1,TAP,0.6697115,1.0000
51299,1,TAP,0.6802885,1.0000
51316,1,TAP,0.6913551,1.0000
51332,1,TAP,0.7019332,1.0000
51349,1,TAP,0.7129939,1.0000
51366,1,TAP,0.7240261,1.0000
51633,1,TAP,0.4798019,1.0000
51650,1,TAP,0.4884615,1.0000
51667,1,TAP,0.4980785,1.0000
51683,1,TAP,0.5066621,1.0000
51699,1,TAP,0.5158562,1.0000
51716,1,TAP,0.5250056,1.0000
51732,1,TAP,0.5346273,1.0000
51750,1,TAP,0.5442244,1.0000
51767,1,TAP,0.5538462,1.0000
51783,1,TAP,0.5629724,1.0000
51799,1,TAP,0.5730816,1.0000
51816,1,TAP,0.5821990,1.0000
51832,1,TAP,0.5923077,1.0000
51849,1,TAP,0.6024038,1.0000
51866,1,TAP,0.6123234,1.0000
51866,2,TAP,0.4836538,1.0000
51882,1,TAP,0.6225518,1.0000
51882,2,TAP,0.4927885,1.0000
51899,1,TAP,0.6322129,1.0000
51899,2,TAP,0.5019231,1.0000
51915,1,TAP,0.6427885,1.0000
51915,2,TAP,0.5110577,1.0000
51932,1,TAP,0.6533587,1.0000
51932,2,TAP,0.5201923,1.0000
51949,1,TAP,0.6639544,1.0000
51949,2,TAP,0.5298077,1.0000
51949,3,TAP,0.4125000,1.0000
51966,1,TAP,0.6745099,1.0000
51966,2,TAP,0.5384726,1.0000
51983,1,TAP,0.6850962,1.0000
51983,2,TAP,0.5485407,1.0000
51999,1,TAP,0.6956678,1.0000
51999,2,TAP,0.5576923,1.0000
52015,1,TAP,0.7062500,1.0000
52015,2,TAP,0.5677885,1.0000
52032,1,TAP,0.7173130,1.0000
52032,2,TAP,0.5769380,1.0000
52067,1,TAP,0.7288491,1.0000
52067,2,TAP,0.5870192,1.0000
52083,2,TAP,0.5971154,1.0000
52099,2,TAP,0.6067788,1.0000
52099,3,TAP,0.4788462,1.0000
52115,2,TAP,0.6168324,1.0000
52115,3,TAP,0.4879733,1.0000
52132,2,TAP,0.6269231,1.0000
52132,3,TAP,0.4971154,1.0000
52149,2,TAP,0.6370192,1.0000
52149,3,TAP,0.5057692,1.0000
52166,2,TAP,0.6479764,1.0000
52166,3,TAP,0.5153725,1.0000
52182,2,TAP,0.6581784,1.0000
52182,3,TAP,0.5245321,1.0000
52199,2,TAP,0.6687500,1.0000
52199,3,TAP,0.5336538,1.0000
52216,2,TAP,0.6793269,1.0000
52216,3,TAP,0.5432668,1.0000
52232,2,TAP,0.6899038,1.0000
52232,3,TAP,0.5528846,1.0000
52249,2,TAP,0.7004821,1.0000
52249,3,TAP,0.5624937,1.0000
52266,2,TAP,0.7115479,1.0000
52266,3,TAP,0.5721272,1.0000
52283,2,TAP,0.7225962,1.0000
52283,3,TAP,0.5817253,1.0000
52299,2,TAP,0.7336538,1.0000
52299,3,TAP,0.5916710,1.0000
52315,3,TAP,0.6017139,1.0000
52333,2,TAP,0.4836424,1.0000
52333,3,TAP,0.6115377,1.0000
52366,2,TAP,0.5009615,1.0000
52366,3,TAP,0.6321993,1.0000
52383,2,TAP,0.5105769,1.0000
52383,3,TAP,0.6418323,1.0000
52399,2,TAP,0.5192422,1.0000
52399,3,TAP,0.6524038,1.0000
52416,2,TAP,0.5288517,1.0000
52416,3,TAP,0.6629928,1.0000
52432,2,TAP,0.5384615,1.0000
52432,3,TAP,0.6735483,1.0000
52449,2,TAP,0.5476188,1.0000
52449,3,TAP,0.6841346,1.0000
52465,2,TAP,0.5576923,1.0000
52465,3,TAP,0.6947115,1.0000
52482,2,TAP,0.5668269,1.0000
52482,3,TAP,0.7057692,1.0000
52499,2,TAP,0.5769089,1.0000
52499,3,TAP,0.7168321,1.0000
52515,2,TAP,0.5860964,1.0000
52515,3,TAP,0.7278899,1.0000
52532,2,TAP,0.5961538,1.0000
52532,3,TAP,0.7389475,1.0000
52550,1,TAP,0.4783654,1.0000
52550,2,TAP,0.6062500,1.0000
52566,1,TAP,0.4875057,1.0000
52566,2,TAP,0.6163462,1.0000
52583,1,TAP,0.4961726,1.0000
52583,2,TAP,0.6264423,1.0000
52600,1,TAP,0.5057733,1.0000
52600,2,TAP,0.6370151,1.0000
52616,1,TAP,0.5144166,1.0000
52616,2,TAP,0.6466671,1.0000
52632,1,TAP,0.5240505,1.0000
52632,2,TAP,0.6572169,1.0000
52649,1,TAP,0.5336578,1.0000
52649,2,TAP,0.6677885,1.0000
52665,1,TAP,0.5425455,1.0000
52665,2,TAP,0.6787087,1.0000
52683,1,TAP,0.5523982,1.0000
52683,2,TAP,0.6889423,1.0000
52699,1,TAP,0.5615385,1.0000
52699,2,TAP,0.7000000,1.0000
52715,1,TAP,0.5716346,1.0000
52715,2,TAP,0.7106005,1.0000
52732,1,TAP,0.5812403,1.0000
52732,2,TAP,0.7216346,1.0000
52749,1,TAP,0.5908709,1.0000
52749,2,TAP,0.7326976,1.0000
52766,1,TAP,0.6009708,1.0000
52783,1,TAP,0.6106355,1.0000
52783,2,TAP,0.4826923,1.0000
52800,1,TAP,0.6206993,1.0000
52800,2,TAP,0.4913290,1.0000
52816,1,TAP,0.6312446,1.0000
52816,2,TAP,0.5004808,1.0000
52835,1,TAP,0.6413787,1.0000
52835,2,TAP,0.5096154,1.0000
52866,1,TAP,0.6620327,1.0000
52866,2,TAP,0.5279093,1.0000
52882,1,TAP,0.6725908,1.0000
52882,2,TAP,0.5374777,1.0000
52899,1,TAP,0.6831731,1.0000
52899,2,TAP,0.5471154,1.0000
52915,1,TAP,0.6942398,1.0000
52915,2,TAP,0.5567308,1.0000
52932,1,TAP,0.7048130,1.0000
52932,2,TAP,0.5663462,1.0000
52948,1,TAP,0.7158772,1.0000
52948,2,TAP,0.5759615,1.0000
52965,1,TAP,0.7269237,1.0000
52965,2,TAP,0.5855731,1.0000
52982,1,TAP,0.7379860,1.0000
52982,2,TAP,0.5956786,1.0000
52999,1,TAP,0.4782486,1.0000
52999,2,TAP,0.6052995,1.0000
53015,1,TAP,0.4865483,1.0000
53015,2,TAP,0.6153846,1.0000
53032,1,TAP,0.4956917,1.0000
53032,2,TAP,0.6254808,1.0000
53049,1,TAP,0.5048077,1.0000
53049,2,TAP,0.6360577,1.0000
53065,1,TAP,0.5144062,1.0000
53065,2,TAP,0.6461614,1.0000
53082,1,TAP,0.5230866,1.0000
53082,2,TAP,0.6562594,1.0000
53099,1,TAP,0.5326979,1.0000
53099,2,TAP,0.6668269,1.0000
53116,1,TAP,0.5422950,1.0000
53116,2,TAP,0.6774038,1.0000
53132,1,TAP,0.5514423,1.0000
53132,2,TAP,0.6879808,1.0000
53149,1,TAP,0.5610521,1.0000
53149,2,TAP,0.6990385,1.0000
53165,1,TAP,0.5708743,1.0000
53165,2,TAP,0.7101185,1.0000
53182,1,TAP,0.5807638,1.0000
53182,2,TAP,0.7211486,1.0000
53199,1,TAP,0.5903901,1.0000
53199,2,TAP,0.7322115,1.0000
53216,1,TAP,0.6000116,1.0000
53216,2,TAP,0.7432692,1.0000
53232,1,TAP,0.6100948,1.0000
53249,1,TAP,0.6201923,1.0000
53266,1,TAP,0.6302885,1.0000
53283,1,TAP,0.6408749,1.0000
53299,1,TAP,0.6514490,1.0000
53316,1,TAP,0.6610711,1.0000
53332,1,TAP,0.6717897,1.0000
53349,1,TAP,0.6826977,1.0000
53365,1,TAP,0.6933178,1.0000
53382,1,TAP,0.7043322,1.0000
53399,1,TAP,0.7149169,1.0000
53416,1,TAP,0.7259610,1.0000
53433,1,TAP,0.7374882,1.0000
53449,1,TAP,0.4769231,1.0000
53465,1,TAP,0.4860670,1.0000
53482,1,TAP,0.4951915,1.0000
53499,1,TAP,0.5038518,1.0000
53516,1,TAP,0.5134615,1.0000
53532,1,TAP,0.5225998,1.0000
53548,1,TAP,0.5317364,1.0000
53565,1,TAP,0.5413366,1.0000
53582,1,TAP,0.5509615,1.0000
53599,1,TAP,0.5605808,1.0000
53616,1,TAP,0.5701978,1.0000
53632,1,TAP,0.5798077,1.0000
53649,1,TAP,0.5899136,1.0000
53666,1,TAP,0.5995330,1.0000
53682,1,TAP,0.6091470,1.0000
53682,2,TAP,0.4812500,1.0000
53699,1,TAP,0.6197115,1.0000
53699,2,TAP,0.4903846,1.0000
53716,1,TAP,0.6298077,1.0000
53716,2,TAP,0.4995118,1.0000
53732,1,TAP,0.6399161,1.0000
53732,2,TAP,0.5086538,1.0000
53748,1,TAP,0.6504888,1.0000
53748,2,TAP,0.5177652,1.0000
53765,1,TAP,0.6610711,1.0000
53765,2,TAP,0.5269446,1.0000
53782,1,TAP,0.6711593,1.0000
53782,2,TAP,0.5365385,1.0000
53799,1,TAP,0.6822115,1.0000
53799,2,TAP,0.5461538,1.0000
53816,1,TAP,0.6927977,1.0000
53816,2,TAP,0.5552997,1.0000
53832,1,TAP,0.7033773,1.0000
53832,2,TAP,0.5649038,1.0000
53849,1,TAP,0.7144372,1.0000
53849,2,TAP,0.5745192,1.0000
53866,1,TAP,0.7250123,1.0000
53866,2,TAP,0.5845983,1.0000
53882,2,TAP,0.6043214,1.0000
53882,3,TAP,0.4764423,1.0000
53899,2,TAP,0.6139423,1.0000
53899,3,TAP,0.4855769,1.0000
53916,2,TAP,0.6245192,1.0000
53916,3,TAP,0.4942266,1.0000
53932,2,TAP,0.6346154,1.0000
53932,3,TAP,0.5038462,1.0000
53949,2,TAP,0.6447265,1.0000
53949,3,TAP,0.5125057,1.0000
53965,2,TAP,0.6552965,1.0000
53965,3,TAP,0.5218184,1.0000
53982,2,TAP,0.6658654,1.0000
53982,3,TAP,0.5316965,1.0000
53999,2,TAP,0.6764423,1.0000
53999,3,TAP,0.5408527,1.0000
54016,2,TAP,0.6870192,1.0000
54016,3,TAP,0.5500055,1.0000
54033,2,TAP,0.6975962,1.0000
54033,3,TAP,0.5596280,1.0000
54049,2,TAP,0.7086776,1.0000
54049,3,TAP,0.5692308,1.0000
54065,2,TAP,0.7197050,1.0000
54065,3,TAP,0.5793214,1.0000
54082,3,TAP,0.5889520,1.0000
54100,3,TAP,0.5985715,1.0000
54119,2,TAP,0.4807692,1.0000
54119,3,TAP,0.6091250,1.0000
54149,2,TAP,0.4990385,1.0000
54149,3,TAP,0.6289334,1.0000
54165,2,TAP,0.5076923,1.0000
54165,3,TAP,0.6389545,1.0000
54182,2,TAP,0.5173077,1.0000
54182,3,TAP,0.6495381,1.0000
54199,2,TAP,0.5259864,1.0000
54199,3,TAP,0.6597693,1.0000
54215,2,TAP,0.5355769,1.0000
54215,3,TAP,0.6706731,1.0000
54233,2,TAP,0.5451923,1.0000
54233,3,TAP,0.6812500,1.0000
54249,2,TAP,0.5548077,1.0000
54249,3,TAP,0.6918388,1.0000
54265,2,TAP,0.5644231,1.0000
54265,3,TAP,0.7028612,1.0000
54282,2,TAP,0.5740385,1.0000
54282,3,TAP,0.7134816,1.0000
54299,2,TAP,0.5836647,1.0000
54299,3,TAP,0.7249853,1.0000
54315,2,TAP,0.5937610,1.0000
54333,1,TAP,0.4758654,1.0000
54333,2,TAP,0.6033654,1.0000
54349,1,TAP,0.4846212,1.0000
54349,2,TAP,0.6139423,1.0000
54365,1,TAP,0.4942185,1.0000
54365,2,TAP,0.6235577,1.0000
54382,1,TAP,0.5028903,1.0000
54382,2,TAP,0.6336538,1.0000
54399,1,TAP,0.5125000,1.0000
54399,2,TAP,0.6437757,1.0000
54416,1,TAP,0.5211668,1.0000
54416,2,TAP,0.6543363,1.0000
54433,1,TAP,0.5307692,1.0000
54433,2,TAP,0.6649038,1.0000
54449,1,TAP,0.5399095,1.0000
54449,2,TAP,0.6754808,1.0000
54465,1,TAP,0.5495605,1.0000
54465,2,TAP,0.6860577,1.0000
54482,1,TAP,0.5591486,1.0000
54482,2,TAP,0.6971196,1.0000
54498,1,TAP,0.5682763,1.0000
54498,2,TAP,0.7077197,1.0000
54515,1,TAP,0.5783654,1.0000
54515,2,TAP,0.7187500,1.0000
54532,1,TAP,0.5884709,1.0000
54549,1,TAP,0.5985715,1.0000
54566,1,TAP,0.6081690,1.0000
54566,2,TAP,0.4802885,1.0000
54582,1,TAP,0.6182692,1.0000
54582,2,TAP,0.4889423,1.0000
54599,1,TAP,0.6283708,1.0000
54599,2,TAP,0.4980826,1.0000
54616,1,TAP,0.6389559,1.0000
54616,2,TAP,0.5072041,1.0000
54633,1,TAP,0.6485671,1.0000
54633,2,TAP,0.5163462,1.0000
54650,1,TAP,0.6591346,1.0000
54650,2,TAP,0.5259808,1.0000
54666,1,TAP,0.6697115,1.0000
54666,2,TAP,0.5346831,1.0000
54682,1,TAP,0.6802938,1.0000
54682,2,TAP,0.5446775,1.0000
54699,1,TAP,0.6913318,1.0000
54699,2,TAP,0.5538462,1.0000
54715,1,TAP,0.7019255,1.0000
54715,2,TAP,0.5634615,1.0000
54732,1,TAP,0.7129939,1.0000
54732,2,TAP,0.5730769,1.0000
54756,1,TAP,0.7240261,1.0000
54756,2,TAP,0.5831621,1.0000
54782,2,TAP,0.6028846,1.0000
54782,3,TAP,0.4754808,1.0000
54799,2,TAP,0.6129808,1.0000
54799,3,TAP,0.4841346,1.0000
54816,2,TAP,0.6230700,1.0000
54816,3,TAP,0.4935725,1.0000
54833,2,TAP,0.6331731,1.0000
54833,3,TAP,0.5028614,1.0000
54850,2,TAP,0.6437582,1.0000
54850,3,TAP,0.5115385,1.0000
54866,2,TAP,0.6538499,1.0000
54866,3,TAP,0.5206905,1.0000
54882,2,TAP,0.6639423,1.0000
54882,3,TAP,0.5298077,1.0000
54898,2,TAP,0.6750000,1.0000
54898,3,TAP,0.5396664,1.0000
54915,2,TAP,0.6855769,1.0000
54915,3,TAP,0.5490480,1.0000
54932,2,TAP,0.6961538,1.0000
54932,3,TAP,0.5586664,1.0000
54949,2,TAP,0.7072340,1.0000
54949,3,TAP,0.5679808,1.0000
54965,2,TAP,0.7182798,1.0000
54965,3,TAP,0.5778776,1.0000
54982,3,TAP,0.5875039,1.0000
54999,3,TAP,0.5976086,1.0000
55016,1,TAP,0.4798019,1.0000
55016,2,TAP,0.4797846,1.0000
55016,3,TAP,0.6076861,1.0000
55032,1,TAP,0.4884615,1.0000
55032,2,TAP,0.4884615,1.0000
55032,3,TAP,0.6177775,1.0000
55050,1,TAP,0.4971441,1.0000
55050,2,TAP,0.4971154,1.0000
55050,3,TAP,0.6276075,1.0000
55082,1,TAP,0.5153838,1.0000
55082,2,TAP,0.5153846,1.0000
55082,3,TAP,0.6485671,1.0000
55098,1,TAP,0.5250056,1.0000
55098,2,TAP,0.5250128,1.0000
55098,3,TAP,0.6588179,1.0000
55115,1,TAP,0.5346194,1.0000
55115,2,TAP,0.5346154,1.0000
55115,3,TAP,0.6687500,1.0000
55132,1,TAP,0.5437699,1.0000
55132,2,TAP,0.5437669,1.0000
55132,3,TAP,0.6793838,1.0000
55149,1,TAP,0.5533484,1.0000
55149,2,TAP,0.5533598,1.0000
55149,3,TAP,0.6900325,1.0000
55165,1,TAP,0.5629766,1.0000
55165,2,TAP,0.5629864,1.0000
55165,3,TAP,0.7014463,1.0000
55182,1,TAP,0.5726087,1.0000
55182,2,TAP,0.5725962,1.0000
55182,3,TAP,0.7120311,1.0000
55199,1,TAP,0.5821990,1.0000
55199,2,TAP,0.5822489,1.0000
55199,3,TAP,0.7230675,1.0000
55216,1,TAP,0.5922867,1.0000
55216,2,TAP,0.5923077,1.0000
55232,1,TAP,0.6023928,1.0000
55232,2,TAP,0.6023983,1.0000
55249,1,TAP,0.6120330,1.0000
55249,2,TAP,0.6120192,1.0000
55266,1,TAP,0.6221346,1.0000
55266,2,TAP,0.6221292,1.0000
55282,1,TAP,0.6323749,1.0000
55282,2,TAP,0.6322115,1.0000
55299,1,TAP,0.6427885,1.0000
55299,2,TAP,0.6427912,1.0000
55315,1,TAP,0.6533573,1.0000
55315,2,TAP,0.6533654,1.0000
55332,1,TAP,0.6634742,1.0000
55332,2,TAP,0.6634615,1.0000
55349,1,TAP,0.6740294,1.0000
55349,2,TAP,0.6740385,1.0000
55349,2,TAP,0.4769345,1.0000
55349,3,TAP,0.4769231,1.0000
55365,1,TAP,0.6850962,1.0000
55365,2,TAP,0.6850962,1.0000
55365,2,TAP,0.4855883,1.0000
55365,3,TAP,0.4855769,1.0000
55382,1,TAP,0.6956731,1.0000
55382,2,TAP,0.6956731,1.0000
55382,2,TAP,0.4951636,1.0000
55382,3,TAP,0.4951494,1.0000
55399,1,TAP,0.7062553,1.0000
55399,2,TAP,0.7062763,1.0000
55399,2,TAP,0.5038462,1.0000
55399,3,TAP,0.5038462,1.0000
55415,1,TAP,0.7173130,1.0000
55415,2,TAP,0.7173077,1.0000
55415,2,TAP,0.5129924,1.0000
55415,3,TAP,0.5129764,1.0000
55432,1,TAP,0.7283680,1.0000
55432,2,TAP,0.7283654,1.0000
55432,2,TAP,0.5220576,1.0000
55432,3,TAP,0.5221154,1.0000
55449,2,TAP,0.5317308,1.0000
55449,3,TAP,0.5317252,1.0000
55467,2,TAP,0.5413462,1.0000
55467,3,TAP,0.5413342,1.0000
55499,2,TAP,0.5600962,1.0000
55499,3,TAP,0.5600989,1.0000
55515,2,TAP,0.5697342,1.0000
55515,3,TAP,0.5697228,1.0000
55532,2,TAP,0.5793395,1.0000
55532,3,TAP,0.5793214,1.0000
55549,2,TAP,0.5894231,1.0000
55549,3,TAP,0.5894325,1.0000
55566,2,TAP,0.5990385,1.0000
55566,3,TAP,0.5990501,1.0000
55583,2,TAP,0.6091346,1.0000
55583,3,TAP,0.6091387,1.0000
55616,2,TAP,0.6289411,1.0000
55616,3,TAP,0.6289584,1.0000
55632,2,TAP,0.6399148,1.0000
55632,3,TAP,0.6399161,1.0000
55648,2,TAP,0.6500069,1.0000
55648,3,TAP,0.6500113,1.0000
55666,2,TAP,0.6600962,1.0000
55666,3,TAP,0.6601083,1.0000
55682,1,TAP,0.4740318,1.0000
55682,2,TAP,0.6706731,1.0000
55682,3,TAP,0.6706784,1.0000
55698,1,TAP,0.4831731,1.0000
55698,2,TAP,0.6812500,1.0000
55698,2,TAP,0.4831731,1.0000
55698,3,TAP,0.6812553,1.0000
55717,1,TAP,0.4922946,1.0000
55717,2,TAP,0.6923077,1.0000
55717,2,TAP,0.4918491,1.0000
55717,3,TAP,0.6923130,1.0000
55748,1,TAP,0.5105769,1.0000
55748,2,TAP,0.7139423,1.0000
55748,2,TAP,0.5105769,1.0000
55748,3,TAP,0.7139554,1.0000
55768,1,TAP,0.5192243,1.0000
55768,2,TAP,0.7253058,1.0000
55768,2,TAP,0.5192308,1.0000
55768,3,TAP,0.7252258,1.0000
55800,1,TAP,0.5384671,1.0000
55800,2,TAP,0.5384615,1.0000
55816,1,TAP,0.5476810,1.0000
55816,2,TAP,0.5476417,1.0000
55833,1,TAP,0.5567419,1.0000
55833,2,TAP,0.5567786,1.0000
55849,1,TAP,0.5668368,1.0000
55849,2,TAP,0.5668269,1.0000
55866,1,TAP,0.5764367,1.0000
55866,2,TAP,0.5764465,1.0000
55883,1,TAP,0.5860577,1.0000
55883,2,TAP,0.5860895,1.0000
55899,1,TAP,0.5961593,1.0000
55899,2,TAP,0.5961538,1.0000
55915,1,TAP,0.6062404,1.0000
55915,2,TAP,0.6062500,1.0000
55932,1,TAP,0.6161351,1.0000
55932,2,TAP,0.6158874,1.0000
55948,1,TAP,0.6264572,1.0000
55948,2,TAP,0.6264423,1.0000
55965,1,TAP,0.6365606,1.0000
55965,2,TAP,0.6365385,1.0000
55983,1,TAP,0.6466400,1.0000
55983,2,TAP,0.6466616,1.0000
55999,1,TAP,0.6572075,1.0000
55999,2,TAP,0.6572209,1.0000
56015,1,TAP,0.6677938,1.0000
56015,2,TAP,0.6677885,1.0000
56032,1,TAP,0.6783681,1.0000
56032,2,TAP,0.6783654,1.0000
56048,1,TAP,0.6889556,1.0000
56048,2,TAP,0.6889423,1.0000
56066,1,TAP,0.6995245,1.0000
56066,2,TAP,0.6995152,1.0000
56083,1,TAP,0.7105769,1.0000
56083,2,TAP,0.7105946,1.0000
56099,1,TAP,0.7216346,1.0000
56099,2,TAP,0.7216346,1.0000
56150,1,TAP,0.4826923,1.0000
56166,1,TAP,0.4909278,1.0000
56183,1,TAP,0.5004808,1.0000
56199,1,TAP,0.5096250,1.0000
56216,1,TAP,0.5187810,1.0000
56233,1,TAP,0.5278846,1.0000
56249,1,TAP,0.5374833,1.0000
56265,1,TAP,0.5471249,1.0000
56283,1,TAP,0.5567308,1.0000
56299,1,TAP,0.5663406,1.0000
56315,1,TAP,0.5759615,1.0000
56332,1,TAP,0.5855769,1.0000
56349,1,TAP,0.5952952,1.0000
56365,1,TAP,0.6052939,1.0000
56365,2,TAP,0.4782515,1.0000
56382,1,TAP,0.6153846,1.0000
56382,2,TAP,0.4865385,1.0000
56399,1,TAP,0.6254930,1.0000
56399,2,TAP,0.4956657,1.0000
56416,1,TAP,0.6360550,1.0000
56416,2,TAP,0.5048134,1.0000
56432,1,TAP,0.6461538,1.0000
56432,2,TAP,0.5143828,1.0000
56449,1,TAP,0.6562379,1.0000
56449,2,TAP,0.5230826,1.0000
56466,1,TAP,0.6668323,1.0000
56466,2,TAP,0.5326923,1.0000
56482,1,TAP,0.6774052,1.0000
56482,2,TAP,0.5423077,1.0000
56499,1,TAP,0.6879941,1.0000
56499,2,TAP,0.5514479,1.0000
56516,1,TAP,0.6990355,1.0000
56516,2,TAP,0.5610577,1.0000
56532,1,TAP,0.7096154,1.0000
56532,2,TAP,0.5710497,1.0000
56549,1,TAP,0.7211538,1.0000
56549,2,TAP,0.5803147,1.0000
56566,2,TAP,0.5899231,1.0000
56582,2,TAP,0.6000000,1.0000
56600,2,TAP,0.6100962,1.0000
56600,3,TAP,0.4817308,1.0000
56616,2,TAP,0.6201923,1.0000
56616,3,TAP,0.4912838,1.0000
56632,2,TAP,0.6302885,1.0000
56632,3,TAP,0.5000000,1.0000
56649,2,TAP,0.6408654,1.0000
56649,3,TAP,0.5086538,1.0000
56665,2,TAP,0.6509998,1.0000
56665,3,TAP,0.5182571,1.0000
56682,2,TAP,0.6610577,1.0000
56682,3,TAP,0.5278846,1.0000
56699,2,TAP,0.6716346,1.0000
56699,3,TAP,0.5370291,1.0000
56716,2,TAP,0.6826923,1.0000
56716,3,TAP,0.5461658,1.0000
56732,2,TAP,0.6932692,1.0000
56732,3,TAP,0.5557748,1.0000
56749,2,TAP,0.7043269,1.0000
56749,3,TAP,0.5653752,1.0000
56766,2,TAP,0.7149038,1.0000
56766,3,TAP,0.5754849,1.0000
56782,2,TAP,0.7259668,1.0000
56782,3,TAP,0.5850920,1.0000
56800,3,TAP,0.5947115,1.0000
56816,1,TAP,0.4769231,1.0000
56816,2,TAP,0.4769345,1.0000
56816,3,TAP,0.6048023,1.0000
56832,1,TAP,0.4855883,1.0000
56832,2,TAP,0.4855941,1.0000
56832,3,TAP,0.6149038,1.0000
56849,1,TAP,0.4951923,1.0000
56849,2,TAP,0.4951923,1.0000
56849,3,TAP,0.6245329,1.0000
56865,1,TAP,0.5038518,1.0000
56865,2,TAP,0.5038633,1.0000
56865,3,TAP,0.6350880,1.0000
56882,1,TAP,0.5134672,1.0000
56882,2,TAP,0.5134615,1.0000
56882,3,TAP,0.6456731,1.0000
56899,1,TAP,0.5225962,1.0000
56899,2,TAP,0.5225887,1.0000
56899,3,TAP,0.6557541,1.0000
56916,1,TAP,0.5317308,1.0000
56916,2,TAP,0.5317308,1.0000
56916,3,TAP,0.6663516,1.0000
56932,1,TAP,0.5413366,1.0000
56932,2,TAP,0.5413462,1.0000
56932,3,TAP,0.6764423,1.0000
56948,1,TAP,0.5509403,1.0000
56948,2,TAP,0.5509615,1.0000
56948,3,TAP,0.6874746,1.0000
56965,1,TAP,0.5605754,1.0000
56965,2,TAP,0.5605769,1.0000
56965,3,TAP,0.6980728,1.0000
56982,1,TAP,0.5701907,1.0000
56982,2,TAP,0.5701923,1.0000
56982,3,TAP,0.7091346,1.0000
56999,1,TAP,0.5798077,1.0000
56999,2,TAP,0.5798131,1.0000
56999,3,TAP,0.7201923,1.0000
57016,1,TAP,0.5894325,1.0000
57016,2,TAP,0.5894339,1.0000
57032,1,TAP,0.5995330,1.0000
57032,2,TAP,0.5995137,1.0000
57050,1,TAP,0.6091499,1.0000
57050,2,TAP,0.6091401,1.0000
57066,1,TAP,0.6197115,1.0000
57066,2,TAP,0.6197115,1.0000
57082,1,TAP,0.6293324,1.0000
57082,2,TAP,0.6293269,1.0000
57099,1,TAP,0.6399161,1.0000
57099,2,TAP,0.6399038,1.0000
57116,1,TAP,0.6504942,1.0000
57116,2,TAP,0.6504808,1.0000
57133,1,TAP,0.6610168,1.0000
57133,2,TAP,0.6610470,1.0000
57149,1,TAP,0.6711593,1.0000
57149,2,TAP,0.6711593,1.0000
57165,1,TAP,0.6817362,1.0000
57165,2,TAP,0.6817308,1.0000
57182,1,TAP,0.6927977,1.0000
57182,2,TAP,0.6927885,1.0000
57199,1,TAP,0.7033680,1.0000
57199,2,TAP,0.7033654,1.0000
57216,1,TAP,0.7143734,1.0000
57216,2,TAP,0.7144125,1.0000
57232,1,TAP,0.7250059,1.0000
57232,2,TAP,0.7250106,1.0000
57266,3,UP,0.4750000,0.9613
57282,3,UP,0.4841346,0.9589
57299,3,UP,0.4927885,0.9398
57317,3,UP,0.5024038,0.9611
57349,3,UP,0.5206731,0.9309
57365,3,UP,0.5302885,0.9493
57382,3,UP,0.5403846,0.9447
57399,3,UP,0.5495192,0.9263
57416,3,UP,0.5591346,0.9277
57433,3,UP,0.5692308,0.9180
57449,3,UP,0.5788462,0.9174
57466,3,UP,0.5889423,0.9231
57482,3,UP,0.5985577,0.9049
57499,3,UP,0.6091346,0.9277
57516,3,UP,0.6187500,0.8800
57533,3,UP,0.6293269,0.8915
57549,3,UP,0.6399038,0.8946
57565,3,UP,0.6500000,0.8692
57582,3,UP,0.6610577,0.8879
57599,3,UP,0.6716346,0.8712
57616,3,UP,0.6822115,0.8618
57634,3,UP,0.6932692,0.8738
57650,3,UP,0.7043269,0.8646
57666,3,UP,0.7153846,0.8483
57716,2,TAP,0.4759770,1.0000
57732,2,TAP,0.4846441,1.0000
57749,2,TAP,0.4942308,1.0000
57766,2,TAP,0.5028903,1.0000
57782,2,TAP,0.5120192,1.0000
57799,2,TAP,0.5211538,1.0000
57816,2,TAP,0.5307692,1.0000
57833,2,TAP,0.5399095,1.0000
57850,2,TAP,0.5490456,1.0000
57866,2,TAP,0.5591346,1.0000
57883,2,TAP,0.5687444,1.0000
57899,2,TAP,0.5783821,1.0000
57916,2,TAP,0.5884669,1.0000
57933,2,TAP,0.5980769,1.0000
57949,2,TAP,0.6081731,1.0000
57966,2,TAP,0.6182692,1.0000
57983,2,TAP,0.6283654,1.0000
57999,2,TAP,0.6384669,1.0000
58016,2,TAP,0.6485577,1.0000
58033,2,TAP,0.6591346,1.0000
58049,2,TAP,0.6697115,1.0000
58065,2,TAP,0.6802885,1.0000
58082,2,TAP,0.6908654,1.0000
58099,2,TAP,0.7019153,1.0000
58115,2,TAP,0.7129808,1.0000
58133,2,TAP,0.7240385,1.0000
58166,1,TAP,0.4754732,1.0000
58183,1,TAP,0.4841346,1.0000
58199,1,TAP,0.4936387,1.0000
58216,1,TAP,0.5023806,1.0000
58233,1,TAP,0.5115328,1.0000
58250,1,TAP,0.5206932,1.0000
58266,1,TAP,0.5298077,1.0000
58282,1,TAP,0.5394175,1.0000
58299,1,TAP,0.5490480,1.0000
58316,1,TAP,0.5586656,1.0000
58332,1,TAP,0.5679808,1.0000
58349,1,TAP,0.5778846,1.0000
58366,1,TAP,0.5875126,1.0000
58382,1,TAP,0.5976086,1.0000
58399,1,TAP,0.6076792,1.0000
58416,1,TAP,0.6177830,1.0000
58432,1,TAP,0.6274147,1.0000
58450,1,TAP,0.6379944,1.0000
58466,1,TAP,0.6485698,1.0000
58482,1,TAP,0.6586911,1.0000
58499,1,TAP,0.6687500,1.0000
58516,1,TAP,0.6798119,1.0000
58532,1,TAP,0.6903995,1.0000
58550,1,TAP,0.7014463,1.0000
58566,1,TAP,0.7120311,1.0000
58583,1,TAP,0.7230675,1.0000
58616,1,TAP,0.4749942,1.0000
58633,1,TAP,0.4836538,1.0000
58633,2,TAP,0.4836538,1.0000
58649,1,TAP,0.4923061,1.0000
58649,2,TAP,0.4923134,1.0000
58666,1,TAP,0.5019231,1.0000
58666,2,TAP,0.5019231,1.0000
58682,1,TAP,0.5105825,1.0000
58682,2,TAP,0.5105769,1.0000
58699,1,TAP,0.5201866,1.0000
58699,2,TAP,0.5201923,1.0000
58715,1,TAP,0.5298021,1.0000
58715,2,TAP,0.5297966,1.0000
58732,1,TAP,0.5384615,1.0000
58732,2,TAP,0.5384615,1.0000
58749,1,TAP,0.5480864,1.0000
58749,2,TAP,0.5480769,1.0000
58766,1,TAP,0.5576978,1.0000
58766,2,TAP,0.5576923,1.0000
58782,1,TAP,0.5673077,1.0000
58782,2,TAP,0.5673077,1.0000
58799,1,TAP,0.5769231,1.0000
58799,2,TAP,0.5769286,1.0000
58816,1,TAP,0.5870234,1.0000
58816,2,TAP,0.5870082,1.0000
58833,1,TAP,0.5966722,1.0000
58833,2,TAP,0.5967771,1.0000
58833,3,TAP,0.4144231,1.0000
58849,1,TAP,0.6067215,1.0000
58849,2,TAP,0.6067308,1.0000
58866,1,TAP,0.6171346,1.0000
58866,2,TAP,0.6172061,1.0000
58883,1,TAP,0.6269284,1.0000
58883,2,TAP,0.6269300,1.0000
58899,1,TAP,0.6370315,1.0000
58899,2,TAP,0.6370192,1.0000
58917,1,TAP,0.6476056,1.0000
58917,2,TAP,0.6476055,1.0000
58949,1,TAP,0.6687500,1.0000
58949,2,TAP,0.6687500,1.0000
58966,1,TAP,0.6788516,1.0000
58966,2,TAP,0.6788462,1.0000
58966,2,TAP,0.4807864,1.0000
58966,3,TAP,0.4807751,1.0000
58983,1,TAP,0.6899171,1.0000
58983,2,TAP,0.6899038,1.0000
58983,2,TAP,0.4899038,1.0000
58983,3,TAP,0.4899038,1.0000
59015,1,TAP,0.7115456,1.0000
59015,2,TAP,0.7115561,1.0000
59015,2,TAP,0.5076980,1.0000
59015,3,TAP,0.5077037,1.0000
59032,1,TAP,0.7221154,1.0000
59032,2,TAP,0.7221260,1.0000
59032,2,TAP,0.5173077,1.0000
59032,3,TAP,0.5172948,1.0000
59049,2,TAP,0.5269470,1.0000
59049,3,TAP,0.5269231,1.0000
59066,2,TAP,0.5355825,1.0000
59066,3,TAP,0.5355888,1.0000
59083,2,TAP,0.5451923,1.0000
59083,3,TAP,0.5451979,1.0000
59099,2,TAP,0.5551967,1.0000
59099,3,TAP,0.5551291,1.0000
59115,2,TAP,0.5644286,1.0000
59115,3,TAP,0.5644168,1.0000
59132,2,TAP,0.5740385,1.0000
59132,3,TAP,0.5740502,1.0000
59148,2,TAP,0.5836854,1.0000
59148,3,TAP,0.5836980,1.0000
59165,2,TAP,0.5937610,1.0000
59165,3,TAP,0.5937556,1.0000
59182,2,TAP,0.6038462,1.0000
59182,3,TAP,0.6038462,1.0000
59199,2,TAP,0.6139478,1.0000
59199,3,TAP,0.6139478,1.0000
59215,2,TAP,0.6239905,1.0000
59215,3,TAP,0.6240293,1.0000
59232,2,TAP,0.6341346,1.0000
59232,3,TAP,0.6341264,1.0000
59249,2,TAP,0.6444526,1.0000
59249,3,TAP,0.6447115,1.0000
59265,2,TAP,0.6543938,1.0000
59265,3,TAP,0.6543310,1.0000
59282,2,TAP,0.6649092,1.0000
59282,3,TAP,0.6649146,1.0000
59300,1,TAP,0.4778962,1.0000
59300,2,TAP,0.6754808,1.0000
59300,2,TAP,0.4779075,1.0000
59300,3,TAP,0.6754781,1.0000
59316,1,TAP,0.4874943,1.0000
59316,2,TAP,0.6865385,1.0000
59316,2,TAP,0.4874886,1.0000
59316,3,TAP,0.6865385,1.0000
59332,1,TAP,0.4961669,1.0000
59332,2,TAP,0.6971214,1.0000
59332,2,TAP,0.4961595,1.0000
59332,3,TAP,0.6971154,1.0000
59348,1,TAP,0.5052986,1.0000
59348,2,TAP,0.7081982,1.0000
59348,2,TAP,0.5053059,1.0000
59348,3,TAP,0.7081731,1.0000
59365,1,TAP,0.5144287,1.0000
59365,2,TAP,0.7187500,1.0000
59365,2,TAP,0.5144231,1.0000
59365,3,TAP,0.7187448,1.0000
59382,1,TAP,0.5240481,1.0000
59382,2,TAP,0.7298077,1.0000
59382,2,TAP,0.5240538,1.0000
59382,3,TAP,0.7298200,1.0000
59399,1,TAP,0.5331659,1.0000
59399,2,TAP,0.5331731,1.0000
59416,1,TAP,0.5422950,1.0000
59416,2,TAP,0.5423077,1.0000
59433,1,TAP,0.5519231,1.0000
59433,2,TAP,0.5519231,1.0000
59449,1,TAP,0.5615345,1.0000
59449,2,TAP,0.5615385,1.0000
59466,1,TAP,0.5711538,1.0000
59466,2,TAP,0.5711538,1.0000
59483,1,TAP,0.5807638,1.0000
59483,2,TAP,0.5807910,1.0000
59500,1,TAP,0.5908654,1.0000
59500,2,TAP,0.5908654,1.0000
59532,1,TAP,0.6110044,1.0000
59532,2,TAP,0.6110412,1.0000
59549,1,TAP,0.6206786,1.0000
59549,2,TAP,0.6206786,1.0000
59565,1,TAP,0.6312364,1.0000
59565,2,TAP,0.6312500,1.0000
59582,1,TAP,0.6408749,1.0000
59582,2,TAP,0.6408668,1.0000
59600,1,TAP,0.6514450,1.0000
59600,2,TAP,0.6514477,1.0000
59616,1,TAP,0.6620273,1.0000
59616,2,TAP,0.6620192,1.0000
59632,1,TAP,0.6725908,1.0000
59632,2,TAP,0.6725962,1.0000
59649,1,TAP,0.6831731,1.0000
59649,2,TAP,0.6831731,1.0000
59665,1,TAP,0.6946093,1.0000
59665,2,TAP,0.6945879,1.0000
59682,1,TAP,0.7048172,1.0000
59682,2,TAP,0.7048077,1.0000
59699,1,TAP,0.7158680,1.0000
59699,2,TAP,0.7158654,1.0000
59715,1,TAP,0.7269307,1.0000
59715,2,TAP,0.7269178,1.0000
59750,1,TAP,0.4778846,1.0000
59782,1,TAP,0.4956843,1.0000
59799,1,TAP,0.5048077,1.0000
59816,1,TAP,0.5137503,1.0000
59832,1,TAP,0.5230890,1.0000
59849,1,TAP,0.5326923,1.0000
59865,1,TAP,0.5422030,1.0000
59882,1,TAP,0.5514423,1.0000
59900,1,TAP,0.5610577,1.0000
59916,1,TAP,0.5708680,1.0000
59932,1,TAP,0.5802885,1.0000
59949,1,TAP,0.5899248,1.0000
59965,1,TAP,0.6000116,1.0000
59982,1,TAP,0.6101031,1.0000
59982,2,TAP,0.4817422,1.0000
59999,1,TAP,0.6201923,1.0000
59999,2,TAP,0.4908654,1.0000
60015,1,TAP,0.6302762,1.0000
60015,2,TAP,0.5000000,1.0000
60032,1,TAP,0.6408695,1.0000
60032,2,TAP,0.5086825,1.0000
60049,1,TAP,0.6505213,1.0000
60049,2,TAP,0.5182692,1.0000
60066,1,TAP,0.6610711,1.0000
60066,2,TAP,0.5278886,1.0000
60066,3,TAP,0.4110577,1.0000
60082,1,TAP,0.6716346,1.0000
60082,2,TAP,0.5370080,1.0000
60099,1,TAP,0.6826977,1.0000
60099,2,TAP,0.5461538,1.0000
60116,1,TAP,0.6932746,1.0000
60116,2,TAP,0.5557692,1.0000
60132,1,TAP,0.7043362,1.0000
60132,2,TAP,0.5653846,1.0000
60148,1,TAP,0.7149156,1.0000
60148,2,TAP,0.5750000,1.0000
60183,2,TAP,0.5947170,1.0000
60199,2,TAP,0.6048077,1.0000
60199,3,TAP,0.4769231,1.0000
60216,2,TAP,0.6144913,1.0000
60216,3,TAP,0.4856243,1.0000
60232,2,TAP,0.6245192,1.0000
60232,3,TAP,0.4951923,1.0000
60249,2,TAP,0.6350962,1.0000
60249,3,TAP,0.5038462,1.0000
60266,2,TAP,0.6452422,1.0000
60266,3,TAP,0.5134558,1.0000
60282,2,TAP,0.6557965,1.0000
60282,3,TAP,0.5225962,1.0000
60300,2,TAP,0.6658707,1.0000
60300,3,TAP,0.5317308,1.0000
60332,2,TAP,0.6875000,1.0000
60332,3,TAP,0.5509615,1.0000
60349,2,TAP,0.6980775,1.0000
60349,3,TAP,0.5605808,1.0000
60365,2,TAP,0.7091596,1.0000
60365,3,TAP,0.5701978,1.0000
60382,2,TAP,0.7201817,1.0000
60382,3,TAP,0.5798077,1.0000
60399,3,TAP,0.5894285,1.0000
60416,3,TAP,0.5991519,1.0000
60432,1,TAP,0.4812500,1.0000
60432,2,TAP,0.4812500,1.0000
60432,3,TAP,0.6091401,1.0000
60449,1,TAP,0.4903748,1.0000
60449,2,TAP,0.4903846,1.0000
60449,3,TAP,0.6197061,1.0000
60465,1,TAP,0.4990442,1.0000
60465,2,TAP,0.4990385,1.0000
60465,3,TAP,0.6293269,1.0000
60482,1,TAP,0.5086458,1.0000
60482,2,TAP,0.5086538,1.0000
60482,3,TAP,0.6399161,1.0000
60499,1,TAP,0.5173004,1.0000
60499,2,TAP,0.5173077,1.0000
60499,3,TAP,0.6504942,1.0000
60516,1,TAP,0.5269231,1.0000
60516,2,TAP,0.5269454,1.0000
60516,3,TAP,0.6605253,1.0000
60532,1,TAP,0.5360761,1.0000
60532,2,TAP,0.5360690,1.0000
60532,3,TAP,0.6711484,1.0000
60549,1,TAP,0.5456184,1.0000
60549,2,TAP,0.5452897,1.0000
60549,3,TAP,0.6817800,1.0000
60565,1,TAP,0.5552941,1.0000
60565,2,TAP,0.5556787,1.0000
60565,3,TAP,0.6927871,1.0000
60582,1,TAP,0.5644239,1.0000
60582,2,TAP,0.5644793,1.0000
60582,3,TAP,0.7033720,1.0000
60598,1,TAP,0.5745248,1.0000
60598,2,TAP,0.5745192,1.0000
60598,3,TAP,0.7143783,1.0000
60616,1,TAP,0.5841262,1.0000
60616,2,TAP,0.5841443,1.0000
60616,3,TAP,0.7250006,1.0000
60633,1,TAP,0.5937556,1.0000
60633,2,TAP,0.5937555,1.0000
60650,1,TAP,0.6038462,1.0000
60650,2,TAP,0.6038462,1.0000
60666,1,TAP,0.6135659,1.0000
60666,2,TAP,0.6135565,1.0000
60682,1,TAP,0.6245315,1.0000
60682,2,TAP,0.6245192,1.0000
60699,1,TAP,0.6341264,1.0000
60699,2,TAP,0.6341346,1.0000
60716,1,TAP,0.6443891,1.0000
60716,2,TAP,0.6443497,1.0000
60733,1,TAP,0.6552750,1.0000
60733,2,TAP,0.6552885,1.0000
60749,1,TAP,0.6658654,1.0000
60749,2,TAP,0.6658587,1.0000
60765,1,TAP,0.6759651,1.0000
60765,2,TAP,0.6759615,1.0000
60782,1,TAP,0.6865439,1.0000
60782,2,TAP,0.6865385,1.0000
60799,1,TAP,0.6975962,1.0000
60799,2,TAP,0.6975962,1.0000
60816,1,TAP,0.7081731,1.0000
60816,2,TAP,0.7081982,1.0000
60832,1,TAP,0.7192308,1.0000
60832,2,TAP,0.7192308,1.0000
60882,3,UP,0.4793269,0.9587
60898,3,UP,0.4884615,0.9679
60916,3,UP,0.4975962,0.9517
60933,3,UP,0.5067308,0.9371
60949,3,UP,0.5158654,0.9368
60965,3,UP,0.5254808,0.9471
60982,3,UP,0.5346154,0.9213
60999,3,UP,0.5442308,0.9171
61016,3,UP,0.5543269,0.9227
61033,3,UP,0.5634615,0.9049
61049,3,UP,0.5735577,0.8993
61066,3,UP,0.5831731,0.9044
61082,3,UP,0.5932692,0.9007
61099,3,UP,0.6033654,0.9065
61115,3,UP,0.6134615,0.8941
61132,3,UP,0.6240385,0.8899
61149,3,UP,0.6341346,0.9014
61165,3,UP,0.6447115,0.9044
61182,3,UP,0.6548077,0.8706
61199,3,UP,0.6658654,0.8785
61216,3,UP,0.6769231,0.8951
61233,3,UP,0.6870192,0.8416
61250,3,UP,0.6980769,0.8558
61266,3,UP,0.7091346,0.8361
61282,3,UP,0.7201923,0.8476
61333,2,TAP,0.4798077,1.0000
61349,2,TAP,0.4889423,1.0000
61366,2,TAP,0.4980769,1.0000
61382,2,TAP,0.5072115,1.0000
61399,2,TAP,0.5163462,1.0000
61416,2,TAP,0.5259808,1.0000
61433,2,TAP,0.5346265,1.0000
61450,2,TAP,0.5442308,1.0000
61466,2,TAP,0.5538462,1.0000
61482,2,TAP,0.5634615,1.0000
61499,2,TAP,0.5730769,1.0000
61516,2,TAP,0.5831676,1.0000
61533,2,TAP,0.5927995,1.0000
61549,2,TAP,0.6024038,1.0000
61565,2,TAP,0.6129808,1.0000
61582,2,TAP,0.6225962,1.0000
61599,2,TAP,0.6331731,1.0000
61616,2,TAP,0.6430963,1.0000
61633,2,TAP,0.6533654,1.0000
61650,2,TAP,0.6639423,1.0000
61666,2,TAP,0.6745192,1.0000
61682,2,TAP,0.6850962,1.0000
61699,2,TAP,0.6961538,1.0000
61716,2,TAP,0.7067529,1.0000
61732,2,TAP,0.7177885,1.0000
61784,1,TAP,0.4797798,1.0000
61816,1,TAP,0.4971252,1.0000
61832,1,TAP,0.5067372,1.0000
61850,1,TAP,0.5153976,1.0000
61866,1,TAP,0.5250000,1.0000
61882,1,TAP,0.5346273,1.0000
61899,1,TAP,0.5437472,1.0000
61917,1,TAP,0.5528988,1.0000
61950,1,TAP,0.5725707,1.0000
61966,1,TAP,0.5822018,1.0000
61983,1,TAP,0.5923077,1.0000
61999,1,TAP,0.6023983,1.0000
62016,1,TAP,0.6120316,1.0000
62033,1,TAP,0.6221246,1.0000
62049,1,TAP,0.6322020,1.0000
62066,1,TAP,0.6427885,1.0000
62082,1,TAP,0.6528876,1.0000
62099,1,TAP,0.6634652,1.0000
62116,1,TAP,0.6740439,1.0000
62132,1,TAP,0.6846154,1.0000
62149,1,TAP,0.6951870,1.0000
62166,1,TAP,0.7062500,1.0000
62182,1,TAP,0.7173065,1.0000
62199,1,TAP,0.7279880,1.0000
62233,1,TAP,0.4788462,1.0000
62233,2,TAP,0.4788462,1.0000
62249,1,TAP,0.4875057,1.0000
62249,2,TAP,0.4875057,1.0000
62266,1,TAP,0.4966402,1.0000
62266,2,TAP,0.4966346,1.0000
62283,1,TAP,0.5057847,1.0000
62283,2,TAP,0.5057749,1.0000
62299,1,TAP,0.5149094,1.0000
62299,2,TAP,0.5149038,1.0000
62315,1,TAP,0.5241130,1.0000
62315,2,TAP,0.5243315,1.0000
62332,1,TAP,0.5336634,1.0000
62332,2,TAP,0.5336650,1.0000
62349,1,TAP,0.5432573,1.0000
62349,2,TAP,0.5432692,1.0000
62366,1,TAP,0.5525365,1.0000
62366,2,TAP,0.5524887,1.0000
62382,1,TAP,0.5620347,1.0000
62382,2,TAP,0.5620590,1.0000
62399,1,TAP,0.5716416,1.0000
62399,2,TAP,0.5716346,1.0000
62416,1,TAP,0.5817253,1.0000
62416,2,TAP,0.5817401,1.0000
62432,1,TAP,0.5913462,1.0000
62432,2,TAP,0.5913570,1.0000
62449,1,TAP,0.6017742,1.0000
62449,2,TAP,0.6017887,1.0000
62467,1,TAP,0.6115377,1.0000
62467,2,TAP,0.6115385,1.0000
62483,1,TAP,0.6216332,1.0000
62483,2,TAP,0.6216346,1.0000
62499,1,TAP,0.6312983,1.0000
62499,2,TAP,0.6312555,1.0000
62517,1,TAP,0.6418323,1.0000
62517,2,TAP,0.6418406,1.0000
62549,1,TAP,0.6629942,1.0000
62549,2,TAP,0.6629808,1.0000
62566,1,TAP,0.6735523,1.0000
62566,2,TAP,0.6735577,1.0000
62566,2,TAP,0.4755649,1.0000
62566,3,TAP,0.4756080,1.0000
62583,1,TAP,0.6841346,1.0000
62583,2,TAP,0.6841346,1.0000
62583,2,TAP,0.4850962,1.0000
62583,3,TAP,0.4850962,1.0000
62615,1,TAP,0.7054096,1.0000
62615,2,TAP,0.7057835,1.0000
62615,2,TAP,0.5028903,1.0000
62615,3,TAP,0.5028846,1.0000
62632,1,TAP,0.7163503,1.0000
62632,2,TAP,0.7163514,1.0000
62632,2,TAP,0.5125000,1.0000
62632,3,TAP,0.5124878,1.0000
62648,1,TAP,0.7274078,1.0000
62648,2,TAP,0.7274038,1.0000
62648,2,TAP,0.5216346,1.0000
62648,3,TAP,0.5216346,1.0000
62666,2,TAP,0.5307692,1.0000
62666,3,TAP,0.5307692,1.0000
62683,2,TAP,0.5403846,1.0000
62683,3,TAP,0.5403719,1.0000
62699,2,TAP,0.5500000,1.0000
62699,3,TAP,0.5500055,1.0000
62715,2,TAP,0.5591687,1.0000
62715,3,TAP,0.5591825,1.0000
62732,2,TAP,0.5692308,1.0000
62732,3,TAP,0.5692237,1.0000
62749,2,TAP,0.5783990,1.0000
62749,3,TAP,0.5783821,1.0000
62766,2,TAP,0.5884669,1.0000
62766,3,TAP,0.5884709,1.0000
62783,2,TAP,0.5985522,1.0000
62783,3,TAP,0.5985660,1.0000
62799,2,TAP,0.6084303,1.0000
62799,3,TAP,0.6082134,1.0000
62815,2,TAP,0.6186372,1.0000
62815,3,TAP,0.6186944,1.0000
62832,2,TAP,0.6283709,1.0000
62832,3,TAP,0.6283940,1.0000
62849,2,TAP,0.6389519,1.0000
62849,3,TAP,0.6389559,1.0000
62866,2,TAP,0.6495138,1.0000
62866,3,TAP,0.6495327,1.0000
62883,2,TAP,0.6596262,1.0000
62883,3,TAP,0.6596336,1.0000
62899,2,TAP,0.6697115,1.0000
62899,3,TAP,0.6697115,1.0000
62915,1,TAP,0.4826923,1.0000
62915,2,TAP,0.6802885,1.0000
62915,2,TAP,0.4826866,1.0000
62915,3,TAP,0.6802938,1.0000
62932,1,TAP,0.4909278,1.0000
62932,2,TAP,0.6913135,1.0000
62932,2,TAP,0.4909438,1.0000
62932,3,TAP,0.6913372,1.0000
62948,1,TAP,0.5000057,1.0000
62948,2,TAP,0.7019100,1.0000
62948,2,TAP,0.5000345,1.0000
62948,3,TAP,0.7019434,1.0000
62965,1,TAP,0.5096250,1.0000
62965,2,TAP,0.7129860,1.0000
62965,2,TAP,0.5096154,1.0000
62965,3,TAP,0.7129939,1.0000
62985,1,TAP,0.5187973,1.0000
62985,2,TAP,0.7240385,1.0000
62985,2,TAP,0.5187500,1.0000
62985,3,TAP,0.7240243,1.0000
63017,1,TAP,0.5370994,1.0000
63017,2,TAP,0.5371041,1.0000
63049,1,TAP,0.5562500,1.0000
63049,2,TAP,0.5562500,1.0000
63065,1,TAP,0.5658668,1.0000
63065,2,TAP,0.5658654,1.0000
63083,1,TAP,0.5754905,1.0000
63083,2,TAP,0.5754808,1.0000
63099,1,TAP,0.5855746,1.0000
63099,2,TAP,0.5855769,1.0000
63115,1,TAP,0.5951978,1.0000
63115,2,TAP,0.5951977,1.0000
63132,1,TAP,0.6052885,1.0000
63132,2,TAP,0.6052885,1.0000
63149,1,TAP,0.6153846,1.0000
63149,2,TAP,0.6153777,1.0000
63165,1,TAP,0.6254930,1.0000
63165,2,TAP,0.6254808,1.0000
63183,1,TAP,0.6360577,1.0000
63183,2,TAP,0.6360577,1.0000
63199,1,TAP,0.6456731,1.0000
63199,2,TAP,0.6456812,1.0000
63215,1,TAP,0.6562406,1.0000
63215,2,TAP,0.6562500,1.0000
63233,1,TAP,0.6668269,1.0000
63233,2,TAP,0.6668269,1.0000
63249,1,TAP,0.6774038,1.0000
63249,2,TAP,0.6774038,1.0000
63266,1,TAP,0.6879927,1.0000
63266,2,TAP,0.6879808,1.0000
63283,1,TAP,0.6990085,1.0000
63283,2,TAP,0.6985590,1.0000
63299,1,TAP,0.7097081,1.0000
63299,2,TAP,0.7097297,1.0000
63315,1,TAP,0.7206731,1.0000
63315,2,TAP,0.7206731,1.0000
63366,1,TAP,0.4817250,1.0000
63383,1,TAP,0.4903863,1.0000
63400,1,TAP,0.4995266,1.0000
63417,1,TAP,0.5089580,1.0000
63433,1,TAP,0.5182636,1.0000
63449,1,TAP,0.5269457,1.0000
63466,1,TAP,0.5365480,1.0000
63483,1,TAP,0.5461634,1.0000
63499,1,TAP,0.5557692,1.0000
63516,1,TAP,0.5653752,1.0000
63532,1,TAP,0.5750055,1.0000
63548,1,TAP,0.5846083,1.0000
63566,1,TAP,0.5947171,1.0000
63582,1,TAP,0.6047076,1.0000
63582,2,TAP,0.4769345,1.0000
63599,1,TAP,0.6144711,1.0000
63599,2,TAP,0.4855941,1.0000
63616,1,TAP,0.6245329,1.0000
63616,2,TAP,0.4951809,1.0000
63632,1,TAP,0.6350825,1.0000
63632,2,TAP,0.5038576,1.0000
63649,1,TAP,0.6456458,1.0000
63649,2,TAP,0.5134615,1.0000
63666,1,TAP,0.6557601,1.0000
63666,2,TAP,0.5221130,1.0000
63682,1,TAP,0.6658748,1.0000
63682,2,TAP,0.5317308,1.0000
63699,1,TAP,0.6764423,1.0000
63699,2,TAP,0.5413462,1.0000
63716,1,TAP,0.6871730,1.0000
63716,2,TAP,0.5509615,1.0000
63732,1,TAP,0.6980781,1.0000
63732,2,TAP,0.5600962,1.0000
63749,1,TAP,0.7091346,1.0000
63749,2,TAP,0.5697399,1.0000
63765,1,TAP,0.7201923,1.0000
63765,2,TAP,0.5798210,1.0000
63782,2,TAP,0.5894231,1.0000
63801,2,TAP,0.5990454,1.0000
63817,2,TAP,0.6091401,1.0000
63817,3,TAP,0.4812500,1.0000
63833,2,TAP,0.6192308,1.0000
63833,3,TAP,0.4903747,1.0000
63849,2,TAP,0.6293269,1.0000
63849,3,TAP,0.4990385,1.0000
63866,2,TAP,0.6399161,1.0000
63866,3,TAP,0.5081731,1.0000
63882,2,TAP,0.6504808,1.0000
63882,3,TAP,0.5172948,1.0000
63899,2,TAP,0.6605769,1.0000
63899,3,TAP,0.5269231,1.0000
63916,2,TAP,0.6711538,1.0000
63916,3,TAP,0.5360718,1.0000
63932,2,TAP,0.6817690,1.0000
63932,3,TAP,0.5452050,1.0000
63949,2,TAP,0.6927885,1.0000
63949,3,TAP,0.5550574,1.0000
63965,2,TAP,0.7033654,1.0000
63965,3,TAP,0.5644215,1.0000
63982,2,TAP,0.7139475,1.0000
63982,3,TAP,0.5745318,1.0000
63999,2,TAP,0.7250212,1.0000
63999,3,TAP,0.5841263,1.0000
64016,3,TAP,0.5937500,1.0000
64033,1,TAP,0.4764423,1.0000
64033,2,TAP,0.4764405,1.0000
64033,3,TAP,0.6038462,1.0000
64049,1,TAP,0.4855712,1.0000
64049,2,TAP,0.4855826,1.0000
64049,3,TAP,0.6139146,1.0000
64065,1,TAP,0.4942234,1.0000
64065,2,TAP,0.4942308,1.0000
64065,3,TAP,0.6240438,1.0000
64082,1,TAP,0.5033654,1.0000
64082,2,TAP,0.5033654,1.0000
64082,3,TAP,0.6341264,1.0000
64099,1,TAP,0.5125056,1.0000
64099,2,TAP,0.5125000,1.0000
64099,3,TAP,0.6443763,1.0000
64116,1,TAP,0.5221194,1.0000
64116,2,TAP,0.5221154,1.0000
64116,3,TAP,0.6552750,1.0000
64132,1,TAP,0.5308032,1.0000
64132,2,TAP,0.5307803,1.0000
64132,3,TAP,0.6658600,1.0000
64149,1,TAP,0.5403791,1.0000
64149,2,TAP,0.5403846,1.0000
64149,3,TAP,0.6759404,1.0000
64165,1,TAP,0.5500055,1.0000
64165,2,TAP,0.5500000,1.0000
64165,3,TAP,0.6865493,1.0000
64182,1,TAP,0.5596271,1.0000
64182,2,TAP,0.5596154,1.0000
64182,3,TAP,0.6975909,1.0000
64199,1,TAP,0.5692308,1.0000
64199,2,TAP,0.5692308,1.0000
64199,3,TAP,0.7081731,1.0000
64216,1,TAP,0.5788462,1.0000
64216,2,TAP,0.5788704,1.0000
64216,3,TAP,0.7192361,1.0000
64232,1,TAP,0.5884733,1.0000
64232,2,TAP,0.5884615,1.0000
64249,1,TAP,0.5981025,1.0000
64249,2,TAP,0.5981640,1.0000
64266,1,TAP,0.6086469,1.0000
64266,2,TAP,0.6086538,1.0000
64282,1,TAP,0.6187500,1.0000
64282,2,TAP,0.6187500,1.0000
64299,1,TAP,0.6288682,1.0000
64299,2,TAP,0.6288462,1.0000
64316,1,TAP,0.6389559,1.0000
64316,2,TAP,0.6389409,1.0000
64333,1,TAP,0.6495327,1.0000
64333,2,TAP,0.6495300,1.0000
64349,1,TAP,0.6597157,1.0000
64349,2,TAP,0.6597209,1.0000
64365,1,TAP,0.6706731,1.0000
64365,2,TAP,0.6706731,1.0000
64382,1,TAP,0.6812433,1.0000
64382,2,TAP,0.6812500,1.0000
64399,1,TAP,0.6918388,1.0000
64399,2,TAP,0.6918269,1.0000
64416,1,TAP,0.7024078,1.0000
64416,2,TAP,0.7024038,1.0000
64432,1,TAP,0.7134704,1.0000
64432,2,TAP,0.7134562,1.0000
64448,1,TAP,0.7245075,1.0000
64448,2,TAP,0.7245192,1.0000
64483,3,UP,0.4740385,0.9491
64499,3,UP,0.4831731,0.9471
64516,3,UP,0.4927885,0.9537
64533,3,UP,0.5019231,0.9491
64549,3,UP,0.5110577,0.9393
64566,3,UP,0.5206731,0.9420
64582,3,UP,0.5293269,0.9447
64599,3,UP,0.5394231,0.9423
64616,3,UP,0.5485577,0.9213
64633,3,UP,0.5581731,0.9227
64650,3,UP,0.5682692,0.9159
64666,3,UP,0.5783654,0.9138
64682,3,UP,0.5879808,0.9163
64699,3,UP,0.5980769,0.9070
64715,3,UP,0.6081731,0.9209
64732,3,UP,0.6182692,0.8988
64749,3,UP,0.6288462,0.8941
64767,3,UP,0.6389423,0.8879
64799,3,UP,0.6600962,0.8618
64816,3,UP,0.6706731,0.8659
64833,3,UP,0.6817308,0.8726
64850,3,UP,0.6923077,0.8712
64866,3,UP,0.7033654,0.8652
64882,3,UP,0.7144231,0.8551
64900,3,UP,0.7254808,0.8361
64950,2,TAP,0.4841272,1.0000
64966,2,TAP,0.4932692,1.0000
64982,2,TAP,0.5019231,1.0000
64999,2,TAP,0.5115385,1.0000
65016,2,TAP,0.5201923,1.0000
65033,2,TAP,0.5298132,1.0000
65050,2,TAP,0.5394231,1.0000
65066,2,TAP,0.5490329,1.0000
65084,2,TAP,0.5582186,1.0000
65116,2,TAP,0.5774374,1.0000
65133,2,TAP,0.5875000,1.0000
65149,2,TAP,0.5971154,1.0000
65165,2,TAP,0.6072170,1.0000
65182,2,TAP,0.6174573,1.0000
65201,2,TAP,0.6274148,1.0000
65233,2,TAP,0.6480757,1.0000
65250,2,TAP,0.6581784,1.0000
65267,2,TAP,0.6687500,1.0000
65283,2,TAP,0.6793269,1.0000
65299,2,TAP,0.6903846,1.0000
65315,2,TAP,0.7009966,1.0000
65332,2,TAP,0.7120179,1.0000
65349,2,TAP,0.7230769,1.0000
65382,1,TAP,0.4745135,1.0000
65399,1,TAP,0.4836538,1.0000
65416,1,TAP,0.4923003,1.0000
65433,1,TAP,0.5019231,1.0000
65450,1,TAP,0.5105825,1.0000
65466,1,TAP,0.5201891,1.0000
65482,1,TAP,0.5293212,1.0000
65499,1,TAP,0.5384671,1.0000
65516,1,TAP,0.5480888,1.0000
65532,1,TAP,0.5576963,1.0000
65550,1,TAP,0.5673077,1.0000
65566,1,TAP,0.5769231,1.0000
65582,1,TAP,0.5870137,1.0000
65599,1,TAP,0.5966443,1.0000
65616,1,TAP,0.6067215,1.0000
65633,1,TAP,0.6168214,1.0000
65650,1,TAP,0.6269322,1.0000
65667,1,TAP,0.6370274,1.0000
65699,1,TAP,0.6576870,1.0000
65716,1,TAP,0.6681408,1.0000
65732,1,TAP,0.6788462,1.0000
65749,1,TAP,0.6894982,1.0000
65766,1,TAP,0.7004808,1.0000
65782,1,TAP,0.7110669,1.0000
65799,1,TAP,0.7221101,1.0000
66067,1,TAP,0.4779196,1.0000
66083,1,TAP,0.4874943,1.0000
66099,1,TAP,0.4961661,1.0000
66116,1,TAP,0.5048305,1.0000
66133,1,TAP,0.5144231,1.0000
66149,1,TAP,0.5240441,1.0000
66166,1,TAP,0.5326979,1.0000
66182,1,TAP,0.5422950,1.0000
66199,1,TAP,0.5519231,1.0000
66216,1,TAP,0.5615385,1.0000
66232,1,TAP,0.5711633,1.0000
66249,1,TAP,0.5807638,1.0000
66266,1,TAP,0.5908709,1.0000
66283,1,TAP,0.6004931,1.0000
66300,1,TAP,0.6105831,1.0000
66300,2,TAP,0.4822115,1.0000
66332,1,TAP,0.6307746,1.0000
66332,2,TAP,0.5000171,1.0000
66349,1,TAP,0.6408749,1.0000
66349,2,TAP,0.5096154,1.0000
66367,1,TAP,0.6514423,1.0000
66367,2,TAP,0.5187426,1.0000
66399,1,TAP,0.6725841,1.0000
66399,2,TAP,0.5371041,1.0000
66415,1,TAP,0.6831731,1.0000
66415,2,TAP,0.5471154,1.0000
66432,1,TAP,0.6937553,1.0000
66432,2,TAP,0.5562556,1.0000
66449,1,TAP,0.7048172,1.0000
66449,2,TAP,0.5658937,1.0000
66465,1,TAP,0.7153970,1.0000
66465,2,TAP,0.5754808,1.0000
66483,1,TAP,0.7264475,1.0000
66483,2,TAP,0.5855769,1.0000
66499,2,TAP,0.5951977,1.0000
66516,2,TAP,0.6052939,1.0000
66516,3,TAP,0.4774038,1.0000
66532,2,TAP,0.6153846,1.0000
66532,3,TAP,0.4865385,1.0000
66549,2,TAP,0.6254808,1.0000
66549,3,TAP,0.4951866,1.0000
66565,2,TAP,0.6355769,1.0000
66565,3,TAP,0.5048077,1.0000
66583,2,TAP,0.6456907,1.0000
66583,3,TAP,0.5134615,1.0000
66599,2,TAP,0.6562500,1.0000
66599,3,TAP,0.5230769,1.0000
66616,2,TAP,0.6668269,1.0000
66616,3,TAP,0.5322172,1.0000
66632,2,TAP,0.6774038,1.0000
66632,3,TAP,0.5413438,1.0000
66649,2,TAP,0.6879808,1.0000
66649,3,TAP,0.5509615,1.0000
66665,2,TAP,0.6985577,1.0000
66665,3,TAP,0.5605754,1.0000
66685,2,TAP,0.7096391,1.0000
66685,3,TAP,0.5704993,1.0000
66716,3,TAP,0.5899136,1.0000
66732,3,TAP,0.6000116,1.0000
66749,2,TAP,0.4817422,1.0000
66749,3,TAP,0.6100948,1.0000
66765,2,TAP,0.4903903,1.0000
66765,3,TAP,0.6197729,1.0000
66782,2,TAP,0.4997231,1.0000
66782,3,TAP,0.6302830,1.0000
66799,2,TAP,0.5086767,1.0000
66799,3,TAP,0.6404141,1.0000
66816,2,TAP,0.5182692,1.0000
66816,3,TAP,0.6504942,1.0000
66832,2,TAP,0.5269697,1.0000
66832,3,TAP,0.6610711,1.0000
66849,2,TAP,0.5365385,1.0000
66849,3,TAP,0.6716293,1.0000
66865,2,TAP,0.5461538,1.0000
66865,3,TAP,0.6822169,1.0000
66882,2,TAP,0.5557692,1.0000
66882,3,TAP,0.6927937,1.0000
66899,2,TAP,0.5653846,1.0000
66899,3,TAP,0.7038587,1.0000
66916,2,TAP,0.5750000,1.0000
66916,3,TAP,0.7149156,1.0000
66932,2,TAP,0.5846154,1.0000
66932,3,TAP,0.7259515,1.0000
66949,2,TAP,0.5947061,1.0000
66966,1,TAP,0.4769231,1.0000
66966,2,TAP,0.6043434,1.0000
66982,1,TAP,0.4855883,1.0000
66982,2,TAP,0.6145114,1.0000
66999,1,TAP,0.4951808,1.0000
66999,2,TAP,0.6245192,1.0000
67016,1,TAP,0.5038462,1.0000
67016,2,TAP,0.6350962,1.0000
67032,1,TAP,0.5134615,1.0000
67032,2,TAP,0.6447442,1.0000
67049,1,TAP,0.5221250,1.0000
67049,2,TAP,0.6552938,1.0000
67065,1,TAP,0.5317308,1.0000
67065,2,TAP,0.6658654,1.0000
67082,1,TAP,0.5413271,1.0000
67082,2,TAP,0.6764423,1.0000
67099,1,TAP,0.5504920,1.0000
67099,2,TAP,0.6870192,1.0000
67116,1,TAP,0.5600976,1.0000
67116,2,TAP,0.6980811,1.0000
67132,1,TAP,0.5697399,1.0000
67132,2,TAP,0.7091372,1.0000
67148,1,TAP,0.5793269,1.0000
67148,2,TAP,0.7201923,1.0000
67166,1,TAP,0.5894325,1.0000
67182,1,TAP,0.5992563,1.0000
67200,1,TAP,0.6091443,1.0000
67200,2,TAP,0.4807749,1.0000
67216,1,TAP,0.6192308,1.0000
67216,2,TAP,0.4903846,1.0000
67232,1,TAP,0.6289518,1.0000
67232,2,TAP,0.4990385,1.0000
67249,1,TAP,0.6399161,1.0000
67249,2,TAP,0.5081731,1.0000
67266,1,TAP,0.6500121,1.0000
67266,2,TAP,0.5173077,1.0000
67282,1,TAP,0.6601083,1.0000
67282,2,TAP,0.5269446,1.0000
67299,1,TAP,0.6711484,1.0000
67299,2,TAP,0.5360690,1.0000
67316,1,TAP,0.6817308,1.0000
67316,2,TAP,0.5451923,1.0000
67332,1,TAP,0.6923202,1.0000
67332,2,TAP,0.5550702,1.0000
67349,1,TAP,0.7033720,1.0000
67349,2,TAP,0.5644231,1.0000
67365,1,TAP,0.7139554,1.0000
67365,2,TAP,0.5745192,1.0000
67382,1,TAP,0.7249953,1.0000
67382,2,TAP,0.5841236,1.0000
67399,2,TAP,0.5937610,1.0000
67416,2,TAP,0.6038462,1.0000
67433,2,TAP,0.6139423,1.0000
67449,2,TAP,0.6240315,1.0000
67466,2,TAP,0.6341346,1.0000
67483,2,TAP,0.6447143,1.0000
67499,2,TAP,0.6552938,1.0000
67516,2,TAP,0.6649038,1.0000
67532,2,TAP,0.6759398,1.0000
67549,2,TAP,0.6865385,1.0000
67565,2,TAP,0.6975962,1.0000
67582,2,TAP,0.7081981,1.0000
67599,2,TAP,0.7192308,1.0000
67616,1,TAP,0.5889423,0.9000
67616,2,TAP,0.7302885,1.0000
67649,1,TAP,0.6081731,0.9000
67665,1,TAP,0.6187500,0.9000
67682,1,TAP,0.6288462,0.9000
67699,1,TAP,0.6394231,0.9000
67716,1,TAP,0.6495192,0.9000
67732,1,TAP,0.6605769,0.9000
67749,1,TAP,0.6711538,0.9000
67765,1,TAP,0.6817308,0.9000
67782,1,TAP,0.6927885,0.9000
67798,1,TAP,0.7033654,0.9000
67816,1,TAP,0.7144231,0.9000
67832,1,TAP,0.7259615,0.9000
69100,3,UP,0.5134615,0.9563
69117,3,UP,0.5235577,0.9355
69134,3,UP,0.5341346,0.9287
69151,3,UP,0.5447115,0.9142
69167,3,UP,0.5552885,0.9133
69183,3,UP,0.5663462,0.9142
69201,3,UP,0.5774038,0.9116
69234,3,UP,0.5990385,0.9007
69250,3,UP,0.6110577,0.8993
69268,3,UP,0.6221154,0.8774
69284,3,UP,0.6331731,0.8811
69300,3,UP,0.6451923,0.8821
69316,3,UP,0.6567308,0.8852
69333,3,UP,0.6687500,0.8632
69350,3,UP,0.6807692,0.8685
69367,3,UP,0.6927885,0.8645
69384,3,UP,0.7048077,0.8646
69416,3,UP,0.7298077,0.8416
69500,1,TAP,0.4836481,1.0000
69500,2,TAP,0.4836538,1.0000
69516,1,TAP,0.4933999,1.0000
69516,2,TAP,0.4932806,1.0000
69532,1,TAP,0.5033654,1.0000
69532,2,TAP,0.5033654,1.0000
69549,1,TAP,0.5134672,1.0000
69549,2,TAP,0.5134615,1.0000
69569,1,TAP,0.5240441,1.0000
69569,2,TAP,0.5240538,1.0000
69599,1,TAP,0.5447144,1.0000
69599,2,TAP,0.5447115,1.0000
69616,1,TAP,0.5552885,1.0000
69616,2,TAP,0.5552941,1.0000
69633,1,TAP,0.5658668,1.0000
69633,2,TAP,0.5658654,1.0000
69649,1,TAP,0.5769231,1.0000
69649,2,TAP,0.5769286,1.0000
69666,1,TAP,0.5879933,1.0000
69666,2,TAP,0.5875437,1.0000
69683,1,TAP,0.5981163,1.0000
69683,2,TAP,0.5981773,1.0000
69699,1,TAP,0.6100879,1.0000
69699,2,TAP,0.6100741,1.0000
69715,1,TAP,0.6206786,1.0000
69715,2,TAP,0.6206841,1.0000
69732,1,TAP,0.6325632,1.0000
69732,2,TAP,0.6325974,1.0000
69749,1,TAP,0.6437500,1.0000
69749,2,TAP,0.6437757,1.0000
69765,1,TAP,0.6552750,1.0000
69765,2,TAP,0.6552885,1.0000
69783,1,TAP,0.6668269,1.0000
69783,2,TAP,0.6668269,1.0000
69800,1,TAP,0.6788624,1.0000
69800,2,TAP,0.6788462,1.0000
69833,1,TAP,0.7024078,1.0000
69833,1,TAP,0.4802885,1.0000
69833,2,TAP,0.7024052,1.0000
69833,2,TAP,0.4802885,1.0000
69852,1,TAP,0.7144378,1.0000
69852,1,TAP,0.4903805,1.0000
69852,2,TAP,0.7144231,1.0000
69852,2,TAP,0.4903846,1.0000
69882,1,TAP,0.5105793,1.0000
69882,2,TAP,0.5105826,1.0000
69899,1,TAP,0.5211636,1.0000
69899,2,TAP,0.5211538,1.0000
69915,1,TAP,0.5307918,1.0000
69915,2,TAP,0.5307803,1.0000
69932,1,TAP,0.5413342,1.0000
69932,2,TAP,0.5413462,1.0000
69949,1,TAP,0.5523982,1.0000
69949,2,TAP,0.5523982,1.0000
69965,1,TAP,0.5629668,1.0000
69965,2,TAP,0.5629808,1.0000
69983,1,TAP,0.5735885,1.0000
69983,2,TAP,0.5735803,1.0000
69999,1,TAP,0.5846013,1.0000
69999,2,TAP,0.5846085,1.0000
70016,1,TAP,0.5951923,1.0000
70016,2,TAP,0.5952031,1.0000
70032,1,TAP,0.6062459,1.0000
70032,2,TAP,0.6062610,1.0000
70049,1,TAP,0.6177939,1.0000
70049,2,TAP,0.6177885,1.0000
70066,1,TAP,0.6288504,1.0000
70066,2,TAP,0.6288573,1.0000
70082,1,TAP,0.6399133,1.0000
70082,2,TAP,0.6399038,1.0000
70099,1,TAP,0.6514490,1.0000
70099,2,TAP,0.6514477,1.0000
70116,1,TAP,0.6634767,1.0000
70116,2,TAP,0.6634615,1.0000
70133,1,TAP,0.6750000,1.0000
70133,2,TAP,0.6750000,1.0000
70149,1,TAP,0.6870192,1.0000
70149,2,TAP,0.6870192,1.0000
70165,1,TAP,0.6990211,1.0000
70165,1,TAP,0.4774038,1.0000
70165,2,TAP,0.6988405,1.0000
70182,1,TAP,0.7110630,1.0000
70182,1,TAP,0.4874943,1.0000
70182,2,TAP,0.7110695,1.0000
70200,1,TAP,0.7230675,1.0000
70200,1,TAP,0.4971211,1.0000
70200,2,TAP,0.7230769,1.0000
70233,1,TAP,0.5177798,1.0000
70249,1,TAP,0.5278846,1.0000
70266,1,TAP,0.5384488,1.0000
70283,1,TAP,0.5490440,1.0000
70299,1,TAP,0.5596280,1.0000
70316,1,TAP,0.5701923,1.0000
70332,1,TAP,0.5812403,1.0000
70349,1,TAP,0.5923077,1.0000
70366,1,TAP,0.6028846,1.0000
70382,1,TAP,0.6139478,1.0000
70400,1,TAP,0.6254930,1.0000
70400,2,TAP,0.4817594,1.0000
70417,1,TAP,0.6370165,1.0000
70417,2,TAP,0.4918269,1.0000
70449,1,TAP,0.6601029,1.0000
70449,2,TAP,0.5125000,1.0000
70465,1,TAP,0.6716346,1.0000
70465,2,TAP,0.5221154,1.0000
70482,1,TAP,0.6831691,1.0000
70482,2,TAP,0.5326923,1.0000
70501,1,TAP,0.6951870,1.0000
70501,2,TAP,0.5432692,1.0000
70532,1,TAP,0.7197115,1.0000
70532,2,TAP,0.5644231,1.0000
70549,2,TAP,0.5754808,1.0000
70565,2,TAP,0.5864249,1.0000
70583,2,TAP,0.5971154,1.0000
70600,2,TAP,0.6081731,1.0000
70616,2,TAP,0.6197115,1.0000
70632,2,TAP,0.6307692,1.0000
70649,2,TAP,0.6418419,1.0000
70666,2,TAP,0.6533788,1.0000
70682,2,TAP,0.6649038,1.0000
70699,2,TAP,0.6774038,1.0000
70716,2,TAP,0.6889423,1.0000
70733,2,TAP,0.7009615,1.0000
70733,2,TAP,0.4788462,1.0000
70749,2,TAP,0.7129808,1.0000
70749,2,TAP,0.4888062,1.0000
70765,2,TAP,0.7250106,1.0000
70765,2,TAP,0.4990385,1.0000
70782,2,TAP,0.5091462,1.0000
70799,2,TAP,0.5192308,1.0000
70816,2,TAP,0.5298132,1.0000
70833,2,TAP,0.5403846,1.0000
70849,2,TAP,0.5509615,1.0000
70866,2,TAP,0.5615385,1.0000
70882,2,TAP,0.5721154,1.0000
70899,2,TAP,0.5831662,1.0000
70916,2,TAP,0.5937610,1.0000
70932,2,TAP,0.6048077,1.0000
70948,2,TAP,0.6158654,1.0000
70965,2,TAP,0.6274038,1.0000
70982,2,TAP,0.6389423,1.0000
70998,2,TAP,0.6504808,1.0000
71016,2,TAP,0.6620192,1.0000
71033,2,TAP,0.6735577,1.0000
71049,2,TAP,0.6850962,1.0000
71066,1,TAP,0.4755702,1.0000
71066,2,TAP,0.6971166,1.0000
71082,1,TAP,0.4855883,1.0000
71082,2,TAP,0.7096367,1.0000
71099,1,TAP,0.4956972,1.0000
71099,2,TAP,0.7211644,1.0000
71116,1,TAP,0.5057789,1.0000
71133,1,TAP,0.5163341,1.0000
71149,1,TAP,0.5264423,1.0000
71167,1,TAP,0.5370263,1.0000
71199,1,TAP,0.5577088,1.0000
71217,1,TAP,0.5687500,1.0000
71233,1,TAP,0.5798077,1.0000
71249,1,TAP,0.5908709,1.0000
71266,1,TAP,0.6014519,1.0000
71282,1,TAP,0.6129904,1.0000
71299,1,TAP,0.6235878,1.0000
71299,2,TAP,0.4802885,1.0000
71316,1,TAP,0.6350880,1.0000
71316,2,TAP,0.4903903,1.0000
71332,1,TAP,0.6466400,1.0000
71332,2,TAP,0.5009615,1.0000
71349,1,TAP,0.6581731,1.0000
71349,2,TAP,0.5105769,1.0000
71365,1,TAP,0.6697115,1.0000
71365,2,TAP,0.5211538,1.0000
71382,1,TAP,0.6817967,1.0000
71382,2,TAP,0.5317308,1.0000
71399,1,TAP,0.6937487,1.0000
71399,2,TAP,0.5422500,1.0000
71415,1,TAP,0.7054033,1.0000
71415,2,TAP,0.5524095,1.0000
71433,1,TAP,0.7177937,1.0000
71433,2,TAP,0.5629920,1.0000
71449,2,TAP,0.5740385,1.0000
71467,2,TAP,0.5846208,1.0000
71485,2,TAP,0.5956882,1.0000
71516,2,TAP,0.6177885,1.0000
71533,2,TAP,0.6293269,1.0000
71549,2,TAP,0.6408695,1.0000
71566,2,TAP,0.6519394,1.0000
71582,2,TAP,0.6634670,1.0000
71599,2,TAP,0.6750534,1.0000
71615,2,TAP,0.6870192,1.0000
71633,2,TAP,0.6990427,1.0000
71633,2,TAP,0.4774038,1.0000
71649,2,TAP,0.7110747,1.0000
71649,2,TAP,0.4875057,1.0000
71665,2,TAP,0.7235577,1.0000
71665,2,TAP,0.4971268,1.0000
71682,2,TAP,0.5076923,1.0000
71699,2,TAP,0.5182628,1.0000
71716,2,TAP,0.5278957,1.0000
71733,2,TAP,0.5384615,1.0000
71749,2,TAP,0.5490385,1.0000
71766,2,TAP,0.5600792,1.0000
71782,2,TAP,0.5708539,1.0000
71800,2,TAP,0.5816755,1.0000
71833,2,TAP,0.6033654,1.0000
71850,2,TAP,0.6144231,1.0000
71883,2,TAP,0.6370192,1.0000
71899,2,TAP,0.6485550,1.0000
71915,2,TAP,0.6600962,1.0000
71933,2,TAP,0.6716346,1.0000
71949,2,TAP,0.6836538,1.0000
71965,1,TAP,0.4745097,1.0000
71965,2,TAP,0.6956731,1.0000
71982,1,TAP,0.4846154,1.0000
71982,2,TAP,0.7077214,1.0000
71999,1,TAP,0.4942185,1.0000
71999,2,TAP,0.7197115,1.0000
72016,1,TAP,0.5048077,1.0000
72033,1,TAP,0.5149057,1.0000
72050,1,TAP,0.5250000,1.0000
72066,1,TAP,0.5355888,1.0000
72082,1,TAP,0.5461658,1.0000
72099,1,TAP,0.5567363,1.0000
72116,1,TAP,0.5673077,1.0000
72132,1,TAP,0.5783654,1.0000
72149,1,TAP,0.5889604,1.0000
72165,1,TAP,0.6000116,1.0000
72182,1,TAP,0.6110659,1.0000
72199,1,TAP,0.6223868,1.0000
72199,2,TAP,0.4792328,1.0000
72215,1,TAP,0.6336416,1.0000
72215,2,TAP,0.4894231,1.0000
72232,1,TAP,0.6447115,1.0000
72232,2,TAP,0.4990385,1.0000
72249,1,TAP,0.6562379,1.0000
72249,2,TAP,0.5096154,1.0000
72266,1,TAP,0.6682310,1.0000
72266,2,TAP,0.5192422,1.0000
72282,1,TAP,0.6802885,1.0000
72282,2,TAP,0.5298132,1.0000
72298,1,TAP,0.6918388,1.0000
72298,2,TAP,0.5403846,1.0000
72315,1,TAP,0.7043362,1.0000
72315,2,TAP,0.5509615,1.0000
72332,1,TAP,0.7163556,1.0000
72332,2,TAP,0.5615385,1.0000
72349,1,TAP,0.7288503,1.0000
72349,2,TAP,0.5721154,1.0000
72366,2,TAP,0.5831676,1.0000
72382,2,TAP,0.5942308,1.0000
72399,2,TAP,0.6052939,1.0000
72416,2,TAP,0.6163462,1.0000
72432,1,TAP,0.4836538,1.0000
72432,2,TAP,0.6274038,1.0000
72450,1,TAP,0.4942209,1.0000
72450,2,TAP,0.6389423,1.0000
72466,1,TAP,0.5038462,1.0000
72466,2,TAP,0.6504808,1.0000
72482,1,TAP,0.5144175,1.0000
72482,2,TAP,0.6620192,1.0000
72499,1,TAP,0.5240441,1.0000
72499,2,TAP,0.6735577,1.0000
72515,1,TAP,0.5346250,1.0000
72515,2,TAP,0.6855987,1.0000
72532,1,TAP,0.5451923,1.0000
72532,2,TAP,0.6975962,1.0000
72548,1,TAP,0.5557692,1.0000
72548,2,TAP,0.7096367,1.0000
72566,1,TAP,0.5663462,1.0000
72566,2,TAP,0.7221048,1.0000
72582,1,TAP,0.5774038,1.0000
72599,1,TAP,0.5884709,1.0000
72616,1,TAP,0.5992042,1.0000
72633,1,TAP,0.6101031,1.0000
72649,1,TAP,0.6216414,1.0000
72649,2,LEFT,0.4774038,0.9701
72666,1,TAP,0.6331595,1.0000
72666,2,LEFT,0.4875000,0.9600
72682,1,TAP,0.6446898,1.0000
72682,2,LEFT,0.4971154,0.9600
72698,1,TAP,0.6557601,1.0000
72698,2,LEFT,0.5076923,0.9650
72716,1,TAP,0.6677885,1.0000
72716,2,LEFT,0.5177885,0.9674
72732,1,TAP,0.6793309,1.0000
72732,2,LEFT,0.5283654,0.9650
72749,1,TAP,0.6909115,1.0000
72749,2,LEFT,0.5389423,0.9724
72768,1,TAP,0.7033680,1.0000
72768,2,LEFT,0.5495192,0.9650
72799,1,TAP,0.7278846,1.0000
72799,2,LEFT,0.5706731,0.9600
72816,2,LEFT,0.5822115,0.9724
72833,2,LEFT,0.5932692,0.9747
72849,2,LEFT,0.6043269,0.9648
72867,2,LEFT,0.6153846,0.9622
72883,2,LEFT,0.6274038,0.9697
72883,3,TAP,0.4836330,1.0000
72899,2,LEFT,0.6384615,0.9648
72899,3,TAP,0.4935668,1.0000
72915,2,LEFT,0.6504808,0.9720
72915,3,TAP,0.5033654,1.0000
72932,2,LEFT,0.6620192,0.9646
72932,3,TAP,0.5134615,1.0000
72949,2,LEFT,0.6740385,0.9671
72949,3,TAP,0.5240385,1.0000
72966,2,LEFT,0.6860577,0.9747
72966,3,TAP,0.5341437,1.0000
72982,2,LEFT,0.6980769,0.9620
72982,3,TAP,0.5446987,1.0000
72999,2,LEFT,0.7100962,0.9620
72999,3,TAP,0.5555658,1.0000
73015,2,LEFT,0.7230769,0.9722
73015,3,TAP,0.5662777,1.0000
73033,3,TAP,0.5769231,1.0000
73049,3,TAP,0.5875000,1.0000
73066,3,TAP,0.5985605,1.0000
73082,3,TAP,0.6100699,1.0000
73099,2,TAP,0.4781025,1.0000
73099,3,TAP,0.6206731,1.0000
73115,2,TAP,0.4879734,1.0000
73115,3,TAP,0.6324900,1.0000
73132,2,TAP,0.4980826,1.0000
73132,3,TAP,0.6437500,1.0000
73149,2,TAP,0.5076980,1.0000
73149,3,TAP,0.6552750,1.0000
73166,2,TAP,0.5182692,1.0000
73166,3,TAP,0.6668269,1.0000
73182,2,TAP,0.5288573,1.0000
73182,3,TAP,0.6786960,1.0000
73199,2,TAP,0.5394231,1.0000
73199,3,TAP,0.6903971,1.0000
73216,2,TAP,0.5496653,1.0000
73216,3,TAP,0.7024078,1.0000
73232,2,TAP,0.5600962,1.0000
73232,3,TAP,0.7144372,1.0000
73249,2,TAP,0.5706731,1.0000
73249,3,TAP,0.7269231,1.0000
73266,2,TAP,0.5817385,1.0000
73283,2,TAP,0.5927940,1.0000
73299,2,TAP,0.6038462,1.0000
73316,2,TAP,0.6149038,1.0000
73332,2,TAP,0.6259822,1.0000
73332,3,TAP,0.4826923,1.0000
73349,2,TAP,0.6375000,1.0000
73349,3,TAP,0.4923060,1.0000
73366,2,TAP,0.6485698,1.0000
73366,3,TAP,0.5028846,1.0000
73383,2,TAP,0.6605552,1.0000
73383,3,TAP,0.5124943,1.0000
73400,2,TAP,0.6725962,1.0000
73400,3,TAP,0.5230769,1.0000
73416,2,TAP,0.6841346,1.0000
73416,3,TAP,0.5336538,1.0000
73433,2,TAP,0.6956731,1.0000
73433,3,TAP,0.5442188,1.0000
73449,2,TAP,0.7081982,1.0000
73449,3,TAP,0.5548077,1.0000
73466,2,TAP,0.7203228,1.0000
73466,3,TAP,0.5653720,1.0000
73483,2,TAP,0.7326870,1.0000
73483,3,TAP,0.5759670,1.0000
73499,3,TAP,0.5870192,1.0000
73516,3,TAP,0.5977464,1.0000
73532,3,TAP,0.6091387,1.0000
73549,2,TAP,0.4774038,1.0000
73549,3,TAP,0.6201923,1.0000
73566,2,TAP,0.4874943,1.0000
73566,3,TAP,0.6312500,1.0000
73583,2,TAP,0.4971268,1.0000
73583,3,TAP,0.6427885,1.0000
73600,2,TAP,0.5076923,1.0000
73600,3,TAP,0.6543149,1.0000
73616,2,TAP,0.5177827,1.0000
73616,3,TAP,0.6658654,1.0000
73633,2,TAP,0.5278942,1.0000
73633,3,TAP,0.6782995,1.0000
73649,2,TAP,0.5384671,1.0000
73649,3,TAP,0.6899171,1.0000
73666,2,TAP,0.5490440,1.0000
73666,3,TAP,0.7019183,1.0000
73683,2,TAP,0.5596154,1.0000
73683,3,TAP,0.7134816,1.0000
73699,2,TAP,0.5701923,1.0000
73699,3,TAP,0.7259586,1.0000
73716,2,TAP,0.5807809,1.0000
73733,2,TAP,0.5923131,1.0000
73749,2,TAP,0.6029215,1.0000
73765,2,TAP,0.6139478,1.0000
73783,2,TAP,0.6254808,1.0000
73800,2,TAP,0.6370192,1.0000
73816,2,TAP,0.6485671,1.0000
73833,1,RIGHT,0.5110577,0.9069
73833,2,TAP,0.6600962,1.0000
73849,1,RIGHT,0.5211538,0.9037
73849,2,TAP,0.6716346,1.0000
73866,1,RIGHT,0.5317308,0.9113
73866,2,TAP,0.6831731,1.0000
73882,1,RIGHT,0.5427885,0.9181
73882,2,TAP,0.6951923,1.0000
73899,1,RIGHT,0.5533654,0.9284
73899,2,TAP,0.7072341,1.0000
73916,1,RIGHT,0.5639423,0.9104
73916,2,TAP,0.7196985,1.0000
73933,1,RIGHT,0.5745192,0.9291
73949,1,RIGHT,0.5855769,0.9158
73966,1,RIGHT,0.5971154,0.9307
73982,1,RIGHT,0.6081731,0.9132
74000,1,RIGHT,0.6192308,0.9154
74000,2,TAP,0.4764479,1.0000
74016,1,RIGHT,0.6312500,0.9254
74016,2,TAP,0.4865385,1.0000
74032,1,RIGHT,0.6423077,0.9150
74032,2,TAP,0.4966346,1.0000
74049,1,RIGHT,0.6543269,0.9246
74049,2,TAP,0.5063228,1.0000
74065,1,RIGHT,0.6663462,0.9277
74065,2,TAP,0.5173077,1.0000
74082,1,RIGHT,0.6783654,0.9400
74082,2,TAP,0.5269511,1.0000
74099,1,RIGHT,0.6903846,0.9347
74099,2,TAP,0.5375000,1.0000
74116,1,RIGHT,0.7024038,0.9397
74116,2,TAP,0.5480769,1.0000
74132,1,RIGHT,0.7149038,0.9471
74132,2,TAP,0.5586538,1.0000
74149,1,RIGHT,0.7269231,0.9492
74149,2,TAP,0.5692308,1.0000
74166,2,TAP,0.5803147,1.0000
74182,2,TAP,0.5913516,1.0000
74199,2,TAP,0.6024038,1.0000
74216,2,TAP,0.6134615,1.0000
74233,2,TAP,0.6245192,1.0000
74233,3,TAP,0.4812500,1.0000
74249,2,TAP,0.6360577,1.0000
74249,3,TAP,0.4913337,1.0000
74266,2,TAP,0.6475948,1.0000
74266,3,TAP,0.5009789,1.0000
74282,2,TAP,0.6591346,1.0000
74282,3,TAP,0.5115328,1.0000
74300,2,TAP,0.6706731,1.0000
74300,3,TAP,0.5221097,1.0000
74316,2,TAP,0.6826923,1.0000
74316,3,TAP,0.5322461,1.0000
74332,2,TAP,0.6942967,1.0000
74332,3,TAP,0.5422957,1.0000
74349,2,TAP,0.7067290,1.0000
74349,3,TAP,0.5528846,1.0000
74367,2,TAP,0.7187500,1.0000
74367,3,TAP,0.5639113,1.0000
74400,3,TAP,0.5855746,1.0000
74417,3,TAP,0.5961593,1.0000
74433,3,TAP,0.6076807,1.0000
74449,1,TAP,0.4755409,1.0000
74449,3,TAP,0.6187500,1.0000
74465,1,TAP,0.4857007,1.0000
74465,3,TAP,0.6302280,1.0000
74482,1,TAP,0.4961661,1.0000
74482,3,TAP,0.6417775,1.0000
74499,1,TAP,0.5057789,1.0000
74499,3,TAP,0.6524146,1.0000
74516,1,TAP,0.5163397,1.0000
74516,3,TAP,0.6643724,1.0000
74532,1,TAP,0.5269231,1.0000
74532,3,TAP,0.6764423,1.0000
74548,1,TAP,0.5366792,1.0000
74548,3,TAP,0.6879981,1.0000
74565,1,TAP,0.5476089,1.0000
74565,3,TAP,0.7000030,1.0000
74582,1,TAP,0.5581801,1.0000
74582,3,TAP,0.7120284,1.0000
74599,1,TAP,0.5692308,1.0000
74599,3,TAP,0.7245153,1.0000
74617,1,TAP,0.5798077,1.0000
74633,1,TAP,0.5908654,1.0000
74649,1,TAP,0.6015369,1.0000
74666,1,TAP,0.6129904,1.0000
74682,1,TAP,0.6236255,1.0000
74682,2,TAP,0.4807692,1.0000
74699,1,TAP,0.6350893,1.0000
74699,2,TAP,0.4903846,1.0000
74716,1,TAP,0.6466346,1.0000
74716,2,TAP,0.5009615,1.0000
74732,1,TAP,0.6581677,1.0000
74732,2,TAP,0.5105769,1.0000
74749,1,TAP,0.6697115,1.0000
74749,2,TAP,0.5211538,1.0000
74766,1,TAP,0.6817416,1.0000
74766,2,TAP,0.5317308,1.0000
74783,1,TAP,0.6937447,1.0000
74783,2,TAP,0.5423077,1.0000
74783,3,TAP,0.4110577,1.0000
74799,1,TAP,0.7053705,1.0000
74799,2,TAP,0.5520068,1.0000
74816,1,TAP,0.7177885,1.0000
74816,2,TAP,0.5629808,1.0000
74833,1,TAP,0.7302885,1.0000
74833,2,TAP,0.5740385,1.0000
74850,2,TAP,0.5846154,1.0000
74866,2,TAP,0.5956786,1.0000
74882,2,TAP,0.6067308,1.0000
74899,2,TAP,0.6177885,1.0000
74899,3,TAP,0.4754501,1.0000
74915,2,TAP,0.6289477,1.0000
74915,3,TAP,0.4855769,1.0000
74933,2,TAP,0.6408681,1.0000
74933,3,TAP,0.4951866,1.0000
74949,2,TAP,0.6524186,1.0000
74949,3,TAP,0.5057692,1.0000
74965,2,TAP,0.6639423,1.0000
74965,3,TAP,0.5153725,1.0000
74982,2,TAP,0.6754808,1.0000
74982,3,TAP,0.5259672,1.0000
74999,2,TAP,0.6870192,1.0000
74999,3,TAP,0.5365504,1.0000
75016,2,TAP,0.6995192,1.0000
75016,3,TAP,0.5471281,1.0000
75033,2,TAP,0.7115455,1.0000
75033,3,TAP,0.5577018,1.0000
75050,2,TAP,0.7235577,1.0000
75050,3,TAP,0.5682692,1.0000
75066,3,TAP,0.5788462,1.0000
75082,3,TAP,0.5899094,1.0000
75099,3,TAP,0.6009732,1.0000
75116,3,TAP,0.6120261,1.0000
75133,3,TAP,0.6230769,1.0000
75149,3,TAP,0.6346062,1.0000
75165,3,TAP,0.6456731,1.0000
75182,3,TAP,0.6572048,1.0000
75199,3,TAP,0.6687500,1.0000
75216,3,TAP,0.6812500,1.0000
75234,3,TAP,0.6927937,1.0000
75250,2,TAP,0.4826923,1.0000
75250,3,TAP,0.7048172,1.0000
75266,2,TAP,0.4923077,1.0000
75266,3,TAP,0.7173077,1.0000
75282,2,TAP,0.5028773,1.0000
75282,3,TAP,0.7293400,1.0000
75299,2,TAP,0.5125000,1.0000
75316,2,TAP,0.5230704,1.0000
75332,2,TAP,0.5336538,1.0000
75349,2,TAP,0.5437613,1.0000
75366,2,TAP,0.5538910,1.0000
75382,2,TAP,0.5649038,1.0000
75398,2,TAP,0.5754808,1.0000
75415,2,TAP,0.5865385,1.0000
75432,2,TAP,0.5975962,1.0000
75450,2,TAP,0.6086538,1.0000
75466,2,TAP,0.6197115,1.0000
75482,2,TAP,0.6312500,1.0000
75499,2,TAP,0.6427966,1.0000
75515,2,TAP,0.6543390,1.0000
75532,1,RIGHT,0.5163462,0.9132
75532,2,TAP,0.6658654,1.0000
75549,1,RIGHT,0.5269231,0.9212
75549,2,TAP,0.6774038,1.0000
75565,1,RIGHT,0.5370192,0.9082
75565,2,TAP,0.6894231,1.0000
75582,1,RIGHT,0.5480769,0.9136
75582,2,TAP,0.7014423,1.0000
75598,1,RIGHT,0.5586538,0.9158
75598,2,TAP,0.7134615,1.0000
75614,1,RIGHT,0.5697115,0.9104
75614,2,TAP,0.7254808,1.0000
75633,1,RIGHT,0.5802885,0.9158
75650,1,RIGHT,0.5913462,0.9127
75666,1,RIGHT,0.6024038,0.9254
75682,1,RIGHT,0.6139423,0.9231
75699,1,RIGHT,0.6254808,0.9104
75715,1,RIGHT,0.6370192,0.9257
75732,1,RIGHT,0.6485577,0.9370
75749,1,RIGHT,0.6600962,0.9277
75766,1,RIGHT,0.6721154,0.9400
75782,1,RIGHT,0.6841346,0.9347
75799,1,RIGHT,0.6961538,0.9421
75816,1,RIGHT,0.7081731,0.9442
75816,2,TAP,0.4841272,1.0000
75832,1,RIGHT,0.7211538,0.9519
75832,2,TAP,0.4942308,1.0000
75850,2,TAP,0.5038462,1.0000
75866,2,TAP,0.5144231,1.0000
75883,2,TAP,0.5245350,1.0000
75900,2,TAP,0.5346154,1.0000
75916,2,TAP,0.5451923,1.0000
75916,3,TAP,0.4139423,1.0000
75932,2,TAP,0.5562444,1.0000
75949,2,TAP,0.5668269,1.0000
75968,2,TAP,0.5774178,1.0000
75999,2,TAP,0.5994749,1.0000
76016,2,TAP,0.6100962,1.0000
76032,2,TAP,0.6216346,1.0000
76032,3,TAP,0.4788462,1.0000
76049,2,TAP,0.6331731,1.0000
76049,3,TAP,0.4884615,1.0000
76066,2,TAP,0.6446855,1.0000
76066,3,TAP,0.4990311,1.0000
76083,2,TAP,0.6562594,1.0000
76083,3,TAP,0.5086538,1.0000
76099,2,TAP,0.6677885,1.0000
76099,3,TAP,0.5192308,1.0000
76116,2,TAP,0.6793269,1.0000
76116,3,TAP,0.5298077,1.0000
76133,2,TAP,0.6913462,1.0000
76133,3,TAP,0.5399425,1.0000
76149,2,TAP,0.7033654,1.0000
76149,3,TAP,0.5500055,1.0000
76166,2,TAP,0.7153952,1.0000
76166,3,TAP,0.5605840,1.0000
76200,3,TAP,0.5822060,1.0000
76216,3,TAP,0.5937500,1.0000
76232,3,TAP,0.6046901,1.0000
76249,3,TAP,0.6158654,1.0000
76267,2,TAP,0.4836424,1.0000
76267,3,TAP,0.6269322,1.0000
76283,2,TAP,0.4936070,1.0000
76283,3,TAP,0.6379944,1.0000
76299,2,TAP,0.5033728,1.0000
76299,3,TAP,0.6495327,1.0000
76315,2,TAP,0.5134615,1.0000
76315,3,TAP,0.6610711,1.0000
76332,2,TAP,0.5240482,1.0000
76332,3,TAP,0.6735550,1.0000
76349,2,TAP,0.5341562,1.0000
76349,3,TAP,0.6850962,1.0000
76366,2,TAP,0.5447115,1.0000
76366,3,TAP,0.6966254,1.0000
76366,3,TAP,0.4134615,1.0000
76383,2,TAP,0.5553397,1.0000
76383,3,TAP,0.7091346,1.0000
76399,2,TAP,0.5658880,1.0000
76399,3,TAP,0.7209443,1.0000
76416,2,TAP,0.5769325,1.0000
76433,2,TAP,0.5875000,1.0000
76450,2,TAP,0.5981917,1.0000
76466,2,TAP,0.6100907,1.0000
76483,2,TAP,0.6206731,1.0000
76483,3,TAP,0.4779623,1.0000
76499,2,TAP,0.6325974,1.0000
76499,3,TAP,0.4879808,1.0000
76515,2,TAP,0.6437568,1.0000
76515,3,TAP,0.4980769,1.0000
76533,2,TAP,0.6552885,1.0000
76533,3,TAP,0.5081731,1.0000
76549,2,TAP,0.6668269,1.0000
76549,3,TAP,0.5182628,1.0000
76566,2,TAP,0.6791718,1.0000
76566,3,TAP,0.5288462,1.0000
76583,2,TAP,0.6900084,1.0000
76583,3,TAP,0.5394231,1.0000
76600,2,TAP,0.7024065,1.0000
76600,3,TAP,0.5500000,1.0000
76616,2,TAP,0.7144231,1.0000
76616,3,TAP,0.5605808,1.0000
76633,2,TAP,0.7269231,1.0000
76633,3,TAP,0.5711633,1.0000
76649,3,TAP,0.5817253,1.0000
76666,3,TAP,0.5927885,1.0000
76683,3,TAP,0.6038408,1.0000
76700,3,TAP,0.6149052,1.0000
76733,2,TAP,0.4923191,1.0000
76733,3,TAP,0.6379671,1.0000
76750,2,TAP,0.5028846,1.0000
76750,3,TAP,0.6490091,1.0000
76766,2,TAP,0.5125171,1.0000
76766,3,TAP,0.6605476,1.0000
76783,2,TAP,0.5230826,1.0000
76783,3,TAP,0.6725988,1.0000
76799,2,TAP,0.5336538,1.0000
76799,3,TAP,0.6841346,1.0000
76815,2,TAP,0.5442308,1.0000
76815,3,TAP,0.6961443,1.0000
76832,2,TAP,0.5548077,1.0000
76832,3,TAP,0.7081731,1.0000
76849,2,TAP,0.5653846,1.0000
76849,3,TAP,0.7202189,1.0000
76865,2,TAP,0.5759615,1.0000
76883,2,TAP,0.5870137,1.0000
76900,2,TAP,0.5976071,1.0000
76916,2,TAP,0.6091401,1.0000
76932,2,TAP,0.6201923,1.0000
76949,2,TAP,0.6312610,1.0000
76966,2,TAP,0.6428021,1.0000
76984,2,TAP,0.6543484,1.0000
77000,2,TAP,0.6658654,1.0000
77016,2,TAP,0.6782103,1.0000
77033,2,TAP,0.6899038,1.0000
77049,2,TAP,0.7019273,1.0000
77049,2,TAP,0.4798077,1.0000
77066,2,TAP,0.7139423,1.0000
77066,2,TAP,0.4894345,1.0000
77082,2,TAP,0.7259721,1.0000
77082,2,TAP,0.4995414,1.0000
77099,2,TAP,0.5096154,1.0000
77116,2,TAP,0.5201923,1.0000
77132,2,TAP,0.5307692,1.0000
77149,2,TAP,0.5408654,1.0000
77166,2,TAP,0.5514423,1.0000
77182,2,TAP,0.5620305,1.0000
77200,2,TAP,0.5730769,1.0000
77217,2,TAP,0.5836484,1.0000
77233,2,TAP,0.5947060,1.0000
77249,2,TAP,0.6052939,1.0000
77266,2,TAP,0.6171603,1.0000
77282,2,TAP,0.6283654,1.0000
77299,2,TAP,0.6399134,1.0000
77316,2,TAP,0.6509778,1.0000
77332,2,TAP,0.6625054,1.0000
77349,2,TAP,0.6745192,1.0000
77365,2,TAP,0.6860577,1.0000
77382,1,TAP,0.4764498,1.0000
77382,2,TAP,0.6980775,1.0000
77399,1,TAP,0.4865442,1.0000
77399,2,TAP,0.7101198,1.0000
77416,1,TAP,0.4966383,1.0000
77416,2,TAP,0.7221154,1.0000
77432,1,TAP,0.5063372,1.0000
77449,1,TAP,0.5172948,1.0000
77466,1,TAP,0.5269287,1.0000
77482,1,TAP,0.5375095,1.0000
77499,1,TAP,0.5480864,1.0000
77516,1,TAP,0.5586656,1.0000
77532,1,TAP,0.5692308,1.0000
77551,1,TAP,0.5802829,1.0000
77583,1,TAP,0.6024038,1.0000
77599,1,TAP,0.6129959,1.0000
77616,1,TAP,0.6245260,1.0000
77616,2,TAP,0.4812500,1.0000
77632,1,TAP,0.6360550,1.0000
77632,2,TAP,0.4909382,1.0000
77649,1,TAP,0.6476056,1.0000
77649,2,TAP,0.5009729,1.0000
77666,1,TAP,0.6591441,1.0000
77666,2,TAP,0.5115385,1.0000
77682,1,TAP,0.6706731,1.0000
77682,2,TAP,0.5221097,1.0000
77699,1,TAP,0.6826923,1.0000
77699,2,TAP,0.5322228,1.0000
77716,1,TAP,0.6942361,1.0000
77716,2,TAP,0.5423077,1.0000
77732,1,TAP,0.7067038,1.0000
77732,2,TAP,0.5528846,1.0000
77749,1,TAP,0.7187500,1.0000
77749,2,TAP,0.5639367,1.0000
77765,2,TAP,0.5745192,1.0000
77782,2,TAP,0.5855769,1.0000
77800,2,TAP,0.5966236,1.0000
77816,2,TAP,0.6076923,1.0000
77833,2,TAP,0.6187500,1.0000
77849,2,TAP,0.6302885,1.0000
77866,2,TAP,0.6414135,1.0000
77882,2,TAP,0.6533372,1.0000
77899,1,RIGHT,0.5153846,0.9132
77899,2,TAP,0.6649038,1.0000
77916,1,RIGHT,0.5259615,0.9037
77916,2,TAP,0.6764423,1.0000
77933,1,RIGHT,0.5360577,0.9082
77933,2,TAP,0.6879808,1.0000
77949,1,RIGHT,0.5471154,0.9136
77949,2,TAP,0.7004675,1.0000
77965,1,RIGHT,0.5576923,0.9181
77965,2,TAP,0.7125147,1.0000
77982,1,RIGHT,0.5687500,0.9132
77982,2,TAP,0.7245192,1.0000
77999,1,RIGHT,0.5793269,0.9158
78016,1,RIGHT,0.5903846,0.9154
78032,1,RIGHT,0.6014423,0.9227
78049,1,RIGHT,0.6125000,0.9177
78065,1,RIGHT,0.6240385,0.9154
78065,2,TAP,0.4807692,1.0000
78082,1,RIGHT,0.6355769,0.9132
78082,2,TAP,0.4903846,1.0000
78099,1,RIGHT,0.6471154,0.9330
78099,2,TAP,0.5009615,1.0000
78116,1,RIGHT,0.6591346,0.9296
78116,2,TAP,0.5110503,1.0000
78132,1,RIGHT,0.6711538,0.9347
78132,2,TAP,0.5211538,1.0000
78148,1,RIGHT,0.6831731,0.9400
78148,2,TAP,0.5317308,1.0000
78165,1,RIGHT,0.6951923,0.9424
78165,2,TAP,0.5423077,1.0000
78182,1,RIGHT,0.7072115,0.9519
78182,2,TAP,0.5525962,1.0000
78199,1,RIGHT,0.7192308,0.9343
78199,2,TAP,0.5629920,1.0000
78216,2,TAP,0.5740385,1.0000
78233,2,TAP,0.5846208,1.0000
78249,2,TAP,0.5956786,1.0000
78267,2,TAP,0.6067362,1.0000
78283,1,TAP,0.4754808,1.0000
78283,2,TAP,0.6177885,1.0000
78299,1,TAP,0.4855769,1.0000
78299,2,TAP,0.6289411,1.0000
78315,1,TAP,0.4951972,1.0000
78315,2,TAP,0.6408777,1.0000
78333,1,TAP,0.5057789,1.0000
78333,2,TAP,0.6523985,1.0000
78350,1,TAP,0.5153919,1.0000
78350,2,TAP,0.6639423,1.0000
78382,1,TAP,0.5365409,1.0000
78382,2,TAP,0.6874673,1.0000
78399,1,TAP,0.5471281,1.0000
78399,2,TAP,0.6995192,1.0000
78416,1,TAP,0.5577018,1.0000
78416,2,TAP,0.7115426,1.0000
78433,1,TAP,0.5682692,1.0000
78433,2,TAP,0.7235577,1.0000
78450,1,TAP,0.5793214,1.0000
78466,1,TAP,0.5899094,1.0000
78482,1,TAP,0.6009708,1.0000
78499,1,TAP,0.6120316,1.0000
78516,1,TAP,0.6230884,1.0000
78516,2,TAP,0.4802885,1.0000
78532,1,TAP,0.6346031,1.0000
78532,2,TAP,0.4903846,1.0000
78550,1,TAP,0.6456731,1.0000
78550,2,TAP,0.5000000,1.0000
78582,1,TAP,0.6697115,1.0000
78582,2,TAP,0.5201923,1.0000
78599,1,TAP,0.6812500,1.0000
78599,2,TAP,0.5307692,1.0000
78616,1,TAP,0.6927937,1.0000
78616,2,TAP,0.5413462,1.0000
78633,1,TAP,0.7048184,1.0000
78633,2,TAP,0.5519231,1.0000
78649,1,TAP,0.7173224,1.0000
78649,2,TAP,0.5625000,1.0000
78665,1,TAP,0.7293361,1.0000
78665,2,TAP,0.5730769,1.0000
78683,2,TAP,0.5837140,1.0000
78699,2,TAP,0.5947170,1.0000
78716,2,TAP,0.6062500,1.0000
78733,2,TAP,0.6168379,1.0000
78750,2,TAP,0.6283654,1.0000
78766,2,TAP,0.6399093,1.0000
78782,2,TAP,0.6514423,1.0000
78799,2,TAP,0.6632130,1.0000
78816,2,TAP,0.6745192,1.0000
78832,2,TAP,0.6865385,1.0000
78849,2,TAP,0.6985577,1.0000
78849,2,TAP,0.4769345,1.0000
78865,2,TAP,0.7106005,1.0000
78865,2,TAP,0.4874451,1.0000
78882,2,TAP,0.7225962,1.0000
78882,2,TAP,0.4971154,1.0000
78899,2,TAP,0.5072115,1.0000
78915,2,TAP,0.5173053,1.0000
78933,2,TAP,0.5278926,1.0000
78949,2,TAP,0.5384560,1.0000
78966,2,TAP,0.5485521,1.0000
78982,2,TAP,0.5591403,1.0000
78999,2,TAP,0.5701923,1.0000
79016,2,TAP,0.5807848,1.0000
79033,2,TAP,0.5917767,1.0000
79050,2,TAP,0.6024038,1.0000
79067,2,TAP,0.6135565,1.0000
79083,2,TAP,0.6254808,1.0000
79099,2,TAP,0.6360577,1.0000
79116,2,TAP,0.6476150,1.0000
79132,2,TAP,0.6596262,1.0000
79151,2,TAP,0.6711538,1.0000
79182,2,TAP,0.6947115,1.0000
79199,2,TAP,0.7067552,1.0000
79216,2,TAP,0.7192361,1.0000
79416,1,TAP,0.4788462,1.0000
79433,1,TAP,0.4884672,1.0000
79449,1,TAP,0.4990385,1.0000
79467,1,TAP,0.5086659,1.0000
79483,1,TAP,0.5192243,1.0000
79499,1,TAP,0.5298077,1.0000
79516,1,TAP,0.5402238,1.0000
79532,1,TAP,0.5500055,1.0000
79549,1,TAP,0.5605879,1.0000
79566,1,TAP,0.5716374,1.0000
79583,1,TAP,0.5826805,1.0000
79599,1,TAP,0.5937500,1.0000
79616,1,TAP,0.6043379,1.0000
79633,1,TAP,0.6158654,1.0000
79649,1,TAP,0.6269284,1.0000
79649,2,TAP,0.4836482,1.0000
79666,1,TAP,0.6384730,1.0000
79666,2,TAP,0.4936208,1.0000
79682,1,TAP,0.6495327,1.0000
79682,2,TAP,0.5033654,1.0000
79698,1,TAP,0.6610698,1.0000
79698,2,TAP,0.5134615,1.0000
79715,1,TAP,0.6735523,1.0000
79715,2,TAP,0.5240538,1.0000
79732,1,TAP,0.6850962,1.0000
79732,2,TAP,0.5346154,1.0000
79749,1,TAP,0.6966293,1.0000
79749,2,TAP,0.5447115,1.0000
79765,1,TAP,0.7091346,1.0000
79765,2,TAP,0.5553806,1.0000
79783,1,TAP,0.7211486,1.0000
79783,2,TAP,0.5658880,1.0000
79799,2,TAP,0.5769380,1.0000
79816,2,TAP,0.5875054,1.0000
79833,2,TAP,0.5981719,1.0000
79849,2,TAP,0.6100962,1.0000
79866,1,TAP,0.4779020,1.0000
79866,2,TAP,0.6206731,1.0000
79883,1,TAP,0.4879808,1.0000
79883,2,TAP,0.6325974,1.0000
79899,1,TAP,0.4980867,1.0000
79899,2,TAP,0.6437663,1.0000
79915,1,TAP,0.5081841,1.0000
79915,2,TAP,0.6552885,1.0000
79932,1,TAP,0.5182571,1.0000
79932,2,TAP,0.6668269,1.0000
79949,1,TAP,0.5288462,1.0000
79949,2,TAP,0.6791781,1.0000
79965,1,TAP,0.5394231,1.0000
79965,2,TAP,0.6903846,1.0000
79982,1,TAP,0.5500000,1.0000
79982,2,TAP,0.7024038,1.0000
79999,1,TAP,0.5605808,1.0000
79999,2,TAP,0.7144231,1.0000
80015,1,TAP,0.5711594,1.0000
80015,2,TAP,0.7269231,1.0000
80033,1,TAP,0.5817214,1.0000
80049,1,TAP,0.5927885,1.0000
80065,1,TAP,0.6038462,1.0000
80083,1,TAP,0.6149038,1.0000
80099,1,TAP,0.6259707,1.0000
80099,3,LEFT,0.4812500,0.8981
80115,1,TAP,0.6375115,1.0000
80115,3,LEFT,0.4913462,0.8927
80131,1,TAP,0.6486098,1.0000
80131,3,LEFT,0.5014423,0.9073
80149,1,TAP,0.6602389,1.0000
80149,3,LEFT,0.5120192,0.9002
80165,1,TAP,0.6725962,1.0000
80165,3,LEFT,0.5221154,0.8943
80183,1,TAP,0.6841346,1.0000
80183,3,LEFT,0.5326923,0.9144
80199,1,TAP,0.6961538,1.0000
80199,3,LEFT,0.5437500,0.8810
80215,1,TAP,0.7081731,1.0000
80215,3,LEFT,0.5538462,0.9212
80232,1,TAP,0.7203287,1.0000
80232,3,LEFT,0.5649038,0.9132
80249,3,LEFT,0.5754808,0.9185
80265,3,LEFT,0.5865385,0.9104
80283,3,LEFT,0.5975962,0.9212
80299,3,LEFT,0.6086538,0.9136
80315,3,LEFT,0.6201923,0.9132
80332,3,LEFT,0.6317308,0.9127
80349,3,LEFT,0.6432692,0.9132
80366,3,LEFT,0.6552885,0.9181
80383,1,RIGHT,0.5163462,0.9059
80383,3,LEFT,0.6673077,0.9273
80399,1,RIGHT,0.5269231,0.9037
80399,3,LEFT,0.6783654,0.9219
80416,1,RIGHT,0.5370192,0.9055
80416,3,LEFT,0.6908654,0.9277
80432,1,RIGHT,0.5480769,0.9082
80432,3,LEFT,0.7033654,0.9327
80449,1,RIGHT,0.5586538,0.9216
80449,3,LEFT,0.7153846,0.9296
80465,1,RIGHT,0.5697115,0.9104
80465,3,LEFT,0.7278846,0.9471
80482,1,RIGHT,0.5807692,0.9200
80499,1,RIGHT,0.5918269,0.9132
80516,1,RIGHT,0.6033654,0.9300
80533,1,RIGHT,0.6144231,0.9200
80549,1,RIGHT,0.6254808,0.9254
80549,3,LEFT,0.4807692,0.8981
80565,1,RIGHT,0.6370192,0.9204
80565,3,LEFT,0.4903846,0.8971
80582,1,RIGHT,0.6490385,0.9323
80582,3,LEFT,0.5004808,0.8698
80600,1,RIGHT,0.6605769,0.9270
80600,3,LEFT,0.5110577,0.9002
80616,1,RIGHT,0.6721154,0.9397
80616,3,LEFT,0.5211538,0.8988
80632,1,RIGHT,0.6841346,0.9320
80632,3,LEFT,0.5317308,0.9091
80649,1,RIGHT,0.6961538,0.9471
80649,3,LEFT,0.5427885,0.8810
80666,1,RIGHT,0.7091346,0.9495
80666,3,LEFT,0.5528846,0.9212
80682,1,RIGHT,0.7211538,0.9543
80682,3,LEFT,0.5639423,0.9082
80699,3,LEFT,0.5750000,0.9212
80716,3,LEFT,0.5855769,0.9132
80732,3,LEFT,0.5966346,0.9212
80749,3,LEFT,0.6081731,0.9185
80766,3,LEFT,0.6192308,0.9104
80782,3,LEFT,0.6312500,0.9227
80800,3,LEFT,0.6423077,0.9104
80816,3,LEFT,0.6543269,0.9132
80832,1,RIGHT,0.5158654,0.9113
80832,3,LEFT,0.6663462,0.9350
80849,1,RIGHT,0.5259615,0.9005
80849,3,LEFT,0.6783654,0.9353
80866,1,RIGHT,0.5370192,0.9109
80866,3,LEFT,0.6903846,0.9273
80883,1,RIGHT,0.5475962,0.9136
80883,3,LEFT,0.7024038,0.9350
80900,1,RIGHT,0.5581731,0.9127
80900,3,LEFT,0.7144231,0.9173
80916,1,RIGHT,0.5687500,0.9050
80916,3,LEFT,0.7269231,0.9492
80932,1,RIGHT,0.5798077,0.9158
80949,1,RIGHT,0.5908654,0.9154
80966,1,RIGHT,0.6024038,0.9254
80982,1,RIGHT,0.6134615,0.9173
81000,1,RIGHT,0.6245192,0.9250
81000,2,TAP,0.4812426,1.0000
81016,1,RIGHT,0.6365385,0.9154
81016,2,TAP,0.4913347,1.0000
81033,1,RIGHT,0.6480769,0.9347
81033,2,TAP,0.5009787,1.0000
81049,1,RIGHT,0.6596154,0.9246
81049,2,TAP,0.5115385,1.0000
81065,1,RIGHT,0.6711538,0.9424
81065,2,TAP,0.5221154,1.0000
81082,1,RIGHT,0.6836538,0.9270
81082,2,TAP,0.5317419,1.0000
81099,1,RIGHT,0.6956731,0.9468
81099,2,TAP,0.5423077,1.0000
81116,1,RIGHT,0.7081731,0.9495
81116,2,TAP,0.5528846,1.0000
81133,1,RIGHT,0.7201923,0.9517
81133,2,TAP,0.5639254,1.0000
81149,2,TAP,0.5745192,1.0000
81165,2,TAP,0.5855715,1.0000
81183,2,TAP,0.5961484,1.0000
81199,2,TAP,0.6072005,1.0000
81216,1,TAP,0.4755775,1.0000
81216,2,TAP,0.6187500,1.0000
81233,1,TAP,0.4855949,1.0000
81233,2,TAP,0.6298146,1.0000
81249,1,TAP,0.4956917,1.0000
81249,2,TAP,0.6408898,1.0000
81266,1,TAP,0.5057789,1.0000
81266,2,TAP,0.6524038,1.0000
81282,1,TAP,0.5163341,1.0000
81282,2,TAP,0.6643738,1.0000
81299,1,TAP,0.5264496,1.0000
81299,2,TAP,0.6764423,1.0000
81316,1,TAP,0.5370150,1.0000
81316,2,TAP,0.6879808,1.0000
81332,1,TAP,0.5471281,1.0000
81332,2,TAP,0.7000096,1.0000
81349,1,TAP,0.5576978,1.0000
81349,2,TAP,0.7120192,1.0000
81366,1,TAP,0.5682975,1.0000
81366,2,TAP,0.7240490,1.0000
81383,1,TAP,0.5798077,1.0000
81400,1,TAP,0.5908431,1.0000
81417,1,TAP,0.6014685,1.0000
81433,1,TAP,0.6125023,1.0000
81449,1,TAP,0.6235838,1.0000
81449,2,TAP,0.4802885,1.0000
81465,1,TAP,0.6350880,1.0000
81465,2,TAP,0.4903846,1.0000
81482,1,TAP,0.6466400,1.0000
81482,2,TAP,0.5004808,1.0000
81499,1,TAP,0.6581731,1.0000
81499,2,TAP,0.5105769,1.0000
81515,1,TAP,0.6697115,1.0000
81515,2,TAP,0.5211538,1.0000
81533,1,TAP,0.6817525,1.0000
81533,2,TAP,0.5317237,1.0000
81550,1,TAP,0.6937500,1.0000
81550,2,TAP,0.5422685,1.0000
81582,1,TAP,0.7177885,1.0000
81582,2,TAP,0.5629808,1.0000
81599,1,TAP,0.7298130,1.0000
81599,2,TAP,0.5740385,1.0000
81617,2,TAP,0.5846154,1.0000
81633,2,TAP,0.5956786,1.0000
81650,2,TAP,0.6067238,1.0000
81666,2,TAP,0.6177885,1.0000
81682,2,TAP,0.6290697,1.0000
81699,2,TAP,0.6408722,1.0000
81715,2,TAP,0.6519339,1.0000
81732,2,TAP,0.6634670,1.0000
81749,2,TAP,0.6751055,1.0000
81765,2,TAP,0.6870192,1.0000
81782,2,TAP,0.6990427,1.0000
81799,2,TAP,0.7110747,1.0000
81816,2,TAP,0.7235577,1.0000
81900,2,TAP,0.4798077,1.0000
81916,2,TAP,0.4894402,1.0000
81933,2,TAP,0.5000000,1.0000
81949,2,TAP,0.5105769,1.0000
81965,2,TAP,0.5201899,1.0000
81982,2,TAP,0.5307692,1.0000
81999,2,TAP,0.5413462,1.0000
82016,2,TAP,0.5519231,1.0000
82033,2,TAP,0.5625000,1.0000
82050,2,TAP,0.5730769,1.0000
82066,2,TAP,0.5836662,1.0000
82083,2,TAP,0.5947170,1.0000
82099,2,TAP,0.6062390,1.0000
82116,2,TAP,0.6168379,1.0000
82116,3,UP,0.4730769,0.9561
82132,2,TAP,0.6283654,1.0000
82132,3,UP,0.4831731,0.9495
82149,2,TAP,0.6399079,1.0000
82149,3,UP,0.4937500,0.9513
82166,2,TAP,0.6514423,1.0000
82166,3,UP,0.5038462,0.9537
82182,2,TAP,0.6629808,1.0000
82182,3,UP,0.5139423,0.9466
82199,2,TAP,0.6745192,1.0000
82199,3,UP,0.5245192,0.9423
82216,2,TAP,0.6865385,1.0000
82216,3,UP,0.5346154,0.9238
82232,2,TAP,0.6985577,1.0000
82232,3,UP,0.5451923,0.9174
82250,2,TAP,0.7105953,1.0000
82250,3,UP,0.5562500,0.9249
82266,2,TAP,0.7225962,1.0000
82266,3,UP,0.5668269,0.9155
82282,3,UP,0.5778846,0.9153
82299,3,UP,0.5889423,0.9234
82316,3,UP,0.6000000,0.8946
82332,3,UP,0.6110577,0.8879
82349,3,UP,0.6225962,0.8899
82366,3,UP,0.6341346,0.9014
82382,3,UP,0.6456731,0.9044
82399,3,UP,0.6572115,0.8800
82416,3,UP,0.6692308,0.8679
82450,3,UP,0.6812500,0.8618
82467,3,UP,0.6932692,0.8685
82499,3,UP,0.7182692,0.8511
82516,3,UP,0.7302885,0.8463
82533,3,UP,0.7432692,0.8538
82600,2,TAP,0.4841125,1.0000
82616,2,TAP,0.4942308,1.0000
82633,2,TAP,0.5038462,1.0000
82650,2,TAP,0.5144231,1.0000
82667,2,TAP,0.5245422,1.0000
82683,2,TAP,0.5346154,1.0000
82699,2,TAP,0.5451923,1.0000
82699,3,TAP,0.4134615,1.0000
82716,2,TAP,0.5557692,1.0000
82732,2,TAP,0.5668269,1.0000
82749,2,TAP,0.5774178,1.0000
82766,2,TAP,0.5884669,1.0000
82783,2,TAP,0.5990385,1.0000
82799,2,TAP,0.6100962,1.0000
82816,2,TAP,0.6216346,1.0000
82816,3,TAP,0.4788462,1.0000
82833,2,TAP,0.6331731,1.0000
82833,3,TAP,0.4884673,1.0000
82849,2,TAP,0.6447033,1.0000
82849,3,TAP,0.4990311,1.0000
82866,2,TAP,0.6562500,1.0000
82866,3,TAP,0.5087473,1.0000
82882,2,TAP,0.6677885,1.0000
82882,3,TAP,0.5192186,1.0000
82899,2,TAP,0.6793269,1.0000
82899,3,TAP,0.5298077,1.0000
82915,2,TAP,0.6913189,1.0000
82915,3,TAP,0.5399053,1.0000
82932,2,TAP,0.7033654,1.0000
82932,3,TAP,0.5500055,1.0000
82949,2,TAP,0.7153846,1.0000
82949,3,TAP,0.5605808,1.0000
82968,2,TAP,0.7403846,1.0000
82968,3,TAP,0.5822074,1.0000
82999,3,TAP,0.6043228,1.0000
83016,3,TAP,0.6158778,1.0000
83032,2,TAP,0.4836310,1.0000
83032,3,TAP,0.6269223,1.0000
83049,2,TAP,0.4936772,1.0000
83049,3,TAP,0.6379944,1.0000
83066,2,TAP,0.5033654,1.0000
83066,3,TAP,0.6495327,1.0000
83083,2,TAP,0.5134615,1.0000
83083,3,TAP,0.6610711,1.0000
83099,2,TAP,0.5240538,1.0000
83099,3,TAP,0.6725908,1.0000
83115,2,TAP,0.5341490,1.0000
83115,3,TAP,0.6850962,1.0000
83132,2,TAP,0.5447003,1.0000
83132,3,TAP,0.6966254,1.0000
83149,2,TAP,0.5554587,1.0000
83149,3,TAP,0.7086699,1.0000
83165,2,TAP,0.5658654,1.0000
83165,3,TAP,0.7211444,1.0000
83182,2,TAP,0.5769341,1.0000
83182,3,TAP,0.7336538,1.0000
83199,2,TAP,0.5875000,1.0000
83216,2,TAP,0.5985522,1.0000
83232,2,TAP,0.6100907,1.0000
83249,2,TAP,0.6206731,1.0000
83266,2,TAP,0.6325579,1.0000
83283,2,TAP,0.6437486,1.0000
83300,2,TAP,0.6552885,1.0000
83316,2,TAP,0.6668269,1.0000
83332,1,TAP,0.4826865,1.0000
83332,2,TAP,0.6787150,1.0000
83349,1,TAP,0.4927476,1.0000
83349,2,TAP,0.6903846,1.0000
83366,1,TAP,0.5028846,1.0000
83366,2,TAP,0.7024038,1.0000
83383,1,TAP,0.5129779,1.0000
83383,2,TAP,0.7144178,1.0000
83399,1,TAP,0.5230825,1.0000
83399,2,TAP,0.7269231,1.0000
83416,1,TAP,0.5336634,1.0000
83433,1,TAP,0.5442244,1.0000
83449,1,TAP,0.5548077,1.0000
83466,1,TAP,0.5653752,1.0000
83483,1,TAP,0.5759670,1.0000
83483,3,UP,0.4812500,0.9543
83499,1,TAP,0.5870192,1.0000
83499,3,UP,0.4908654,0.9349
83515,1,TAP,0.5976141,1.0000
83515,3,UP,0.5019231,0.9585
83532,1,TAP,0.6091332,1.0000
83532,3,UP,0.5115385,0.9420
83549,1,TAP,0.6201923,1.0000
83549,3,UP,0.5221154,0.9444
83566,1,TAP,0.6312663,1.0000
83566,3,UP,0.5326923,0.9488
83583,1,TAP,0.6427939,1.0000
83583,3,UP,0.5432692,0.9145
83600,1,TAP,0.6543135,1.0000
83600,3,UP,0.5543269,0.9227
83616,1,TAP,0.6658707,1.0000
83616,3,UP,0.5649038,0.9159
83633,1,TAP,0.6782983,1.0000
83633,3,UP,0.5754808,0.9070
83649,1,TAP,0.6899171,1.0000
83649,3,UP,0.5865385,0.9112
83666,1,TAP,0.7019326,1.0000
83666,3,UP,0.5980769,0.9070
83682,1,TAP,0.7139554,1.0000
83682,3,UP,0.6091346,0.9120
83699,1,TAP,0.7259615,1.0000
83699,3,UP,0.6201923,0.8747
83716,3,UP,0.6317308,0.8946
83733,3,UP,0.6432692,0.8806
83749,3,UP,0.6552885,0.8759
83765,3,UP,0.6668269,0.8551
83782,3,UP,0.6788462,0.8585
83800,3,UP,0.6908654,0.8538
83817,3,UP,0.7028846,0.8652
83833,3,UP,0.7158654,0.8376
83849,3,UP,0.7278846,0.8429
83933,1,TAP,0.4817308,1.0000
83933,2,TAP,0.4817365,1.0000
83949,1,TAP,0.4918232,1.0000
83949,2,TAP,0.4918269,1.0000
83965,1,TAP,0.5019288,1.0000
83965,2,TAP,0.5019231,1.0000
83982,1,TAP,0.5125000,1.0000
83982,2,TAP,0.5125000,1.0000
83999,1,TAP,0.5221307,1.0000
83999,2,TAP,0.5221154,1.0000
84016,1,TAP,0.5326979,1.0000
84016,2,TAP,0.5326923,1.0000
84034,1,TAP,0.5432621,1.0000
84034,2,TAP,0.5432692,1.0000
84066,1,TAP,0.5644113,1.0000
84066,2,TAP,0.5644231,1.0000
84082,1,TAP,0.5754584,1.0000
84082,2,TAP,0.5754751,1.0000
84100,1,TAP,0.5863484,1.0000
84100,2,TAP,0.5863832,1.0000
84116,1,TAP,0.5971247,1.0000
84116,2,TAP,0.5971154,1.0000
84132,1,TAP,0.6081745,1.0000
84132,2,TAP,0.6081731,1.0000
84149,1,TAP,0.6192308,1.0000
84149,2,TAP,0.6192308,1.0000
84165,1,TAP,0.6307692,1.0000
84165,2,TAP,0.6307692,1.0000
84182,1,TAP,0.6418269,1.0000
84182,2,TAP,0.6418405,1.0000
84199,1,TAP,0.6533587,1.0000
84199,2,TAP,0.6533748,1.0000
84216,1,TAP,0.6649092,1.0000
84216,2,TAP,0.6649038,1.0000
84233,1,TAP,0.6769249,1.0000
84233,2,TAP,0.6769231,1.0000
84249,1,TAP,0.6889543,1.0000
84249,2,TAP,0.6889423,1.0000
84265,1,TAP,0.7009621,1.0000
84265,1,TAP,0.4788462,1.0000
84265,2,TAP,0.7009573,1.0000
84265,2,TAP,0.4788462,1.0000
84283,1,TAP,0.7129939,1.0000
84283,1,TAP,0.4888481,1.0000
84283,2,TAP,0.7129808,1.0000
84283,2,TAP,0.4889423,1.0000
84300,1,TAP,0.7250426,1.0000
84300,1,TAP,0.4990442,1.0000
84300,2,TAP,0.7250212,1.0000
84300,2,TAP,0.4990385,1.0000
84333,1,TAP,0.5192211,1.0000
84333,2,TAP,0.5192308,1.0000
84349,1,TAP,0.5298077,1.0000
84349,2,TAP,0.5298077,1.0000
84366,1,TAP,0.5400378,1.0000
84366,2,TAP,0.5399151,1.0000
84383,1,TAP,0.5509504,1.0000
84383,2,TAP,0.5509615,1.0000
84399,1,TAP,0.5615267,1.0000
84399,2,TAP,0.5615385,1.0000
84417,1,TAP,0.5721154,1.0000
84417,2,TAP,0.5721154,1.0000
84433,1,TAP,0.5831549,1.0000
84433,2,TAP,0.5831621,1.0000
84449,1,TAP,0.5937500,1.0000
84449,2,TAP,0.5937500,1.0000
84466,1,TAP,0.6048023,1.0000
84466,2,TAP,0.6048077,1.0000
84482,1,TAP,0.6158654,1.0000
84482,2,TAP,0.6158654,1.0000
84499,1,TAP,0.6273998,1.0000
84499,2,TAP,0.6274038,1.0000
84516,1,TAP,0.6384738,1.0000
84516,2,TAP,0.6384562,1.0000
84533,1,TAP,0.6500121,1.0000
84533,2,TAP,0.6500000,1.0000
84549,1,TAP,0.6620273,1.0000
84549,2,TAP,0.6620192,1.0000
84566,1,TAP,0.6735604,1.0000
84566,2,TAP,0.6735577,1.0000
84582,1,TAP,0.6850962,1.0000
84582,2,TAP,0.6850962,1.0000
84600,1,TAP,0.6971477,1.0000
84600,2,TAP,0.6975736,1.0000
84616,1,TAP,0.7091346,1.0000
84616,2,TAP,0.7091596,1.0000
84633,1,TAP,0.7211697,1.0000
84633,2,TAP,0.7212290,1.0000
84699,1,TAP,0.5369704,1.0000
84717,1,TAP,0.5471281,1.0000
84717,2,TAP,0.4778960,1.0000
84733,1,TAP,0.5577018,1.0000
84733,2,TAP,0.4879956,1.0000
84749,1,TAP,0.5686401,1.0000
84749,2,TAP,0.4980769,1.0000
84765,1,TAP,0.5793214,1.0000
84765,2,TAP,0.5086538,1.0000
84782,1,TAP,0.5903846,1.0000
84782,2,TAP,0.5182692,1.0000
84799,1,TAP,0.6014909,1.0000
84799,2,TAP,0.5288573,1.0000
84816,1,TAP,0.6125093,1.0000
84816,1,TAP,0.4706636,1.0000
84816,2,TAP,0.5394231,1.0000
84833,1,TAP,0.6235865,1.0000
84833,1,TAP,0.4802885,1.0000
84833,2,TAP,0.5500000,1.0000
84850,1,TAP,0.6350880,1.0000
84850,1,TAP,0.4903805,1.0000
84850,2,TAP,0.5605825,1.0000
84882,1,TAP,0.6581677,1.0000
84882,1,TAP,0.5105825,1.0000
84882,2,TAP,0.5822225,1.0000
84899,1,TAP,0.6697115,1.0000
84899,1,TAP,0.5211636,1.0000
84899,2,TAP,0.5928050,1.0000
84915,1,TAP,0.6817308,1.0000
84915,1,TAP,0.5317211,1.0000
84915,2,TAP,0.6038516,1.0000
84933,1,TAP,0.6937108,1.0000
84933,1,TAP,0.5413414,1.0000
84933,2,TAP,0.6153846,1.0000
84949,1,TAP,0.7057799,1.0000
84949,1,TAP,0.5523982,1.0000
84949,2,TAP,0.6264423,1.0000
84965,1,TAP,0.7177937,1.0000
84965,1,TAP,0.5629612,1.0000
84965,2,TAP,0.6379808,1.0000
84982,1,TAP,0.7298171,1.0000
84982,1,TAP,0.5736057,1.0000
84982,2,TAP,0.6495287,1.0000
85000,1,TAP,0.7423164,1.0000
85000,1,TAP,0.5846083,1.0000
85000,2,TAP,0.6610577,1.0000
85016,1,TAP,0.7548217,1.0000
85016,1,TAP,0.5956110,1.0000
85016,2,TAP,0.6725962,1.0000
85033,1,TAP,0.7673163,1.0000
85033,1,TAP,0.6067184,1.0000
85033,2,TAP,0.6841346,1.0000
85050,1,TAP,0.7812589,0.9008
85050,1,TAP,0.6177885,1.0000
85050,2,TAP,0.6966346,1.0000
85066,1,TAP,0.7923077,0.8000
85066,1,TAP,0.6290005,1.0000
85066,2,TAP,0.7081995,1.0000
85066,2,TAP,0.4850962,1.0000
85082,1,TAP,0.6403809,1.0000
85082,2,TAP,0.7206731,1.0000
85082,2,TAP,0.4951923,1.0000
85099,1,TAP,0.6519261,1.0000
85099,2,TAP,0.5053000,1.0000
85117,1,TAP,0.6634706,1.0000
85117,2,TAP,0.5153846,1.0000
85133,1,TAP,0.6751055,1.0000
85133,2,TAP,0.5259864,1.0000
85149,1,TAP,0.6870246,1.0000
85149,2,TAP,0.5360690,1.0000
85165,1,TAP,0.6990355,1.0000
85165,2,TAP,0.5466459,1.0000
85182,1,TAP,0.7110630,1.0000
85182,2,TAP,0.5576923,1.0000
85199,1,TAP,0.7235459,1.0000
85199,2,TAP,0.5679808,1.0000
85216,2,TAP,0.5788704,1.0000
85233,2,TAP,0.5899121,1.0000
85249,2,TAP,0.6005477,1.0000
85266,2,TAP,0.6120192,1.0000
85282,1,TAP,0.4798077,1.0000
85282,2,TAP,0.6230769,1.0000
85298,1,TAP,0.4894345,1.0000
85298,2,TAP,0.6341346,1.0000
85315,1,TAP,0.5000000,1.0000
85315,2,TAP,0.6456772,1.0000
85350,1,TAP,0.5105713,1.0000
85350,2,TAP,0.6572115,1.0000
85366,1,TAP,0.5105825,1.0000
85366,2,TAP,0.6581731,1.0000
85382,1,TAP,0.5120265,1.0000
85382,2,TAP,0.6596262,1.0000
85399,1,TAP,0.5144005,1.0000
85399,2,TAP,0.6620192,1.0000
85415,1,TAP,0.5163341,1.0000
85415,2,TAP,0.6639423,1.0000
85432,1,TAP,0.5182692,1.0000
85432,2,TAP,0.6668269,1.0000
85449,1,TAP,0.5192517,1.0000
85449,2,TAP,0.6682365,1.0000
85466,1,TAP,0.5202020,1.0000
85466,2,TAP,0.6687500,1.0000
85482,1,TAP,0.5201907,1.0000
85482,2,TAP,0.6687500,1.0000
85499,1,TAP,0.5182571,1.0000
85499,2,TAP,0.6668269,1.0000
85515,1,TAP,0.5144175,1.0000
85515,2,TAP,0.6629808,1.0000
85532,1,TAP,0.5090169,1.0000
85532,2,TAP,0.6562500,1.0000
85549,1,TAP,0.5009615,1.0000
85549,2,TAP,0.6466482,1.0000
85566,1,TAP,0.4903748,1.0000
85566,2,TAP,0.6346566,1.0000
85582,1,TAP,0.4760873,1.0000
85582,2,TAP,0.6187500,1.0000
85599,2,TAP,0.6000000,1.0000
85616,2,TAP,0.5812597,1.0000
85632,2,TAP,0.5663462,1.0000
85650,2,TAP,0.5548077,1.0000
85666,2,TAP,0.5461538,1.0000
85682,2,TAP,0.5403846,1.0000
85699,2,TAP,0.5365385,1.0000
85715,2,TAP,0.5346154,1.0000
85732,2,TAP,0.5346154,1.0000
85750,2,TAP,0.5355769,1.0000
85766,2,TAP,0.5370080,1.0000
85782,2,TAP,0.5389479,1.0000
85798,2,TAP,0.5413462,1.0000
85816,2,TAP,0.5432692,1.0000
85832,2,TAP,0.5446832,1.0000
85850,2,TAP,0.5451923,1.0000
85866,2,TAP,0.5451923,1.0000
85882,2,TAP,0.5451923,1.0000
85899,2,TAP,0.5451923,1.0000
85916,2,TAP,0.5451923,1.0000
85932,2,TAP,0.5451923,1.0000
85950,2,TAP,0.5451923,1.0000
85966,2,TAP,0.5451923,1.0000
85982,2,TAP,0.5451923,1.0000
85998,2,TAP,0.5450612,1.0000
