time_ms,lane,kind,y,score
10617,3,UP,0.4841346,0.9519
10634,3,UP,0.4956731,0.9450
10651,3,UP,0.5072115,0.9444
10683,3,UP,0.5307692,0.9513
10700,3,UP,0.5427885,0.9395
10716,3,UP,0.5543269,0.9082
10733,3,UP,0.5663462,0.9070
10751,3,UP,0.5793269,0.9184
10784,2,TAP,0.4841346,1.0000
10784,3,UP,0.6038462,0.9065
10816,2,TAP,0.5067308,1.0000
10816,3,UP,0.6293269,0.8826
10833,2,TAP,0.5182692,1.0000
10833,3,UP,0.6427885,0.9019
10850,2,TAP,0.5298132,1.0000
10850,3,UP,0.6557692,0.8806
10866,2,TAP,0.5418269,1.0000
10866,3,UP,0.6692308,0.8679
10883,2,TAP,0.5538462,1.0000
10883,3,UP,0.6826923,0.8700
10900,2,TAP,0.5653846,1.0000
10900,3,UP,0.6961538,0.8524
10916,2,TAP,0.5779081,1.0000
10916,3,UP,0.7100962,0.8443
10934,2,TAP,0.5899148,1.0000
10934,3,UP,0.7240385,0.8592
10950,1,TAP,0.4942209,1.0000
10950,2,TAP,0.6149038,1.0000
10966,1,TAP,0.5057789,1.0000
10966,2,TAP,0.6278846,1.0000
10983,1,TAP,0.5173077,1.0000
10983,2,TAP,0.6408654,1.0000
11000,1,TAP,0.5288462,1.0000
11000,2,TAP,0.6533763,1.0000
11017,1,TAP,0.5403791,1.0000
11017,2,TAP,0.6668269,1.0000
11033,1,TAP,0.5524038,1.0000
11033,2,TAP,0.6793269,1.0000
11050,1,TAP,0.5644113,1.0000
11050,2,TAP,0.6932692,1.0000
11066,1,TAP,0.5764563,1.0000
11066,2,TAP,0.7067529,1.0000
11083,1,TAP,0.5884733,1.0000
11083,2,TAP,0.7206731,1.0000
11100,1,TAP,0.6014464,1.0000
11100,3,TAP,0.4817308,1.0000
11116,1,TAP,0.6139478,1.0000
11116,3,TAP,0.4932568,1.0000
11133,1,TAP,0.6264559,1.0000
11133,3,TAP,0.5043269,1.0000
11150,1,TAP,0.6389559,1.0000
11150,3,TAP,0.5158654,1.0000
11167,1,TAP,0.6519279,1.0000
11167,3,TAP,0.5278846,1.0000
11183,1,TAP,0.6649132,1.0000
11183,3,TAP,0.5394231,1.0000
11200,1,TAP,0.6783694,1.0000
11200,3,TAP,0.5509615,1.0000
11216,1,TAP,0.6918388,1.0000
11216,3,TAP,0.5629724,1.0000
11233,1,TAP,0.7052937,1.0000
11233,3,TAP,0.5750126,1.0000
11250,1,TAP,0.7187552,1.0000
11250,3,TAP,0.5875071,1.0000
11267,2,UP,0.4793269,0.8286
11267,3,TAP,0.6000116,1.0000
11283,2,UP,0.4908654,0.8286
11283,3,TAP,0.6125093,1.0000
11300,2,UP,0.5019231,0.8199
11300,3,TAP,0.6245288,1.0000
11316,2,UP,0.5134615,0.8227
11316,3,TAP,0.6375115,1.0000
11333,2,UP,0.5254808,0.8246
11333,3,TAP,0.6504942,1.0000
11350,2,UP,0.5375000,0.8238
11350,3,TAP,0.6639517,1.0000
11367,2,UP,0.5490385,0.8190
11367,3,TAP,0.6764410,1.0000
11383,2,UP,0.5615385,0.8278
11383,3,TAP,0.6903995,1.0000
11400,2,UP,0.5730769,0.8294
11400,3,TAP,0.7038587,1.0000
11416,2,UP,0.5860577,0.8193
11416,3,TAP,0.7173130,1.0000
11433,2,UP,0.5980769,0.8173
11433,3,TAP,0.7312618,1.0000
11433,3,TAP,0.4793269,1.0000
11450,2,UP,0.6110577,0.8201
11450,3,TAP,0.4903747,1.0000
11466,2,UP,0.6240385,0.8213
11466,3,TAP,0.5019231,1.0000
11483,2,UP,0.6365385,0.8193
11483,3,TAP,0.5134485,1.0000
11499,2,UP,0.6500000,0.8155
11499,3,TAP,0.5250121,1.0000
11516,2,UP,0.6629808,0.8193
11516,3,TAP,0.5365504,1.0000
11533,2,UP,0.6769231,0.8261
11533,3,TAP,0.5485704,1.0000
11551,2,UP,0.6899038,0.8175
11551,3,TAP,0.5605808,1.0000
11567,2,UP,0.7038462,0.8252
11567,3,TAP,0.5721154,1.0000
11583,2,UP,0.7177885,0.8281
11583,3,TAP,0.5846083,1.0000
11599,2,UP,0.7317308,0.8241
11599,3,TAP,0.5971247,1.0000
11616,3,TAP,0.6091526,1.0000
11633,3,TAP,0.6221154,1.0000
11650,1,DOWN,0.5105769,0.7608
11650,3,TAP,0.6350921,1.0000
11667,3,TAP,0.6476016,1.0000
11683,1,DOWN,0.5346154,0.7814
11683,3,TAP,0.6610711,1.0000
11699,1,DOWN,0.5466346,0.7667
11699,3,TAP,0.6740355,1.0000
11716,1,DOWN,0.5581731,0.7816
11716,3,TAP,0.6870246,1.0000
11733,1,DOWN,0.5706731,0.7617
11733,3,TAP,0.7004887,1.0000
11749,1,DOWN,0.5831731,0.8064
11749,3,TAP,0.7139554,1.0000
11767,1,DOWN,0.5951923,0.7869
11767,2,TAP,0.4769345,1.0000
11767,3,TAP,0.7283693,1.0000
11783,1,DOWN,0.6081731,0.7981
11783,2,TAP,0.4879808,1.0000
11800,1,DOWN,0.6211538,0.7991
11800,2,TAP,0.4995192,1.0000
11816,1,DOWN,0.6336538,0.8200
11816,2,TAP,0.5105769,1.0000
11833,1,DOWN,0.6471154,0.7907
11833,2,TAP,0.5221154,1.0000
11850,1,DOWN,0.6600962,0.8271
11850,2,TAP,0.5336538,1.0000
11867,1,DOWN,0.6730769,0.8271
11867,2,TAP,0.5461538,1.0000
11883,1,DOWN,0.6870192,0.8278
11883,2,TAP,0.5576923,1.0000
11900,1,DOWN,0.7009615,0.8255
11900,2,TAP,0.5701923,1.0000
11916,1,DOWN,0.7144231,0.8219
11916,2,TAP,0.5817416,1.0000
11933,1,DOWN,0.7288462,0.8271
11933,2,TAP,0.5942308,1.0000
11933,3,UP,0.4740385,0.9515
11950,2,TAP,0.6067308,1.0000
11950,3,UP,0.4855769,0.9607
11967,2,TAP,0.6192308,1.0000
11967,3,UP,0.4966346,0.9495
11983,2,TAP,0.6322115,1.0000
11983,3,UP,0.5086538,0.9447
12000,2,TAP,0.6447143,1.0000
12000,3,UP,0.5201923,0.9420
12017,2,TAP,0.6581946,1.0000
12017,3,UP,0.5317308,0.9393
12050,2,TAP,0.6841346,1.0000
12050,3,UP,0.5562500,0.9274
12067,2,TAP,0.6975962,1.0000
12067,3,UP,0.5682692,0.9155
12083,2,TAP,0.7110787,1.0000
12083,3,UP,0.5802885,0.9188
12100,2,TAP,0.7250000,1.0000
12100,3,UP,0.5927885,0.9028
12117,2,TAP,0.4855769,1.0000
12117,3,UP,0.6052885,0.9142
12133,2,TAP,0.4971154,1.0000
12133,3,UP,0.6177885,0.9070
12150,2,TAP,0.5081731,1.0000
12150,3,UP,0.6307692,0.8946
12167,2,TAP,0.5197115,1.0000
12167,3,UP,0.6437500,0.8894
12183,2,TAP,0.5317308,1.0000
12183,3,UP,0.6572115,0.8806
12200,2,TAP,0.5432692,1.0000
12200,3,UP,0.6701923,0.8652
12216,2,TAP,0.5548077,1.0000
12216,3,UP,0.6841346,0.8732
12233,2,TAP,0.5668269,1.0000
12233,3,UP,0.6975962,0.8441
12249,2,TAP,0.5793436,1.0000
12249,3,UP,0.7110577,0.8381
12267,2,TAP,0.5913462,1.0000
12267,3,UP,0.7250000,0.8325
12283,1,TAP,0.4841346,1.0000
12283,2,TAP,0.6038462,1.0000
12300,1,TAP,0.4956843,1.0000
12300,2,TAP,0.6163462,1.0000
12316,1,TAP,0.5067429,1.0000
12316,2,TAP,0.6293269,1.0000
12333,1,TAP,0.5182692,1.0000
12333,2,TAP,0.6418269,1.0000
12351,1,TAP,0.5298077,1.0000
12351,2,TAP,0.6553129,1.0000
12384,1,TAP,0.5538462,1.0000
12384,2,TAP,0.6812500,1.0000
12400,1,TAP,0.5653752,1.0000
12400,2,TAP,0.6947115,1.0000
12416,1,TAP,0.5778846,1.0000
12416,2,TAP,0.7081982,1.0000
12433,1,TAP,0.5899136,1.0000
12433,2,TAP,0.7216346,1.0000
12450,1,TAP,0.6023997,1.0000
12450,3,TAP,0.4826923,1.0000
12466,1,TAP,0.6149038,1.0000
12466,3,TAP,0.4942208,1.0000
12483,1,TAP,0.6278801,1.0000
12483,3,TAP,0.5057692,1.0000
12500,1,TAP,0.6408749,1.0000
12500,3,TAP,0.5173077,1.0000
12517,1,TAP,0.6533627,1.0000
12517,3,TAP,0.5288462,1.0000
12550,1,TAP,0.6793336,1.0000
12550,3,TAP,0.5524038,1.0000
12566,1,TAP,0.6932734,1.0000
12566,3,TAP,0.5644113,1.0000
12583,1,TAP,0.7062500,1.0000
12583,3,TAP,0.5764479,1.0000
12600,1,TAP,0.7206679,1.0000
12600,3,TAP,0.5884733,1.0000
12617,2,UP,0.4807692,0.8333
12617,3,TAP,0.6009708,1.0000
12633,2,UP,0.4918269,0.8314
12633,3,TAP,0.6139409,1.0000
12650,2,UP,0.5028846,0.8115
12650,3,TAP,0.6264341,1.0000
12666,2,UP,0.5149038,0.8266
12666,3,TAP,0.6389559,1.0000
12683,2,UP,0.5264423,0.8294
12683,3,TAP,0.6519249,1.0000
12700,2,UP,0.5384615,0.8153
12700,3,TAP,0.6649132,1.0000
12718,2,UP,0.5504808,0.8258
12718,3,TAP,0.6783654,1.0000
12750,2,UP,0.5745192,0.8164
12750,3,TAP,0.7052937,1.0000
12766,2,UP,0.5870192,0.8173
12766,3,TAP,0.7187500,1.0000
12783,2,UP,0.6000000,0.8232
12783,3,TAP,0.7327017,1.0000
12783,3,TAP,0.4802885,1.0000
12800,2,UP,0.6120192,0.8182
12800,3,TAP,0.4918156,1.0000
12817,2,UP,0.6250000,0.8241
12817,3,TAP,0.5028846,1.0000
12850,2,UP,0.6509615,0.8193
12850,3,TAP,0.5259615,1.0000
12866,2,UP,0.6649038,0.8146
12866,3,TAP,0.5375040,1.0000
12882,2,UP,0.6778846,0.8232
12882,3,TAP,0.5500095,1.0000
12900,2,UP,0.6918269,0.8164
12900,3,TAP,0.5615345,1.0000
12917,2,UP,0.7052885,0.8155
12917,3,TAP,0.5740361,1.0000
12933,2,UP,0.7192308,0.8184
12933,3,TAP,0.5864509,1.0000
12951,3,TAP,0.5985660,1.0000
12984,3,TAP,0.6235700,1.0000
13000,1,DOWN,0.5125000,0.7654
13000,3,TAP,0.6360673,1.0000
13017,1,DOWN,0.5235577,0.7721
13017,3,TAP,0.6490036,1.0000
13033,1,DOWN,0.5355769,0.7832
13033,3,TAP,0.6620327,1.0000
13049,1,DOWN,0.5475962,0.7650
13049,3,TAP,0.6751055,1.0000
13066,1,DOWN,0.5596154,0.7778
13066,3,TAP,0.6889543,1.0000
13083,1,DOWN,0.5721154,0.7834
13083,3,TAP,0.7019597,1.0000
13100,1,DOWN,0.5841346,0.7973
13100,3,TAP,0.7158785,1.0000
13117,1,DOWN,0.5971154,0.7806
13117,2,TAP,0.4778846,1.0000
13117,3,TAP,0.7293400,1.0000
13133,1,DOWN,0.6091346,0.8000
13133,2,TAP,0.4894231,1.0000
13151,1,DOWN,0.6221154,0.8159
13151,2,TAP,0.5004808,1.0000
13183,1,DOWN,0.6480769,0.8337
13183,2,TAP,0.5233330,1.0000
13200,1,DOWN,0.6610577,0.8252
13200,2,TAP,0.5355769,1.0000
13217,1,DOWN,0.6750000,0.8298
13217,2,TAP,0.5471154,1.0000
13233,1,DOWN,0.6879808,0.8230
13233,2,TAP,0.5586538,1.0000
13250,1,DOWN,0.7019231,0.8314
13250,2,TAP,0.5706731,1.0000
13266,1,DOWN,0.7158654,0.8585
13266,2,TAP,0.5831731,1.0000
13283,1,DOWN,0.7298077,0.8361
13283,2,TAP,0.5951977,1.0000
13283,3,UP,0.4750000,0.9569
13300,2,TAP,0.6081731,1.0000
13300,3,UP,0.4870192,0.9537
13317,2,TAP,0.6206731,1.0000
13317,3,UP,0.4980769,0.9395
13333,2,TAP,0.6331731,1.0000
13333,3,UP,0.5096154,0.9466
13350,2,TAP,0.6461774,1.0000
13350,3,UP,0.5216346,0.9420
13367,2,TAP,0.6591346,1.0000
13367,3,UP,0.5331731,0.9633
13383,2,TAP,0.6725962,1.0000
13383,3,UP,0.5451923,0.9213
13399,2,TAP,0.6860577,1.0000
13399,3,UP,0.5572115,0.9274
13417,2,TAP,0.6990385,1.0000
13417,3,UP,0.5692308,0.9138
13433,2,TAP,0.7129600,1.0000
13433,3,UP,0.5812500,0.8998
13449,2,TAP,0.7264423,1.0000
13449,3,UP,0.5942308,0.9028
13467,2,TAP,0.4865385,1.0000
13467,3,UP,0.6067308,0.9163
13483,2,TAP,0.4980769,1.0000
13483,3,UP,0.6192308,0.8753
13499,2,TAP,0.5096154,1.0000
13499,3,UP,0.6322115,0.8941
13517,2,TAP,0.5211538,1.0000
13517,3,UP,0.6451923,0.8873
13534,2,TAP,0.5326923,1.0000
13534,3,UP,0.6586538,0.8605
13550,2,TAP,0.5442308,1.0000
13550,3,UP,0.6721154,0.8774
13566,2,TAP,0.5562444,1.0000
13566,3,UP,0.6850962,0.8685
13583,2,TAP,0.5682692,1.0000
13583,3,UP,0.6990385,0.8626
13600,2,TAP,0.5807848,1.0000
13600,3,UP,0.7129808,0.8274
13617,2,TAP,0.5928105,1.0000
13617,3,UP,0.7269231,0.8369
13633,2,TAP,0.6052885,1.0000
13633,3,LEFT,0.4841346,0.8959
13649,2,TAP,0.6177885,1.0000
13649,3,LEFT,0.4951923,0.8993
13666,2,TAP,0.6302885,1.0000
13666,3,LEFT,0.5072115,0.9024
13683,2,TAP,0.6437500,1.0000
13683,3,LEFT,0.5187500,0.9046
13700,2,TAP,0.6562594,1.0000
13717,2,TAP,0.6697115,1.0000
13734,2,TAP,0.6826923,1.0000
13734,3,LEFT,0.5543269,0.9235
13750,2,TAP,0.6961538,1.0000
13750,3,LEFT,0.5663462,0.9136
13767,2,TAP,0.7096444,1.0000
13767,3,LEFT,0.5788462,0.9158
13783,2,TAP,0.7235577,1.0000
13783,3,LEFT,0.5913462,0.9181
13800,2,TAP,0.4841346,1.0000
13800,3,LEFT,0.6033654,0.9185
13816,2,TAP,0.4951923,1.0000
13816,3,LEFT,0.6163462,0.9132
13834,2,TAP,0.5064338,1.0000
13834,3,LEFT,0.6293269,0.9254
13850,2,TAP,0.5182692,1.0000
13850,3,LEFT,0.6423077,0.9132
13866,2,TAP,0.5298077,1.0000
13866,3,LEFT,0.6552885,0.9132
13883,2,TAP,0.5413603,1.0000
13883,3,LEFT,0.6687500,0.9453
13900,2,TAP,0.5538462,1.0000
13900,3,LEFT,0.6822115,0.9227
13917,2,TAP,0.5653846,1.0000
13917,3,LEFT,0.6961538,0.9353
13934,2,TAP,0.5778933,1.0000
13934,3,LEFT,0.7100962,0.9350
13952,2,TAP,0.5899190,1.0000
13952,3,LEFT,0.7235577,0.9323
13983,2,TAP,0.6149038,1.0000
14000,2,TAP,0.6274038,1.0000
14016,1,DOWN,0.5158654,0.7657
14016,2,TAP,0.6404351,1.0000
14033,1,DOWN,0.5278846,0.7685
14033,2,TAP,0.6533654,1.0000
14050,1,DOWN,0.5394231,0.7749
14050,2,TAP,0.6668269,1.0000
14066,1,DOWN,0.5514423,0.7870
14066,2,TAP,0.6793269,1.0000
14082,1,DOWN,0.5634615,0.7804
14082,2,TAP,0.6932692,1.0000
14099,1,DOWN,0.5759615,0.7770
14099,2,TAP,0.7062646,1.0000
14116,1,DOWN,0.5884615,0.7862
14116,2,TAP,0.7206731,1.0000
14134,1,DOWN,0.6009615,0.7972
14134,2,TAP,0.4817308,1.0000
14150,1,DOWN,0.6134615,0.7991
14150,2,TAP,0.4933271,1.0000
14167,1,DOWN,0.6259615,0.8112
14167,2,TAP,0.5043269,1.0000
14183,1,DOWN,0.6394231,0.8152
14183,2,TAP,0.5158654,1.0000
14200,1,DOWN,0.6528846,0.8216
14200,2,TAP,0.5274166,1.0000
14216,1,DOWN,0.6658654,0.8176
14216,2,TAP,0.5394231,1.0000
14234,1,DOWN,0.6793269,0.8282
14234,2,TAP,0.5509615,1.0000
14250,1,DOWN,0.6927885,0.8210
14250,2,TAP,0.5629864,1.0000
14266,1,DOWN,0.7067308,0.8318
14266,2,TAP,0.5750000,1.0000
14283,1,DOWN,0.7201923,0.8463
14283,2,TAP,0.5870247,1.0000
14300,2,TAP,0.5995247,1.0000
14300,3,UP,0.4788462,0.9635
14316,2,TAP,0.6120192,1.0000
14316,3,UP,0.4903846,0.9393
14334,2,TAP,0.6245192,1.0000
14334,3,UP,0.5019231,0.9466
14350,2,TAP,0.6375000,1.0000
14350,3,UP,0.5134615,0.9539
14367,2,TAP,0.6504915,1.0000
14367,3,UP,0.5254808,0.9444
14383,2,TAP,0.6634507,1.0000
14383,3,UP,0.5370192,0.9358
14400,2,TAP,0.6764423,1.0000
14400,3,UP,0.5490385,0.9336
14417,2,TAP,0.6899038,1.0000
14417,3,UP,0.5610577,0.9395
14433,2,TAP,0.7033654,1.0000
14433,3,UP,0.5730769,0.9011
14450,2,TAP,0.7172971,1.0000
14450,3,UP,0.5855769,0.8915
14466,2,TAP,0.7312500,1.0000
14466,2,TAP,0.4793269,1.0000
14466,3,UP,0.5980769,0.9023
14484,2,TAP,0.4903846,1.0000
14484,3,UP,0.6110577,0.8941
14500,2,TAP,0.5019231,1.0000
14500,3,UP,0.6235577,0.8920
14516,2,TAP,0.5134615,1.0000
14516,3,UP,0.6365385,0.9040
14533,2,TAP,0.5250217,1.0000
14533,3,UP,0.6500000,0.8646
14550,2,TAP,0.5365385,1.0000
14550,3,UP,0.6629808,0.8685
14567,2,TAP,0.5480769,1.0000
14567,3,UP,0.6769231,0.8899
14583,2,TAP,0.5600962,1.0000
14583,3,UP,0.6899038,0.8565
14600,2,TAP,0.5721154,1.0000
14600,3,UP,0.7038462,0.8747
14616,2,TAP,0.5846046,1.0000
14616,3,UP,0.7173077,0.8429
14633,2,TAP,0.5971046,1.0000
14633,3,UP,0.7312500,0.8511
14633,3,UP,0.4764423,0.9615
14650,2,TAP,0.6091401,1.0000
14650,3,UP,0.4879808,0.9513
14667,2,TAP,0.6216346,1.0000
14667,3,UP,0.4990385,0.9444
14683,2,TAP,0.6346154,1.0000
14683,3,UP,0.5105769,0.9395
14699,2,TAP,0.6476924,1.0000
14699,3,UP,0.5225962,0.9420
14717,2,TAP,0.6601015,1.0000
14733,2,TAP,0.6735577,1.0000
14751,2,TAP,0.6870192,1.0000
14751,3,UP,0.5581731,0.9227
14767,2,TAP,0.7004808,1.0000
14767,3,UP,0.5701923,0.9091
14783,2,TAP,0.7139423,1.0000
14783,3,UP,0.5831731,0.9087
14799,2,TAP,0.7278846,1.0000
14799,2,TAP,0.4764609,1.0000
14799,3,UP,0.5951923,0.9002
14816,2,TAP,0.4879808,1.0000
14816,3,UP,0.6076923,0.9209
14833,2,TAP,0.4990442,1.0000
14833,3,UP,0.6206731,0.8873
14850,2,TAP,0.5105769,1.0000
14850,3,UP,0.6336538,0.8832
14866,2,TAP,0.5218184,1.0000
14866,3,UP,0.6466346,0.8993
14883,2,TAP,0.5336538,1.0000
14883,3,UP,0.6600962,0.8531
14900,2,TAP,0.5451923,1.0000
14900,3,UP,0.6730769,0.8753
14916,2,TAP,0.5576923,1.0000
14916,3,UP,0.6870192,0.8518
14933,2,TAP,0.5692308,1.0000
14933,3,UP,0.7004808,0.8571
14950,2,TAP,0.5817269,1.0000
14950,3,UP,0.7139423,0.8476
14967,2,TAP,0.5937596,1.0000
14967,3,UP,0.7283654,0.8469
14967,3,LEFT,0.4735577,0.8704
14983,2,TAP,0.6062500,1.0000
14983,3,LEFT,0.4850962,0.9029
15000,2,TAP,0.6187500,1.0000
15000,3,LEFT,0.4966346,0.8927
15016,2,TAP,0.6317308,1.0000
15016,3,LEFT,0.5081731,0.9002
15033,2,TAP,0.6446589,1.0000
15033,3,LEFT,0.5197115,0.8971
15050,2,TAP,0.6572223,1.0000
15066,2,TAP,0.6706731,1.0000
15083,2,TAP,0.6841346,1.0000
15083,3,LEFT,0.5557692,0.9158
15100,2,TAP,0.6975962,1.0000
15100,3,LEFT,0.5677885,0.9109
15116,2,TAP,0.7110787,1.0000
15116,3,LEFT,0.5798077,0.9136
15133,2,TAP,0.7253663,1.0000
15133,3,LEFT,0.5923077,0.9132
15150,2,TAP,0.4855769,1.0000
15150,3,LEFT,0.6048077,0.9158
15167,2,TAP,0.4966346,1.0000
15167,3,LEFT,0.6177885,0.9104
15183,2,TAP,0.5077037,1.0000
15183,3,LEFT,0.6302885,0.9181
15199,2,TAP,0.5192479,1.0000
15199,3,LEFT,0.6432692,0.9104
15216,2,TAP,0.5307971,1.0000
15216,3,LEFT,0.6572115,0.9181
15234,2,TAP,0.5432692,1.0000
15234,3,LEFT,0.6701923,0.9327
15250,2,TAP,0.5548077,1.0000
15250,3,LEFT,0.6831731,0.9150
15267,2,TAP,0.5668269,1.0000
15267,3,LEFT,0.6971154,0.9450
15283,2,TAP,0.5788704,1.0000
15283,3,LEFT,0.7110577,0.9323
15300,2,TAP,0.5913516,1.0000
15300,3,LEFT,0.7250000,0.9492
15317,2,TAP,0.6038462,1.0000
15333,1,DOWN,0.4937500,0.7643
15333,2,TAP,0.6163462,1.0000
15350,2,TAP,0.6288573,1.0000
15367,1,DOWN,0.5173077,0.7632
15367,2,TAP,0.6418310,1.0000
15383,1,DOWN,0.5288462,0.7798
15383,2,TAP,0.6544136,1.0000
15399,1,DOWN,0.5403846,0.7778
15399,2,TAP,0.6677885,1.0000
15416,1,DOWN,0.5524038,0.7926
15416,2,TAP,0.6812500,1.0000
15433,1,DOWN,0.5649038,0.7834
15433,2,TAP,0.6942308,1.0000
15450,1,DOWN,0.5774038,0.7706
15450,2,TAP,0.7081982,1.0000
15467,1,DOWN,0.5894231,0.7854
15467,2,TAP,0.7216346,1.0000
15483,1,DOWN,0.6024038,0.8241
15483,2,TAP,0.4826923,1.0000
15500,1,DOWN,0.6149038,0.7972
15500,2,TAP,0.4942308,1.0000
15517,1,DOWN,0.6278846,0.7991
15517,2,TAP,0.5057692,1.0000
15533,1,DOWN,0.6408654,0.8073
15533,2,TAP,0.5173077,1.0000
15550,1,DOWN,0.6538462,0.8306
15550,2,TAP,0.5288613,1.0000
15566,1,DOWN,0.6668269,0.8271
15566,2,TAP,0.5403846,1.0000
15584,1,DOWN,0.6807692,0.8318
15584,2,TAP,0.5519231,1.0000
15600,1,DOWN,0.6942308,0.8029
15600,2,TAP,0.5644231,1.0000
15616,1,DOWN,0.7081731,0.8456
15616,2,TAP,0.5759968,1.0000
15633,1,DOWN,0.7221154,0.8443
15633,2,TAP,0.5884615,1.0000
15650,2,TAP,0.6009615,1.0000
15650,3,UP,0.4802885,0.9563
15666,2,TAP,0.6129918,1.0000
15666,3,UP,0.4918269,0.9535
15683,2,TAP,0.6260298,1.0000
15683,3,UP,0.5028846,0.9488
15700,2,TAP,0.6389423,1.0000
15700,3,UP,0.5144231,0.9469
15717,2,TAP,0.6514571,1.0000
15717,3,UP,0.5264423,0.9471
15733,2,TAP,0.6649038,1.0000
15733,3,UP,0.5384615,0.9374
15750,2,TAP,0.6783654,1.0000
15750,3,UP,0.5504808,0.9306
15767,2,TAP,0.6913462,1.0000
15767,3,UP,0.5625000,0.9019
15784,2,TAP,0.7052858,1.0000
15784,3,UP,0.5745192,0.9070
15800,2,TAP,0.7187500,1.0000
15800,3,UP,0.5870192,0.9184
15816,2,TAP,0.4802885,1.0000
15816,3,UP,0.5990385,0.9074
15834,2,TAP,0.4909595,1.0000
15834,3,UP,0.6120192,0.8925
15850,2,TAP,0.5028846,1.0000
15850,3,UP,0.6250000,0.8868
15866,2,TAP,0.5144231,1.0000
15866,3,UP,0.6379808,0.8925
15883,2,TAP,0.5259864,1.0000
15883,3,UP,0.6509615,0.8732
15900,2,TAP,0.5375000,1.0000
15900,3,UP,0.6639423,0.8659
15916,2,TAP,0.5495023,1.0000
15916,3,UP,0.6778846,0.8632
15933,2,TAP,0.5615385,1.0000
15933,3,UP,0.6913462,0.8665
15950,2,TAP,0.5735577,1.0000
15950,3,UP,0.7048077,0.8537
15967,2,TAP,0.5855769,1.0000
15967,3,UP,0.7187500,0.8491
15984,2,TAP,0.5980769,1.0000
15984,3,UP,0.4778846,0.9704
16000,2,TAP,0.6105769,1.0000
16000,3,UP,0.4889423,0.9444
16016,2,TAP,0.6230769,1.0000
16016,3,UP,0.5004808,0.9609
16033,2,TAP,0.6360577,1.0000
16033,3,UP,0.5120192,0.9442
16050,2,TAP,0.6485698,1.0000
16066,2,TAP,0.6620192,1.0000
16083,2,TAP,0.6746237,1.0000
16083,3,UP,0.5475962,0.9234
16101,2,TAP,0.6884615,1.0000
16101,3,UP,0.5596154,0.9227
16118,2,TAP,0.7019231,1.0000
16118,3,UP,0.5721154,0.9074
16150,2,TAP,0.7293269,1.0000
16150,2,TAP,0.4781816,1.0000
16150,3,UP,0.5966346,0.9074
16167,2,TAP,0.4889423,1.0000
16167,3,UP,0.6091346,0.9234
16184,2,TAP,0.5004808,1.0000
16184,3,UP,0.6221154,0.8774
16200,2,TAP,0.5115729,1.0000
16200,3,UP,0.6350962,0.8821
16216,2,TAP,0.5230826,1.0000
16216,3,UP,0.6480769,0.8645
16233,2,TAP,0.5346433,1.0000
16233,3,UP,0.6610577,0.8585
16249,2,TAP,0.5471154,1.0000
16249,3,UP,0.6750000,0.8774
16266,2,TAP,0.5586538,1.0000
16266,3,UP,0.6879808,0.8471
16283,2,TAP,0.5706731,1.0000
16283,3,UP,0.7019231,0.8700
16300,2,TAP,0.5831676,1.0000
16300,3,UP,0.7158654,0.8409
16317,1,TAP,0.4764498,1.0000
16317,2,TAP,0.5951923,1.0000
16317,3,UP,0.7298077,0.8345
16333,1,TAP,0.4875114,1.0000
16333,2,TAP,0.6076923,1.0000
16349,1,TAP,0.4990442,1.0000
16349,2,TAP,0.6206731,1.0000
16366,1,TAP,0.5105825,1.0000
16366,2,TAP,0.6331731,1.0000
16383,1,TAP,0.5218333,1.0000
16383,2,TAP,0.6456987,1.0000
16383,3,TAP,0.4129762,1.0000
16400,1,TAP,0.5336690,1.0000
16400,2,TAP,0.6591453,1.0000
16417,1,TAP,0.5451979,1.0000
16417,2,TAP,0.6721045,1.0000
16433,1,TAP,0.5576947,1.0000
16433,2,TAP,0.6850962,1.0000
16449,1,TAP,0.5692308,1.0000
16449,2,TAP,0.6985974,1.0000
16466,1,TAP,0.5817214,1.0000
16466,2,TAP,0.7125147,1.0000
16483,1,TAP,0.5937556,1.0000
16483,2,TAP,0.7259668,1.0000
16483,3,TAP,0.4749941,1.0000
16500,1,TAP,0.6062404,1.0000
16500,3,TAP,0.4865385,1.0000
16516,1,TAP,0.6187541,1.0000
16516,3,TAP,0.4980769,1.0000
16532,1,TAP,0.6317185,1.0000
16532,3,TAP,0.5091462,1.0000
16550,1,TAP,0.6447061,1.0000
16550,3,TAP,0.5206789,1.0000
16567,1,TAP,0.6572075,1.0000
16567,3,TAP,0.5322172,1.0000
16583,1,TAP,0.6706677,1.0000
16583,3,TAP,0.5442364,1.0000
16600,1,TAP,0.6841346,1.0000
16600,3,TAP,0.5562500,1.0000
16616,1,TAP,0.6971970,1.0000
16616,3,TAP,0.5679808,1.0000
16633,1,TAP,0.7110630,1.0000
16633,3,TAP,0.5802829,1.0000
16650,1,TAP,0.7249894,1.0000
16650,3,TAP,0.5923077,1.0000
16666,2,UP,0.4836538,0.8190
16666,3,TAP,0.6048023,1.0000
16683,2,UP,0.4951923,0.8143
16683,3,TAP,0.6177774,1.0000
16700,2,UP,0.5067308,0.8246
16700,3,TAP,0.6302762,1.0000
16717,2,UP,0.5182692,0.8349
16717,3,TAP,0.6427885,1.0000
16733,2,UP,0.5302885,0.8341
16733,3,TAP,0.6557595,1.0000
16750,2,UP,0.5423077,0.8409
16750,3,TAP,0.6687500,1.0000
16766,2,UP,0.5543269,0.8278
16766,3,TAP,0.6822115,1.0000
16783,2,UP,0.5663462,0.8305
16783,3,TAP,0.6956784,1.0000
16800,2,UP,0.5783654,0.8193
16800,3,TAP,0.7096154,1.0000
16817,2,UP,0.5908654,0.8193
16817,3,TAP,0.7230699,1.0000
16833,2,UP,0.6033654,0.8145
16833,3,TAP,0.4841346,1.0000
16849,2,UP,0.6158654,0.8230
16849,3,TAP,0.4951923,1.0000
16867,2,UP,0.6288462,0.8096
16867,3,TAP,0.5064395,1.0000
16883,2,UP,0.6418269,0.8193
16883,3,TAP,0.5182733,1.0000
16900,2,UP,0.6548077,0.8201
16900,3,TAP,0.5298133,1.0000
16917,2,UP,0.6687500,0.8155
16917,3,TAP,0.5413454,1.0000
16934,2,UP,0.6822115,0.8175
16934,3,TAP,0.5532791,1.0000
16950,2,UP,0.6956731,0.8127
16950,3,TAP,0.5653752,1.0000
16966,2,UP,0.7096154,0.8244
16966,3,TAP,0.5774950,1.0000
16982,2,UP,0.7230769,0.8127
16982,3,TAP,0.5899094,1.0000
17000,3,TAP,0.6024038,1.0000
17017,3,TAP,0.6148956,1.0000
17034,3,TAP,0.6274079,1.0000
17050,3,TAP,0.6399325,1.0000
17067,1,DOWN,0.5274038,0.7650
17067,3,TAP,0.6533425,1.0000
17083,1,DOWN,0.5394231,0.7778
17083,3,TAP,0.6658654,1.0000
17099,1,DOWN,0.5514423,0.7806
17099,3,TAP,0.6793363,1.0000
17117,1,DOWN,0.5634615,0.7728
17117,3,TAP,0.6927977,1.0000
17134,1,DOWN,0.5754808,0.7798
17134,3,TAP,0.7062500,1.0000
17151,1,DOWN,0.5879808,0.7844
17151,3,TAP,0.7201870,1.0000
17184,1,DOWN,0.6129808,0.8028
17184,2,TAP,0.4923191,1.0000
17216,1,DOWN,0.6389423,0.8205
17216,2,TAP,0.5153846,1.0000
17233,1,DOWN,0.6519231,0.8260
17233,2,TAP,0.5269479,1.0000
17250,1,DOWN,0.6653846,0.8205
17250,2,TAP,0.5385121,1.0000
17266,1,DOWN,0.6788462,0.8329
17266,2,TAP,0.5509615,1.0000
17283,1,DOWN,0.6927885,0.8199
17283,2,TAP,0.5625000,1.0000
17300,1,DOWN,0.7062500,0.8456
17300,2,TAP,0.5745192,1.0000
17317,1,DOWN,0.7201923,0.8443
17317,2,TAP,0.5870275,1.0000
17334,1,DOWN,0.7341346,0.8341
17334,2,TAP,0.5990797,1.0000
17334,3,UP,0.4788462,0.9682
17350,2,TAP,0.6120192,1.0000
17350,3,UP,0.4899038,0.9398
17366,2,TAP,0.6245192,1.0000
17366,3,UP,0.5019231,0.9491
17383,2,TAP,0.6370192,1.0000
17383,3,UP,0.5134615,0.9561
17400,2,TAP,0.6504685,1.0000
17400,3,UP,0.5254808,0.9513
17417,2,TAP,0.6633560,1.0000
17417,3,UP,0.5370192,0.9376
17433,2,TAP,0.6764423,1.0000
17433,3,UP,0.5485577,0.9213
17450,2,TAP,0.6899038,1.0000
17450,3,UP,0.5610577,0.9321
17466,2,TAP,0.7033654,1.0000
17466,3,UP,0.5730769,0.9078
17483,2,TAP,0.7173077,1.0000
17483,3,UP,0.5850962,0.9065
17499,2,TAP,0.7307798,1.0000
17499,2,TAP,0.4788462,1.0000
17499,3,UP,0.5980769,0.9091
17517,2,TAP,0.4903846,1.0000
17517,3,UP,0.6100962,0.8806
17533,2,TAP,0.5009615,1.0000
17533,3,UP,0.6230769,0.8873
17550,2,TAP,0.5125000,1.0000
17550,3,UP,0.6360577,0.8821
17566,2,TAP,0.5245450,1.0000
17566,3,UP,0.6490385,0.8738
17583,2,TAP,0.5360577,1.0000
17583,3,UP,0.6629808,0.8712
17599,2,TAP,0.5480769,1.0000
17599,3,UP,0.6759615,0.8794
17616,2,TAP,0.5600849,1.0000
17616,3,UP,0.6899038,0.8638
17633,2,TAP,0.5721154,1.0000
17633,3,UP,0.7033654,0.8652
17650,2,TAP,0.5841305,1.0000
17650,3,UP,0.7173077,0.8463
17666,1,TAP,0.4782988,1.0000
17666,2,TAP,0.5966236,1.0000
17683,1,TAP,0.4889423,1.0000
17683,2,TAP,0.6091291,1.0000
17700,1,TAP,0.5004367,1.0000
17700,2,TAP,0.6216346,1.0000
17716,1,TAP,0.5115272,1.0000
17716,2,TAP,0.6341346,1.0000
17734,1,TAP,0.5230898,1.0000
17734,2,TAP,0.6475921,1.0000
17750,1,TAP,0.5346281,1.0000
17750,2,TAP,0.6600962,1.0000
17767,1,TAP,0.5467006,1.0000
17767,2,TAP,0.6735577,1.0000
17783,1,TAP,0.5586656,1.0000
17783,2,TAP,0.6865439,1.0000
17800,1,TAP,0.5706674,1.0000
17800,2,TAP,0.7004808,1.0000
17816,1,TAP,0.5826805,1.0000
17816,2,TAP,0.7135150,1.0000
17833,1,TAP,0.5951923,1.0000
17833,2,TAP,0.7278793,1.0000
17833,3,TAP,0.4764423,1.0000
17850,1,TAP,0.6076830,1.0000
17850,3,TAP,0.4875000,1.0000
17866,1,TAP,0.6201977,1.0000
17866,3,TAP,0.4990385,1.0000
17883,1,TAP,0.6331663,1.0000
17883,3,TAP,0.5105712,1.0000
17899,1,TAP,0.6456731,1.0000
17899,3,TAP,0.5218184,1.0000
17916,1,TAP,0.6591346,1.0000
17916,3,TAP,0.5336482,1.0000
17933,1,TAP,0.6716346,1.0000
17933,3,TAP,0.5452019,1.0000
17950,1,TAP,0.6850962,1.0000
17950,3,TAP,0.5572157,1.0000
17967,1,TAP,0.6985617,1.0000
17967,3,TAP,0.5692308,1.0000
17983,1,TAP,0.7125018,1.0000
17983,3,TAP,0.5816630,1.0000
18000,1,TAP,0.7259598,1.0000
18000,3,TAP,0.5937556,1.0000
18016,2,UP,0.4850962,0.8238
18016,3,TAP,0.6062404,1.0000
18033,2,UP,0.4966346,0.8314
18033,3,TAP,0.6187583,1.0000
18050,2,UP,0.5081731,0.8333
18050,3,TAP,0.6312446,1.0000
18066,2,UP,0.5197115,0.8258
18066,3,TAP,0.6442418,1.0000
18066,3,TAP,0.4120192,1.0000
18083,2,UP,0.5317308,0.8258
18083,3,TAP,0.6572048,1.0000
18100,2,UP,0.5432692,0.8210
18100,3,TAP,0.6706731,1.0000
18116,2,UP,0.5552885,0.8230
18116,3,TAP,0.6836538,1.0000
18133,2,UP,0.5673077,0.8294
18133,3,TAP,0.6971059,1.0000
18150,2,UP,0.5798077,0.8210
18150,3,TAP,0.7105769,1.0000
18167,2,UP,0.5923077,0.8193
18167,3,TAP,0.7245127,1.0000
18183,2,UP,0.6048077,0.8213
18183,3,TAP,0.4850962,1.0000
18200,2,UP,0.6173077,0.8184
18200,3,TAP,0.4961538,1.0000
18217,2,UP,0.6302885,0.8136
18217,3,TAP,0.5076980,1.0000
18233,2,UP,0.6432692,0.8087
18233,3,TAP,0.5192308,1.0000
18250,2,UP,0.6567308,0.8175
18250,3,TAP,0.5307692,1.0000
18266,2,UP,0.6701923,0.8232
18266,3,TAP,0.5423005,1.0000
18283,2,UP,0.6836538,0.8317
18283,3,TAP,0.5548077,1.0000
18299,2,UP,0.6971154,0.8261
18299,3,TAP,0.5663406,1.0000
18316,2,UP,0.7110577,0.8204
18316,3,TAP,0.5783598,1.0000
18333,2,UP,0.7250000,0.8241
18333,3,TAP,0.5908654,1.0000
18350,3,TAP,0.6033599,1.0000
18367,1,DOWN,0.4937500,0.7626
18367,3,TAP,0.6158598,1.0000
18383,3,TAP,0.6283572,1.0000
18400,1,DOWN,0.5168269,0.7639
18400,3,TAP,0.6418269,1.0000
18417,1,DOWN,0.5283654,0.7685
18417,3,TAP,0.6543149,1.0000
18433,1,DOWN,0.5403846,0.7739
18433,3,TAP,0.6673131,1.0000
18450,1,DOWN,0.5524038,0.7945
18450,3,TAP,0.6802885,1.0000
18466,1,DOWN,0.5644231,0.7793
18466,3,TAP,0.6946083,1.0000
18482,1,DOWN,0.5769231,0.7907
18482,3,TAP,0.7076977,1.0000
18499,1,DOWN,0.5889423,0.7862
18499,3,TAP,0.7208236,1.0000
18517,1,DOWN,0.6019231,0.7972
18517,2,TAP,0.4826980,1.0000
18533,1,DOWN,0.6144231,0.7972
18533,2,TAP,0.4942308,1.0000
18550,1,DOWN,0.6274038,0.8122
18550,2,TAP,0.5048364,1.0000
18567,1,DOWN,0.6403846,0.8048
18567,2,TAP,0.5163690,1.0000
18583,1,DOWN,0.6533654,0.8271
18583,2,TAP,0.5278997,1.0000
18599,1,DOWN,0.6668269,0.8282
18599,2,TAP,0.5399265,1.0000
18616,1,DOWN,0.6802885,0.8255
18616,2,TAP,0.5519231,1.0000
18632,1,DOWN,0.6937500,0.8219
18632,2,TAP,0.5639423,1.0000
18649,1,DOWN,0.7076923,0.8369
18649,2,TAP,0.5759615,1.0000
18667,1,DOWN,0.7211538,0.8558
18667,2,TAP,0.5884615,1.0000
18683,2,TAP,0.6004918,1.0000
18683,3,UP,0.4798077,0.9587
18700,2,TAP,0.6129808,1.0000
18700,3,UP,0.4908654,0.9498
18716,2,TAP,0.6254808,1.0000
18716,3,UP,0.5028846,0.9515
18733,2,TAP,0.6384615,1.0000
18733,3,UP,0.5144231,0.9491
18752,2,TAP,0.6514423,1.0000
18752,3,UP,0.5264423,0.9493
18784,2,TAP,0.6774038,1.0000
18784,3,UP,0.5495192,0.9238
18800,2,TAP,0.6908654,1.0000
18800,3,UP,0.5615385,0.9002
18816,2,TAP,0.7048077,1.0000
18816,3,UP,0.5740385,0.9078
18833,2,TAP,0.7182745,1.0000
18833,3,UP,0.5865385,0.9035
18850,2,TAP,0.7322115,1.0000
18850,2,TAP,0.4802885,1.0000
18850,3,UP,0.5990385,0.9023
18867,2,TAP,0.4913576,1.0000
18867,3,UP,0.6120192,0.8894
18883,2,TAP,0.5028960,1.0000
18883,3,UP,0.6250000,0.8868
18899,2,TAP,0.5144231,1.0000
18899,3,UP,0.6375000,0.8847
18916,2,TAP,0.5259816,1.0000
18916,3,UP,0.6509615,0.8700
18933,2,TAP,0.5370971,1.0000
18933,3,UP,0.6639423,0.8665
18950,2,TAP,0.5490385,1.0000
18950,3,UP,0.6774038,0.8538
18967,2,TAP,0.5615329,1.0000
18967,3,UP,0.6908654,0.8565
18983,2,TAP,0.5730769,1.0000
18983,3,UP,0.7048077,0.8768
18999,2,TAP,0.5855715,1.0000
18999,3,UP,0.7182692,0.8496
19016,2,TAP,0.5976016,1.0000
19016,3,LEFT,0.4774038,0.9051
19034,2,TAP,0.6100962,1.0000
19034,3,LEFT,0.4884615,0.8971
19050,2,TAP,0.6225962,1.0000
19050,3,LEFT,0.5000000,0.8878
19067,2,TAP,0.6360577,1.0000
19067,3,LEFT,0.5120192,0.8976
19083,2,TAP,0.6485671,1.0000
19100,2,TAP,0.6615385,1.0000
19117,2,TAP,0.6745192,1.0000
19117,3,LEFT,0.5471154,0.9109
19133,2,TAP,0.6879808,1.0000
19133,3,LEFT,0.5591346,0.9109
19150,2,TAP,0.7014423,1.0000
19150,3,LEFT,0.5716346,0.9109
19167,2,TAP,0.7153793,1.0000
19167,3,LEFT,0.5836538,0.9104
19183,2,TAP,0.7288514,1.0000
19183,2,TAP,0.4774038,1.0000
19183,3,LEFT,0.5961538,0.9185
19200,2,TAP,0.4888766,1.0000
19200,3,LEFT,0.6086538,0.9109
19216,2,TAP,0.5000000,1.0000
19216,3,LEFT,0.6216346,0.9127
19233,2,TAP,0.5115385,1.0000
19233,3,LEFT,0.6346154,0.9154
19249,2,TAP,0.5230769,1.0000
19249,3,LEFT,0.6475962,0.9127
19266,2,TAP,0.5346154,1.0000
19266,3,LEFT,0.6605769,0.9173
19284,2,TAP,0.5461538,1.0000
19284,3,LEFT,0.6740385,0.9277
19300,2,TAP,0.5586538,1.0000
19300,3,LEFT,0.6875000,0.9270
19316,2,TAP,0.5710701,1.0000
19316,3,LEFT,0.7014423,0.9296
19333,2,TAP,0.5826923,1.0000
19333,3,LEFT,0.7153846,0.9246
19350,2,TAP,0.5947267,1.0000
19350,3,LEFT,0.7293269,0.9300
19367,2,TAP,0.6072212,1.0000
19384,2,TAP,0.6197170,1.0000
19400,1,DOWN,0.5091346,0.7727
19400,2,TAP,0.6327016,0.9924
19416,2,TAP,0.6456731,1.0000
19433,1,DOWN,0.5326923,0.7650
19433,2,TAP,0.6586756,1.0000
19449,1,DOWN,0.5442308,0.7742
19449,2,TAP,0.6716346,1.0000
19466,1,DOWN,0.5562500,0.7844
19466,2,TAP,0.6850962,1.0000
19484,1,DOWN,0.5682692,0.7728
19484,2,TAP,0.6985643,1.0000
19500,1,DOWN,0.5812500,0.8082
19500,2,TAP,0.7120244,1.0000
19516,1,DOWN,0.5932692,0.7953
19516,2,TAP,0.7259656,1.0000
19534,1,DOWN,0.6062500,0.8028
19534,2,TAP,0.4865385,1.0000
19550,1,DOWN,0.6187500,0.8306
19550,2,TAP,0.4971268,1.0000
19566,1,DOWN,0.6317308,0.8268
19566,2,TAP,0.5089441,1.0000
19583,1,DOWN,0.6447115,0.8065
19583,2,TAP,0.5201923,1.0000
19600,1,DOWN,0.6581731,0.8337
19600,2,TAP,0.5317419,1.0000
19617,1,DOWN,0.6711538,0.8227
19617,2,TAP,0.5437899,1.0000
19633,1,DOWN,0.6846154,0.8252
19633,2,TAP,0.5557692,1.0000
19650,1,DOWN,0.6980769,0.8396
19650,2,TAP,0.5674186,1.0000
19666,1,DOWN,0.7120192,0.8424
19666,2,TAP,0.5798171,1.0000
19684,1,DOWN,0.7259615,0.8389
19684,2,TAP,0.5922619,1.0000
19700,2,TAP,0.6046668,1.0000
19700,3,UP,0.4836538,0.9658
19716,2,TAP,0.6168379,1.0000
19716,3,UP,0.4947115,0.9376
19733,2,TAP,0.6302204,1.0000
19733,3,UP,0.5067308,0.9349
19750,2,TAP,0.6428101,1.0000
19750,3,UP,0.5182692,0.9327
19767,2,TAP,0.6557789,1.0000
19767,3,UP,0.5298077,0.9393
19783,2,TAP,0.6687500,1.0000
19783,3,UP,0.5418269,0.9277
19800,2,TAP,0.6822049,1.0000
19800,3,UP,0.5538462,0.9014
19817,2,TAP,0.6956731,1.0000
19817,3,UP,0.5658654,0.9061
19833,2,TAP,0.7091138,1.0000
19833,3,UP,0.5783654,0.9163
19850,2,TAP,0.7230287,1.0000
19850,3,UP,0.5903846,0.8935
19867,2,TAP,0.4836538,1.0000
19867,3,UP,0.6033654,0.9142
19883,2,TAP,0.4951923,1.0000
19883,3,UP,0.6158654,0.9019
19900,2,TAP,0.5067308,1.0000
19900,3,UP,0.6288462,0.8946
19917,2,TAP,0.5182692,1.0000
19917,3,UP,0.6418269,0.8920
19933,2,TAP,0.5297446,1.0000
19933,3,UP,0.6548077,0.8832
19950,2,TAP,0.5413375,1.0000
19950,3,UP,0.6682692,0.8652
19966,2,TAP,0.5528902,1.0000
19966,3,UP,0.6817308,0.8685
19983,2,TAP,0.5651491,1.0000
19983,3,UP,0.6951923,0.8685
20000,2,TAP,0.5769270,1.0000
20000,3,UP,0.7091346,0.8396
20016,2,TAP,0.5894339,1.0000
20016,3,UP,0.7230769,0.8551
20033,2,TAP,0.6014727,0.9986
20033,3,UP,0.4807692,0.9611
20049,2,TAP,0.6143369,1.0000
20049,3,UP,0.4927885,0.9752
20066,2,TAP,0.6269024,1.0000
20066,3,UP,0.5038462,0.9515
20083,2,TAP,0.6399161,1.0000
20083,3,UP,0.5153846,0.9517
20100,2,TAP,0.6524105,1.0000
20117,2,TAP,0.6658587,1.0000
20133,2,TAP,0.6788462,1.0000
20133,3,UP,0.5514423,0.9428
20150,2,TAP,0.6927818,1.0000
20150,3,UP,0.5634615,0.9044
20167,2,TAP,0.7058335,1.0000
20167,3,UP,0.5754808,0.9095
20183,2,TAP,0.7197050,1.0000
20183,3,UP,0.5879808,0.9281
20200,2,TAP,0.4807773,1.0000
20200,3,UP,0.6004808,0.9023
20216,2,TAP,0.4922892,1.0000
20216,3,UP,0.6129808,0.8946
20233,2,TAP,0.5038188,1.0000
20233,3,UP,0.6259615,0.8868
20249,2,TAP,0.5152916,0.9984
20249,3,UP,0.6389423,0.8904
20266,2,TAP,0.5269278,1.0000
20266,3,UP,0.6519231,0.8785
20283,2,TAP,0.5384568,1.0000
20283,3,UP,0.6653846,0.8732
20300,2,TAP,0.5499851,1.0000
20300,3,UP,0.6788462,0.8665
20317,2,TAP,0.5624601,1.0000
20317,3,UP,0.6923077,0.8698
20333,2,TAP,0.5745164,1.0000
20333,3,UP,0.7062500,0.8329
20351,2,TAP,0.5870192,1.0000
20351,3,UP,0.7201923,0.8592
20384,2,TAP,0.6115385,1.0000
20401,2,TAP,0.6245192,1.0000
20401,3,LEFT,0.5014423,0.8878
20434,2,TAP,0.6495192,1.0000
20450,2,TAP,0.6629808,1.0000
20466,2,TAP,0.6764356,1.0000
20466,3,LEFT,0.5485577,0.9091
20483,2,TAP,0.6894231,1.0000
20483,3,LEFT,0.5605769,0.9158
20500,2,TAP,0.7028947,1.0000
20500,3,LEFT,0.5725962,0.9077
20517,2,TAP,0.7163567,1.0000
20517,3,LEFT,0.5850962,0.9158
20533,2,TAP,0.7307587,1.0000
20533,2,TAP,0.4787965,1.0000
20533,3,LEFT,0.5975962,0.9185
20550,2,TAP,0.4898635,1.0000
20550,3,LEFT,0.6100962,0.9132
20567,2,TAP,0.5009567,1.0000
20567,3,LEFT,0.6230769,0.9181
20583,2,TAP,0.5124895,1.0000
20583,3,LEFT,0.6360577,0.9181
20600,2,TAP,0.5241838,1.0000
20600,3,LEFT,0.6490385,0.9310
20617,2,TAP,0.5355761,1.0000
20617,3,LEFT,0.6625000,0.9177
20633,2,TAP,0.5476159,1.0000
20633,3,LEFT,0.6754808,0.9173
20650,2,TAP,0.5596130,1.0000
20650,3,LEFT,0.6894231,0.9300
20666,2,TAP,0.5716332,1.0000
20666,3,LEFT,0.7028846,0.9353
20683,2,TAP,0.5841236,1.0000
20683,3,LEFT,0.7163462,0.9415
20700,2,TAP,0.5961538,1.0000
20717,2,TAP,0.6086538,1.0000
20733,2,TAP,0.6215951,1.0000
20750,2,TAP,0.6341225,1.0000
20767,2,TAP,0.6466738,1.0000
20784,2,TAP,0.6600868,1.0000
20800,2,TAP,0.6734983,1.0000
20817,2,TAP,0.6865385,1.0000
20833,2,TAP,0.7000047,1.0000
20849,2,TAP,0.7134727,1.0000
20866,2,TAP,0.7273346,1.0000
20883,1,TAP,0.6076923,0.9000
20900,1,TAP,0.6197115,0.9000
20916,1,TAP,0.6326923,0.9000
20934,1,TAP,0.6456731,0.9000
20950,1,TAP,0.6591346,0.9000
20966,1,TAP,0.6725962,0.9000
20983,1,TAP,0.6855769,0.9000
20999,1,TAP,0.6995192,0.9000
21016,1,TAP,0.7134615,0.9000
21034,1,TAP,0.7274038,0.9000
21384,3,UP,0.4822115,0.9444
21400,3,UP,0.4937500,0.9417
21416,3,UP,0.5062500,0.9393
21433,3,UP,0.5168269,0.9442
21450,3,UP,0.5283654,0.9493
21467,3,UP,0.5403846,0.9444
21483,3,UP,0.5524038,0.9355
21500,3,UP,0.5644231,0.9049
21517,3,UP,0.5769231,0.9128
21533,3,UP,0.5894231,0.9099
21551,3,UP,0.6019231,0.9065
21567,3,UP,0.6144231,0.8941
21600,1,TAP,0.5163313,1.0000
21600,3,UP,0.6403846,0.8747
21617,1,TAP,0.5278712,1.0000
21617,3,UP,0.6533654,0.8806
21633,1,TAP,0.5394160,0.9919
21633,3,UP,0.6668269,0.8858
21650,1,TAP,0.5509584,0.8746
21650,3,UP,0.6802885,0.8612
21667,1,TAP,0.5634474,1.0000
21667,3,UP,0.6937500,0.8638
21683,1,TAP,0.5749992,0.8894
21683,3,UP,0.7076923,0.8700
21700,1,TAP,0.5874938,0.8895
21700,3,UP,0.7211538,0.8504
21717,1,TAP,0.6009669,0.8900
21733,1,TAP,0.6124969,0.8817
21750,1,TAP,0.6259654,0.8909
21767,1,TAP,0.6384615,0.8876
21784,1,TAP,0.6509729,0.8897
21784,1,TAP,0.5264423,0.8750
21817,1,TAP,0.6773999,0.9986
21817,1,TAP,0.5500055,1.0000
21833,1,TAP,0.6908746,0.9986
21833,1,TAP,0.5624882,0.9984
21850,1,TAP,0.7043362,0.9973
21850,1,TAP,0.5740439,0.8900
21866,1,TAP,0.7177885,0.9011
21866,1,TAP,0.5865353,0.9952
21866,1,TAP,0.4684219,1.0000
21883,1,TAP,0.7312500,0.9000
21883,1,TAP,0.5990477,1.0000
21883,1,TAP,0.4797421,1.0000
21900,1,TAP,0.6115300,0.9968
21900,1,TAP,0.4908582,1.0000
21916,1,TAP,0.6240499,0.9921
21916,1,TAP,0.5023983,0.7988
21933,1,TAP,0.6365499,0.8922
21933,1,TAP,0.5139405,0.7827
21951,1,TAP,0.6500113,0.8897
21951,1,TAP,0.5249928,0.8907
21967,1,TAP,0.6625113,0.8884
21967,1,TAP,0.5372030,0.9739
21984,1,TAP,0.6754887,0.9073
21984,1,TAP,0.5490385,0.9984
22000,1,TAP,0.6889556,0.8995
22000,1,TAP,0.5605644,1.0000
22016,1,TAP,0.7024091,0.9032
22016,1,TAP,0.5730628,1.0000
22033,1,TAP,0.7168308,0.8667
22033,1,TAP,0.5855598,0.8928
22049,1,TAP,0.7302885,0.9306
22049,1,TAP,0.5971262,0.8898
22067,1,TAP,0.6096100,0.8903
22083,1,TAP,0.6221276,0.8908
22099,1,TAP,0.6355876,0.8924
22099,2,TAP,0.5124574,1.0000
22116,1,TAP,0.6480882,0.8847
22116,2,TAP,0.5240725,1.0000
22133,1,TAP,0.6615506,0.8870
22133,2,TAP,0.5355498,0.9968
22150,1,TAP,0.6740497,0.8893
22150,2,TAP,0.5471068,0.8919
22167,1,TAP,0.6879808,1.0000
22167,2,TAP,0.5595875,1.0000
22183,1,TAP,0.7014476,1.0000
22183,2,TAP,0.5711430,0.8911
22199,1,TAP,0.7149156,0.9986
22199,2,TAP,0.5836485,1.0000
22216,1,TAP,0.7283719,0.8998
22216,2,TAP,0.5961485,0.9984
22233,2,TAP,0.6086508,0.9874
22250,2,TAP,0.6211500,0.8033
22267,2,TAP,0.6336424,0.8875
22283,2,TAP,0.6471297,0.8909
22283,2,TAP,0.5230364,0.9967
22300,2,TAP,0.6596154,0.9624
22300,2,TAP,0.5346028,1.0000
22316,2,TAP,0.6725962,0.9796
22316,2,TAP,0.5461491,1.0000
22333,2,TAP,0.6860577,1.0000
22333,2,TAP,0.5586538,0.8902
22350,2,TAP,0.6995206,0.9344
22350,2,TAP,0.5701868,0.9967
22367,2,TAP,0.7129886,0.9012
22367,2,TAP,0.5826714,0.8884
22384,2,TAP,0.7264449,0.9001
22384,2,TAP,0.5942354,0.8902
22400,2,TAP,0.6076900,0.8890
22417,2,TAP,0.6201923,0.8902
22433,2,TAP,0.6327038,0.8897
22433,2,TAP,0.5096211,1.0000
22450,2,TAP,0.6461629,0.8809
22467,2,TAP,0.6576923,0.8889
22467,2,TAP,0.5326979,0.8979
22483,2,TAP,0.6711538,0.8864
22483,2,TAP,0.5451923,1.0000
22499,2,TAP,0.6850962,0.9877
22499,2,TAP,0.5567308,1.0000
22516,2,TAP,0.6976120,0.9011
22516,2,TAP,0.5692308,0.9984
22533,2,TAP,0.7120192,0.9271
22533,2,TAP,0.5807770,0.9984
22533,2,TAP,0.4629695,0.8767
22550,2,TAP,0.7254834,1.0000
22550,2,TAP,0.5932731,0.9968
22550,2,TAP,0.4745229,0.8605
22567,2,TAP,0.6057692,1.0000
22567,2,TAP,0.4860466,0.8816
22584,2,TAP,0.6182692,0.9811
22584,2,TAP,0.4971178,1.0000
22600,2,TAP,0.6317422,0.8897
22600,2,TAP,0.5086514,1.0000
22616,2,TAP,0.6442398,0.8898
22616,2,TAP,0.5201786,1.0000
22633,2,TAP,0.6567398,0.8961
22633,2,TAP,0.5317260,1.0000
22649,2,TAP,0.6697115,1.0000
22649,2,TAP,0.5432795,1.0000
22666,2,TAP,0.6831731,1.0000
22666,2,TAP,0.5557481,0.8923
22683,2,TAP,0.6966346,1.0000
22683,2,TAP,0.5672983,0.8899
22700,1,TAP,0.4620192,0.8586
22700,2,TAP,0.7101132,1.0000
22700,2,TAP,0.5798193,0.9872
22716,2,TAP,0.7235577,0.9000
22716,2,TAP,0.5923031,0.8905
22734,1,TAP,0.4841346,0.8765
22734,2,TAP,0.6048031,0.8905
22750,1,TAP,0.4956712,0.8754
22750,2,TAP,0.6173031,0.9125
22766,1,TAP,0.5072115,0.8929
22766,2,TAP,0.6288454,0.8890
22784,1,TAP,0.5187445,0.8813
22784,2,TAP,0.6423305,0.9968
22800,1,TAP,0.5307524,1.0000
22800,2,TAP,0.6557692,0.8901
22816,1,TAP,0.5422942,1.0000
22816,2,TAP,0.6682692,0.8791
22833,1,TAP,0.5538399,0.9935
22833,2,TAP,0.6822115,0.9125
22849,1,TAP,0.5663305,0.9968
22849,2,TAP,0.6947129,0.9069
22866,1,TAP,0.5778885,0.8903
22866,2,TAP,0.7091490,0.9007
22883,1,TAP,0.5903831,0.8854
22883,2,TAP,0.7225962,0.9933
22900,1,TAP,0.6028831,0.9889
22916,1,TAP,0.6153823,0.9968
22934,1,TAP,0.6278884,0.8903
22950,1,TAP,0.6413515,0.8900
22966,1,TAP,0.6538393,0.8651
22966,2,TAP,0.5288573,0.8938
22984,1,TAP,0.6673130,0.8900
22984,2,TAP,0.5413406,0.8913
23000,1,TAP,0.6802831,1.0000
23000,2,TAP,0.5528846,1.0000
23016,1,TAP,0.6937500,0.9945
23016,2,TAP,0.5653846,0.8915
23033,1,TAP,0.7072115,1.0000
23033,2,TAP,0.5769325,1.0000
23049,1,TAP,0.7206757,0.9013
23049,2,TAP,0.5894285,0.8977
23067,2,TAP,0.6019285,0.8913
23083,2,TAP,0.6144231,0.8902
23100,2,TAP,0.6269231,1.0000
23116,2,TAP,0.6394208,0.8843
23133,2,TAP,0.6519231,0.8889
23133,2,TAP,0.5278958,1.0000
23150,2,TAP,0.6653846,0.8696
23150,2,TAP,0.5395024,1.0000
23166,2,TAP,0.6783654,0.9000
23166,2,TAP,0.5519175,0.8926
23183,2,TAP,0.6918269,0.9057
23183,2,TAP,0.5634615,1.0000
23200,2,TAP,0.7062474,0.9017
23200,2,TAP,0.5759726,0.8892
23216,2,TAP,0.7197115,0.9011
23216,2,TAP,0.5874884,0.8961
23216,2,TAP,0.4696852,0.8918
23233,2,TAP,0.6000000,1.0000
23233,2,TAP,0.4802829,0.8754
23250,2,TAP,0.6125000,0.8889
23250,2,TAP,0.4918251,0.8693
23266,2,TAP,0.6250000,0.8889
23266,2,TAP,0.5033469,1.0000
23283,2,TAP,0.6384706,0.8892
23283,2,TAP,0.5149020,1.0000
23300,2,TAP,0.6519231,0.8877
23300,2,TAP,0.5264189,0.9981
23317,2,TAP,0.6634615,0.8889
23317,2,TAP,0.5384671,0.9967
23333,2,TAP,0.6774038,1.0000
23333,2,TAP,0.5500055,1.0000
23350,2,TAP,0.6908654,0.9034
23350,2,TAP,0.5624953,0.8931
23366,2,TAP,0.7043269,0.9919
23366,2,TAP,0.5740353,1.0000
23383,2,TAP,0.7177885,0.8956
23383,2,TAP,0.5865299,0.8910
23400,2,TAP,0.5990415,0.8914
23417,2,TAP,0.6115385,0.8914
23433,2,TAP,0.6240362,0.8954
23450,2,TAP,0.6365354,0.8892
23450,3,TAP,0.5129771,0.8758
23466,2,TAP,0.6500000,0.8901
23466,3,TAP,0.5249865,1.0000
23483,2,TAP,0.6625000,0.8852
23483,3,TAP,0.5365345,0.8917
23501,2,TAP,0.6754808,1.0000
23501,3,TAP,0.5490220,0.9935
23517,2,TAP,0.6889423,1.0000
23517,3,TAP,0.5605614,1.0000
23533,2,TAP,0.7024065,1.0000
23533,3,TAP,0.5730840,0.9685
23551,2,TAP,0.7158680,0.8409
23551,3,TAP,0.5846169,0.8895
23584,3,TAP,0.6096208,0.8846
23600,3,TAP,0.6221253,0.8897
23617,3,TAP,0.6355762,0.8900
23633,3,TAP,0.6480883,0.8058
23633,3,TAP,0.5240344,0.9950
23649,3,TAP,0.6615506,0.8895
23649,3,TAP,0.5355825,1.0000
23666,3,TAP,0.6745179,1.0000
23666,3,TAP,0.5471297,1.0000
23682,3,TAP,0.6870325,0.9016
23682,3,TAP,0.5596209,0.8952
23699,3,TAP,0.7014462,0.9017
23699,3,TAP,0.5721209,0.8900
23716,3,TAP,0.7149169,0.9986
23716,3,TAP,0.5836406,0.9984
23733,3,TAP,0.7283693,0.9027
23733,3,TAP,0.5961600,0.9921
23750,3,TAP,0.6086431,0.9004
23767,3,TAP,0.6211569,0.9023
23783,3,TAP,0.6336401,0.8898
23800,3,TAP,0.6461538,0.8889
23800,3,TAP,0.5224000,0.9615
23817,3,TAP,0.6596207,0.8043
23817,3,TAP,0.5346154,0.9967
23833,3,TAP,0.6721154,0.8889
23833,3,TAP,0.5461594,0.9967
23850,3,TAP,0.6860577,1.0000
23850,3,TAP,0.5577041,1.0000
23866,3,TAP,0.6995166,1.0000
23866,3,TAP,0.5701915,1.0000
23882,3,TAP,0.7129939,0.9038
23882,3,TAP,0.5817253,0.8900
23882,3,TAP,0.4649038,0.9187
23899,3,TAP,0.7264475,0.9010
23899,3,TAP,0.5942362,0.8900
23899,3,TAP,0.4754750,0.8633
23916,3,TAP,0.6067215,0.8950
23916,3,TAP,0.4870192,0.8377
23933,3,TAP,0.6192362,0.8875
23933,3,TAP,0.4975962,0.8750
23950,3,TAP,0.6326832,0.9052
23950,3,TAP,0.5091346,0.8750
23966,3,TAP,0.6451923,0.8901
23966,3,TAP,0.5211498,0.9983
23983,3,TAP,0.6576832,0.8880
23983,3,TAP,0.5326827,1.0000
23999,3,TAP,0.6711538,0.8030
23999,3,TAP,0.5442347,0.8930
24016,3,TAP,0.6841346,0.9266
24016,3,TAP,0.5567308,1.0000
24033,3,TAP,0.6975962,0.8978
24033,3,TAP,0.5682669,0.9012
24049,3,TAP,0.7120311,0.9004
24049,3,TAP,0.5807661,1.0000
24066,1,TAP,0.4741522,1.0000
24066,3,TAP,0.7254795,0.9054
24066,3,TAP,0.5932630,1.0000
24083,1,TAP,0.4855655,1.0000
24083,3,TAP,0.6057577,0.8932
24099,1,TAP,0.4971097,1.0000
24099,3,TAP,0.6173092,0.8892
24116,1,TAP,0.5086125,1.0000
24116,3,TAP,0.6307670,0.9535
24133,1,TAP,0.5201827,1.0000
24133,3,TAP,0.6432692,0.8889
24150,1,TAP,0.5317040,1.0000
24150,3,TAP,0.6557579,0.8897
24166,1,TAP,0.5432740,1.0000
24166,3,TAP,0.6692308,0.8889
24182,1,TAP,0.5552857,1.0000
24182,3,TAP,0.6831731,0.9959
24199,1,TAP,0.5673014,1.0000
24199,3,TAP,0.6966346,0.9986
24216,1,TAP,0.5793104,0.9986
24216,3,TAP,0.7101093,1.0000
24234,1,TAP,0.5918228,1.0000
24234,3,TAP,0.7235667,0.9008
24250,1,TAP,0.6043106,1.0000
24250,2,UP,0.4831731,0.8305
24266,1,TAP,0.6168228,1.0000
24266,2,UP,0.4947115,0.8286
24283,1,TAP,0.6289857,1.0000
24283,2,UP,0.5057692,0.8190
24299,1,TAP,0.6418188,1.0000
24299,2,UP,0.5177885,0.8266
24316,1,TAP,0.6552750,1.0000
24316,2,UP,0.5293269,0.8294
24334,1,TAP,0.6682288,0.9950
24334,2,UP,0.5413462,0.8210
24350,1,TAP,0.6812500,1.0000
24350,2,UP,0.5533654,0.8258
24366,1,TAP,0.6947115,1.0000
24366,2,UP,0.5653846,0.8274
24383,1,TAP,0.7086556,1.0000
24383,2,UP,0.5774038,0.8145
24399,1,TAP,0.7221171,1.0000
24399,2,UP,0.5903846,0.8213
24416,1,TAP,0.4832161,1.0000
24416,2,UP,0.6024038,0.8096
24433,1,TAP,0.4942185,1.0000
24433,2,UP,0.6153846,0.8213
24451,1,TAP,0.5057692,1.0000
24451,2,UP,0.6283654,0.8269
24483,1,TAP,0.5288390,1.0000
24483,2,UP,0.6543269,0.8136
24500,1,TAP,0.5408471,1.0000
24500,2,UP,0.6673077,0.8098
24517,1,TAP,0.5525722,1.0000
24517,2,UP,0.6812500,0.8175
24533,1,TAP,0.5644231,1.0000
24533,2,UP,0.6951923,0.8204
24550,1,TAP,0.5767504,1.0000
24550,2,UP,0.7091346,0.8232
24566,1,TAP,0.5889479,1.0000
24566,2,UP,0.7221154,0.8155
24583,1,TAP,0.6017318,1.0000
24583,2,UP,0.4807692,0.8325
24599,1,TAP,0.6136079,1.0000
24599,2,UP,0.4918269,0.8210
24616,1,TAP,0.6264423,1.0000
24616,2,UP,0.5038462,0.8333
24633,1,TAP,0.6389613,1.0000
24633,2,UP,0.5149038,0.8238
24650,1,TAP,0.6523931,1.0000
24666,1,TAP,0.6649919,0.9986
24682,1,TAP,0.6787409,1.0000
24682,2,UP,0.5504808,0.8190
24699,1,TAP,0.6918362,1.0000
24699,2,UP,0.5625000,0.8219
24717,1,TAP,0.7057746,1.0000
24717,2,UP,0.5750000,0.8325
24734,1,TAP,0.7192413,1.0000
24734,2,UP,0.5875000,0.8213
24750,1,TAP,0.4807108,0.9916
24750,2,UP,0.6000000,0.8213
24767,1,TAP,0.4916184,0.9837
24767,2,UP,0.6125000,0.8098
24783,1,TAP,0.5029349,1.0000
24783,2,UP,0.6250000,0.8213
24799,1,TAP,0.5144628,1.0000
24799,2,UP,0.6379808,0.8096
24816,1,TAP,0.5260656,1.0000
24816,2,UP,0.6514423,0.8136
24833,1,TAP,0.5378848,1.0000
24833,2,UP,0.6649038,0.8184
24850,1,TAP,0.5500000,1.0000
24850,2,UP,0.6783654,0.8175
24866,1,TAP,0.5615345,1.0000
24866,2,UP,0.6918269,0.8127
24883,1,TAP,0.5740330,1.0000
24883,2,UP,0.7057692,0.8281
24899,1,TAP,0.5862375,1.0000
24899,2,UP,0.7197115,0.8261
24917,1,TAP,0.5981434,1.0000
24917,2,UP,0.4778846,0.8246
24934,1,TAP,0.6110577,1.0000
24934,2,UP,0.4894231,0.8246
24951,1,TAP,0.6235699,1.0000
24951,2,UP,0.5009615,0.8227
24967,1,TAP,0.6360699,1.0000
24967,2,UP,0.5125000,0.8294
24983,1,TAP,0.6495327,1.0000
24999,1,TAP,0.6620463,1.0000
25016,1,TAP,0.6754927,1.0000
25016,2,UP,0.5480769,0.8266
25033,1,TAP,0.6889543,1.0000
25033,2,UP,0.5600962,0.8249
25051,1,TAP,0.7024065,1.0000
25051,2,UP,0.5721154,0.8294
25083,1,TAP,0.7298206,1.0000
25083,1,TAP,0.4778805,1.0000
25083,2,UP,0.5971154,0.8164
25100,1,TAP,0.4894085,1.0000
25100,2,UP,0.6100962,0.8278
25116,1,TAP,0.5009519,1.0000
25116,2,UP,0.6225962,0.8305
25133,1,TAP,0.5125000,1.0000
25133,2,UP,0.6355769,0.8164
25152,1,TAP,0.5239973,1.0000
25152,2,UP,0.6490385,0.8175
25183,1,TAP,0.5471217,1.0000
25183,2,UP,0.6750000,0.8204
25199,1,TAP,0.5591612,1.0000
25199,2,UP,0.6889423,0.8049
25216,1,TAP,0.5711570,1.0000
25216,2,UP,0.7028846,0.8329
25233,1,TAP,0.5836414,1.0000
25233,2,UP,0.7163462,0.8127
25250,1,TAP,0.5956772,1.0000
25250,2,UP,0.7302885,0.8175
25250,2,UP,0.4759615,0.8333
25267,1,TAP,0.6081567,0.9972
25267,2,UP,0.4870192,0.8294
25283,1,TAP,0.6206731,1.0000
25283,2,UP,0.4980769,0.8171
25299,1,TAP,0.6331663,1.0000
25299,2,UP,0.5096154,0.8227
25316,1,TAP,0.6466441,1.0000
25333,1,TAP,0.6596032,1.0000
25349,1,TAP,0.6725921,1.0000
25349,2,UP,0.5451923,0.8134
25367,1,TAP,0.6859435,1.0000
25367,2,UP,0.5572115,0.8238
25383,1,TAP,0.6994996,1.0000
25383,2,UP,0.5692308,0.8302
25400,1,TAP,0.7129939,1.0000
25400,2,UP,0.5817308,0.8381
25416,1,TAP,0.7269248,1.0000
25416,1,TAP,0.4758579,1.0000
25416,2,UP,0.5942308,0.8213
25433,1,TAP,0.4868087,1.0000
25433,2,UP,0.6067308,0.8241
25450,1,TAP,0.4980826,1.0000
25450,2,UP,0.6197115,0.8221
25466,1,TAP,0.5096210,1.0000
25466,2,UP,0.6326923,0.8365
25483,1,TAP,0.5211498,1.0000
25483,2,UP,0.6456731,0.8193
25499,1,TAP,0.5326820,0.9984
25499,2,UP,0.6591346,0.8184
25516,1,TAP,0.5447045,1.0000
25516,2,UP,0.6721154,0.8289
25533,1,TAP,0.5566974,1.0000
25533,2,UP,0.6860577,0.8204
25550,1,TAP,0.5683463,1.0000
25550,2,UP,0.6990385,0.8127
25567,1,TAP,0.5807600,1.0000
25567,2,UP,0.7129808,0.8184
25584,1,TAP,0.5927898,1.0000
25584,2,UP,0.7269231,0.8241
25600,1,TAP,0.6052803,1.0000
25600,2,DOWN,0.4841346,0.8255
25616,1,TAP,0.6177885,1.0000
25616,2,DOWN,0.4956731,0.8282
25633,1,TAP,0.6307406,1.0000
25633,2,DOWN,0.5067308,0.8255
25649,1,TAP,0.6437446,1.0000
25649,2,DOWN,0.5187500,0.8302
25667,1,TAP,0.6562688,1.0000
25683,1,TAP,0.6697169,1.0000
25699,1,TAP,0.6826923,1.0000
25699,2,DOWN,0.5543269,0.8282
25716,1,TAP,0.6964938,1.0000
25716,2,DOWN,0.5663462,0.8190
25734,1,TAP,0.7097362,1.0000
25734,2,DOWN,0.5788462,0.8227
25751,1,TAP,0.7235642,1.0000
25751,2,DOWN,0.5913462,0.8199
25767,2,DOWN,0.6038462,0.8227
25767,3,UP,0.4831731,0.9519
25783,2,DOWN,0.6168269,0.8274
25783,3,UP,0.4947115,0.9515
25800,2,DOWN,0.6293269,0.8294
25800,3,UP,0.5057692,0.9349
25816,2,DOWN,0.6427885,0.8199
25816,3,UP,0.5173077,0.9417
25832,2,DOWN,0.6557692,0.8227
25832,3,UP,0.5293269,0.9493
25849,2,DOWN,0.6692308,0.8104
25849,3,UP,0.5413462,0.9469
25867,2,DOWN,0.6826923,0.8132
25867,3,UP,0.5533654,0.9155
25883,2,DOWN,0.6961538,0.8048
25883,3,UP,0.5653846,0.9070
25899,2,DOWN,0.7100962,0.8290
25899,3,UP,0.5778846,0.9192
25916,2,DOWN,0.7240385,0.8282
25916,3,UP,0.5899038,0.9099
25933,2,TAP,0.4827507,1.0000
25933,3,UP,0.6024038,0.9049
25950,2,TAP,0.4942179,1.0000
25950,3,UP,0.6153846,0.8941
25966,2,TAP,0.5057563,1.0000
25966,3,UP,0.6278846,0.8894
25983,2,TAP,0.5172869,1.0000
25983,3,UP,0.6413462,0.8794
26000,2,TAP,0.5288414,1.0000
26000,3,UP,0.6543269,0.8785
26016,2,TAP,0.5403854,1.0000
26016,3,UP,0.6677885,0.8618
26032,2,TAP,0.5524038,1.0000
26032,3,UP,0.6812500,0.8652
26049,2,TAP,0.5644231,1.0000
26049,3,UP,0.6947115,0.8618
26066,2,TAP,0.5767654,1.0000
26066,3,UP,0.7081731,0.8409
26083,2,TAP,0.5889368,1.0000
26083,3,UP,0.7221154,0.8504
26100,1,TAP,0.4817308,1.0000
26100,2,TAP,0.6014368,1.0000
26116,1,TAP,0.4932799,1.0000
26116,2,TAP,0.6135894,1.0000
26133,1,TAP,0.5048077,1.0000
26133,2,TAP,0.6264355,1.0000
26150,1,TAP,0.5162579,1.0000
26150,2,TAP,0.6389504,0.9986
26167,1,TAP,0.5278061,1.0000
26167,2,TAP,0.6524025,1.0000
26183,1,TAP,0.5394254,1.0000
26183,2,TAP,0.6649038,1.0000
26200,1,TAP,0.5509584,1.0000
26200,2,TAP,0.6783654,1.0000
26217,1,TAP,0.5629627,1.0000
26217,2,TAP,0.6918269,1.0000
26233,1,TAP,0.5754669,1.0000
26233,2,TAP,0.7052977,1.0000
26249,1,TAP,0.5874539,1.0000
26249,2,TAP,0.7187552,1.0000
26266,1,TAP,0.5999678,1.0000
26266,2,DOWN,0.4793269,0.8076
26283,1,TAP,0.6120875,1.0000
26283,2,DOWN,0.4908654,0.8104
26300,1,TAP,0.6245659,1.0000
26300,2,DOWN,0.5019231,0.8255
26316,1,TAP,0.6379331,1.0000
26316,2,DOWN,0.5134615,0.8310
26333,1,TAP,0.6504888,1.0000
26333,2,DOWN,0.5254808,0.8188
26350,1,TAP,0.6639504,1.0000
26350,2,DOWN,0.5375000,0.8132
26366,1,TAP,0.6764556,1.0000
26366,2,DOWN,0.5490385,0.8246
26384,1,TAP,0.6903995,1.0000
26384,2,DOWN,0.5610577,0.8282
26400,1,TAP,0.7038462,1.0000
26400,2,DOWN,0.5735577,0.8095
26416,1,TAP,0.7173118,1.0000
26416,2,DOWN,0.5855769,0.8227
26433,1,TAP,0.7312617,1.0000
26433,2,DOWN,0.5980769,0.8246
26433,3,UP,0.4778846,0.9658
26450,2,DOWN,0.6110577,0.8199
26450,3,UP,0.4894231,0.9631
26466,2,DOWN,0.6235577,0.8322
26466,3,UP,0.5009615,0.9417
26484,2,DOWN,0.6365385,0.8219
26484,3,UP,0.5125000,0.9513
26500,2,DOWN,0.6495192,0.8227
26500,3,UP,0.5245192,0.9371
26517,2,DOWN,0.6629808,0.8255
26517,3,UP,0.5360577,0.9355
26533,2,DOWN,0.6759615,0.8210
26533,3,UP,0.5475962,0.9138
26550,2,DOWN,0.6899038,0.8143
26550,3,UP,0.5596154,0.9180
26566,2,DOWN,0.7038462,0.8132
26566,3,UP,0.5721154,0.8986
26584,2,DOWN,0.7173077,0.8310
26584,3,UP,0.5841346,0.9019
26600,2,DOWN,0.7312500,0.8310
26600,2,TAP,0.4778575,1.0000
26600,3,UP,0.5971154,0.9070
26616,2,TAP,0.4893651,1.0000
26616,3,UP,0.6091346,0.8785
26633,2,TAP,0.5008926,1.0000
26633,3,UP,0.6221154,0.8858
26649,2,TAP,0.5116915,1.0000
26649,3,UP,0.6350962,0.8879
26666,2,TAP,0.5238997,1.0000
26666,3,UP,0.6480769,0.8665
26684,2,TAP,0.5351602,1.0000
26684,3,UP,0.6620192,0.8659
26701,2,TAP,0.5471083,1.0000
26701,3,UP,0.6750000,0.8800
26717,2,TAP,0.5591487,1.0000
26717,3,UP,0.6889423,0.8571
26733,2,TAP,0.5711460,1.0000
26733,3,UP,0.7024038,0.8605
26751,2,TAP,0.5827945,1.0000
26751,3,UP,0.7158654,0.8451
26783,2,TAP,0.6081731,1.0000
26783,3,UP,0.4870192,0.9491
26800,2,TAP,0.6206717,1.0000
26800,3,UP,0.4980769,0.9395
26817,2,TAP,0.6331825,1.0000
26817,3,UP,0.5096154,0.9420
26833,2,TAP,0.6466279,1.0000
26833,3,UP,0.5216346,0.9444
26850,2,TAP,0.6591494,1.0000
26866,2,TAP,0.6725962,1.0000
26883,2,TAP,0.6860577,1.0000
26883,3,UP,0.5572115,0.9252
26900,2,TAP,0.6990545,1.0000
26900,3,UP,0.5692308,0.9116
26917,2,TAP,0.7129860,1.0000
26917,3,UP,0.5812500,0.8977
26933,2,TAP,0.7269178,1.0000
26933,3,UP,0.5942308,0.9074
26950,3,UP,0.6072115,0.9209
26967,3,UP,0.6197115,0.8904
26983,1,TAP,0.5100655,0.8781
26983,3,UP,0.6322115,0.8925
27000,1,TAP,0.5211334,1.0000
27000,3,UP,0.6451923,0.8852
27017,1,TAP,0.5326758,0.9984
27017,3,UP,0.6591346,0.8618
27033,1,TAP,0.5442292,1.0000
27033,3,UP,0.6721154,0.8747
27050,1,TAP,0.5557584,0.8921
27050,3,UP,0.6850962,0.8659
27067,1,TAP,0.5682576,1.0000
27067,3,UP,0.6990385,0.8599
27083,1,TAP,0.5807600,0.9811
27083,3,UP,0.7129808,0.8538
27100,1,TAP,0.5932584,0.8937
27100,3,UP,0.7269231,0.8298
27117,1,TAP,0.6048115,0.8903
27133,1,TAP,0.6173062,0.8892
27150,1,TAP,0.6307692,0.8876
27166,1,TAP,0.6432692,0.8864
27166,1,TAP,0.5197061,0.8932
27183,1,TAP,0.6557624,0.8894
27183,1,TAP,0.5317236,0.9950
27200,1,TAP,0.6692308,0.8840
27200,1,TAP,0.5432676,0.9950
27217,1,TAP,0.6831731,0.9023
27217,1,TAP,0.5548235,1.0000
27233,1,TAP,0.6956731,0.9000
27233,1,TAP,0.5672990,0.8933
27250,1,TAP,0.7100962,0.9170
27250,1,TAP,0.5788446,0.8905
27250,1,TAP,0.4620192,0.9385
27266,1,TAP,0.7235485,0.9946
27266,1,TAP,0.5913462,0.9984
27283,1,TAP,0.6038462,0.9952
27283,1,TAP,0.4841346,0.8949
27299,1,TAP,0.6163462,0.8889
27299,1,TAP,0.4956619,0.9033
27317,1,TAP,0.6288408,0.9783
27317,1,TAP,0.5072115,0.8750
27333,1,TAP,0.6423077,0.8901
27333,1,TAP,0.5187299,0.8783
27349,1,TAP,0.6547963,0.8832
27349,1,TAP,0.5298101,1.0000
27366,1,TAP,0.6682692,0.8914
27366,1,TAP,0.5414312,0.9899
27383,1,TAP,0.6812460,1.0000
27383,1,TAP,0.5538438,1.0000
27399,1,TAP,0.6947115,0.9986
27399,1,TAP,0.5653729,1.0000
27416,1,TAP,0.7081784,0.9973
27416,1,TAP,0.5778846,0.9984
27434,1,TAP,0.7216346,0.9022
27434,1,TAP,0.5903760,0.8942
27450,1,TAP,0.6028792,0.8913
27466,1,TAP,0.6153846,0.8902
27483,1,TAP,0.6278846,0.8965
27483,2,TAP,0.5057644,1.0000
27499,1,TAP,0.6403899,0.8900
27499,2,TAP,0.5172884,1.0000
27517,1,TAP,0.6528899,0.8900
27517,2,TAP,0.5288438,1.0000
27534,1,TAP,0.6663462,0.8877
27534,2,TAP,0.5403933,1.0000
27550,1,TAP,0.6793283,0.9278
27550,2,TAP,0.5519231,0.8863
27566,1,TAP,0.6937500,0.9011
27566,2,TAP,0.5644207,1.0000
27583,1,TAP,0.7062513,0.9001
27583,2,TAP,0.5759663,0.8892
27599,1,TAP,0.7206770,0.9698
27599,2,TAP,0.5884708,0.9094
27616,2,TAP,0.6009615,1.0000
27634,2,TAP,0.6134615,0.8902
27650,2,TAP,0.6259615,0.8876
27650,2,TAP,0.5042923,0.9327
27666,2,TAP,0.6384615,0.8876
27666,2,TAP,0.5153918,0.9983
27683,2,TAP,0.6519321,0.7985
27683,2,TAP,0.5278610,0.9744
27700,2,TAP,0.6644231,0.8889
27700,2,TAP,0.5394097,1.0000
27717,2,TAP,0.6783654,1.0000
27717,2,TAP,0.5509521,0.9951
27734,2,TAP,0.6918269,0.9931
27734,2,TAP,0.5634505,0.8921
27750,2,TAP,0.7052950,0.9906
27750,2,TAP,0.5749906,1.0000
27767,2,TAP,0.7187500,0.8967
27767,2,TAP,0.5874900,0.9984
27783,2,TAP,0.7331731,0.9011
27783,2,TAP,0.6000000,0.8902
27800,2,TAP,0.6125000,0.8978
27817,2,TAP,0.6240392,0.8890
27833,2,TAP,0.6374992,0.8865
27833,2,TAP,0.5144134,1.0000
27850,2,TAP,0.6509615,0.8901
27850,2,TAP,0.5259838,1.0000
27866,2,TAP,0.6634615,0.8010
27866,2,TAP,0.5375111,1.0000
27883,2,TAP,0.6764423,0.9399
27883,2,TAP,0.5500055,0.8993
27900,2,TAP,0.6899038,0.9000
27900,2,TAP,0.5615440,1.0000
27916,2,TAP,0.7033706,0.9178
27916,2,TAP,0.5740361,0.8996
27934,2,TAP,0.7168321,0.8244
27934,2,TAP,0.5865221,0.8942
27934,2,TAP,0.4677771,0.8744
27950,2,TAP,0.7312500,1.0000
27950,2,TAP,0.5980769,0.9525
27950,2,TAP,0.4793325,0.8960
27967,2,TAP,0.6105769,0.8898
27967,2,TAP,0.4908598,0.8778
27984,2,TAP,0.6230769,0.8889
27984,2,TAP,0.5019345,1.0000
28017,2,TAP,0.6490332,0.8863
28017,2,TAP,0.5250176,1.0000
28033,2,TAP,0.6615385,0.8889
28033,2,TAP,0.5365440,1.0000
28050,2,TAP,0.6754808,1.0000
28050,2,TAP,0.5480825,0.8940
28066,2,TAP,0.6889423,0.9850
28066,2,TAP,0.5605769,1.0000
28083,2,TAP,0.7024038,0.9020
28083,2,TAP,0.5721146,1.0000
28099,1,TAP,0.4668269,0.9509
28099,2,TAP,0.7158654,0.9933
28099,2,TAP,0.5846100,1.0000
28116,1,TAP,0.4773982,0.8769
28116,2,TAP,0.7293282,0.8968
28116,2,TAP,0.5971046,0.8950
28133,1,TAP,0.4889423,0.8721
28133,2,TAP,0.6086538,0.8889
28150,1,TAP,0.5004808,0.9333
28150,2,TAP,0.6211538,0.8889
28166,1,TAP,0.5120192,0.8809
28166,2,TAP,0.6346063,0.9969
28183,1,TAP,0.5230930,1.0000
28183,2,TAP,0.6480769,0.9538
28200,1,TAP,0.5355769,0.9967
28200,2,TAP,0.6596154,0.8040
28216,1,TAP,0.5471209,1.0000
28216,2,TAP,0.6735577,1.0000
28234,1,TAP,0.5586632,1.0000
28234,2,TAP,0.6870192,1.0000
28250,1,TAP,0.5711491,1.0000
28250,2,TAP,0.7004861,1.0000
28266,1,TAP,0.5826783,0.9521
28266,2,TAP,0.7139423,0.9011
28283,1,TAP,0.5951900,0.9657
28283,2,TAP,0.7274038,0.9011
28300,1,TAP,0.6076862,0.8842
28317,1,TAP,0.6201954,0.8895
28333,1,TAP,0.6326931,0.8890
28333,2,TAP,0.5105467,1.0000
28352,1,TAP,0.6461538,0.9953
28352,2,TAP,0.5220962,1.0000
28383,1,TAP,0.6730822,0.8793
28383,2,TAP,0.5451907,0.8918
28399,1,TAP,0.6860630,0.9093
28399,2,TAP,0.5576876,1.0000
28416,1,TAP,0.6995153,0.8890
28416,2,TAP,0.5692300,0.8894
28433,1,TAP,0.7129939,0.8781
28433,2,TAP,0.5817215,1.0000
28450,1,TAP,0.7264449,0.9973
28450,2,TAP,0.5942308,0.8937
28466,2,TAP,0.6067308,0.8914
28483,2,TAP,0.6192300,0.9675
28500,2,TAP,0.6317369,0.8787
28516,2,TAP,0.6452104,0.8908
28516,2,TAP,0.5211474,0.9966
28533,2,TAP,0.6576923,0.9938
28533,2,TAP,0.5326923,0.9935
28550,2,TAP,0.6706731,1.0000
28550,2,TAP,0.5442363,1.0000
28567,2,TAP,0.6841346,0.9890
28567,2,TAP,0.5557692,0.8889
28583,2,TAP,0.6975975,1.0000
28583,2,TAP,0.5682661,1.0000
28600,2,TAP,0.7110681,0.9973
28600,2,TAP,0.5807700,0.8906
28600,2,TAP,0.4629676,0.8502
28616,2,TAP,0.7254808,0.9332
28616,2,TAP,0.5932746,0.8913
28616,2,TAP,0.4745099,0.8805
28633,2,TAP,0.6057692,0.8902
28633,2,TAP,0.4860521,0.8778
28650,2,TAP,0.6173077,0.8889
28650,2,TAP,0.4966346,0.8885
28666,2,TAP,0.6307815,0.8895
28666,2,TAP,0.5077210,1.0000
28683,2,TAP,0.6432897,0.8919
28683,2,TAP,0.5192259,1.0000
28700,2,TAP,0.6557692,0.8889
28700,2,TAP,0.5307803,1.0000
28716,2,TAP,0.6697115,0.9917
28716,2,TAP,0.5432581,1.0000
28733,2,TAP,0.6822115,0.9000
28733,2,TAP,0.5548077,1.0000
28751,2,TAP,0.6956811,0.9004
28751,2,TAP,0.5673077,0.8954
28783,2,TAP,0.7235577,0.9933
28783,2,TAP,0.5913462,0.9952
28800,2,TAP,0.6038462,0.9858
28816,2,TAP,0.6163462,0.9645
28834,2,TAP,0.6288462,0.8752
28850,2,TAP,0.6423168,0.8892
28850,3,TAP,0.5177848,0.8758
28866,2,TAP,0.6557745,0.8171
28866,3,TAP,0.5298133,1.0000
28883,2,TAP,0.6673077,0.8864
28883,3,TAP,0.5413398,1.0000
28900,2,TAP,0.6812500,0.9986
28900,3,TAP,0.5538406,0.9620
28916,2,TAP,0.6947115,0.9024
28916,3,TAP,0.5653659,0.9984
28933,2,TAP,0.7081967,0.9973
28933,3,TAP,0.5778760,0.9936
28949,2,TAP,0.7216398,1.0000
28949,3,TAP,0.5903815,0.8905
28966,2,TAP,0.7351014,0.9002
28966,3,TAP,0.6019284,0.8906
28984,3,TAP,0.6144284,0.8919
29000,3,TAP,0.6269246,0.8901
29000,3,TAP,0.5052755,0.8765
29016,3,TAP,0.6403915,0.8033
29016,3,TAP,0.5168142,0.8713
29033,3,TAP,0.6528937,0.8837
29033,3,TAP,0.5288303,1.0000
29049,3,TAP,0.6663514,0.8018
29049,3,TAP,0.5403664,1.0000
29066,3,TAP,0.6793363,0.9986
29066,3,TAP,0.5519128,0.8956
29083,3,TAP,0.6927977,0.9986
29083,3,TAP,0.5644059,1.0000
29099,3,TAP,0.7062526,0.9002
29099,3,TAP,0.5759600,1.0000
29116,3,TAP,0.7197167,0.9005
29116,3,TAP,0.5884608,1.0000
29133,3,TAP,0.6009732,0.9857
29149,3,TAP,0.6134724,0.8773
29167,3,TAP,0.6259730,0.8947
29184,3,TAP,0.6394345,0.8897
29184,3,TAP,0.5158654,0.8765
29217,3,TAP,0.6653937,0.8898
29217,3,TAP,0.5394215,0.9250
29233,3,TAP,0.6783654,1.0000
29233,3,TAP,0.5509615,1.0000
29250,3,TAP,0.6918388,0.9007
29250,3,TAP,0.5624976,0.8894
29266,3,TAP,0.7053004,0.9052
29266,3,TAP,0.5750000,1.0000
29283,3,TAP,0.7187565,0.9447
29283,3,TAP,0.5875000,0.8902
29283,3,TAP,0.4687615,0.8465
29299,3,TAP,0.5990477,0.8898
29299,3,TAP,0.4802942,0.9096
29316,3,TAP,0.6115477,0.8898
29316,3,TAP,0.4918156,0.8975
29333,3,TAP,0.6240476,0.8911
29333,3,TAP,0.5033654,0.8765
29349,3,TAP,0.6365415,0.8886
29349,3,TAP,0.5144174,1.0000
29367,3,TAP,0.6500121,0.8895
29367,3,TAP,0.5259672,1.0000
29384,3,TAP,0.6634736,0.8040
29384,3,TAP,0.5375055,0.9935
29416,3,TAP,0.6899171,0.9972
29416,3,TAP,0.5615345,1.0000
29432,3,TAP,0.7033614,1.0000
29432,3,TAP,0.5740307,0.8915
29449,3,TAP,0.7168269,0.9011
29449,3,TAP,0.5855761,0.8840
29466,1,TAP,0.4788462,1.0000
29466,3,TAP,0.7312552,0.9010
29466,3,TAP,0.5980885,1.0000
29483,1,TAP,0.4903789,1.0000
29483,3,TAP,0.6105831,0.9952
29500,1,TAP,0.5018940,1.0000
29500,3,TAP,0.6230884,1.0000
29516,1,TAP,0.5134487,1.0000
29516,3,TAP,0.6365446,0.8908
29533,1,TAP,0.5249761,1.0000
29533,3,TAP,0.6490506,0.8895
29550,1,TAP,0.5365250,1.0000
29550,3,TAP,0.6625121,0.8883
29566,1,TAP,0.5480730,1.0000
29566,3,TAP,0.6750119,0.8040
29583,1,TAP,0.5600920,1.0000
29583,3,TAP,0.6889556,0.9006
29600,1,TAP,0.5721248,1.0000
29600,3,TAP,0.7024078,0.9015
29616,1,TAP,0.5844752,1.0000
29616,3,TAP,0.7158784,0.9787
29632,1,TAP,0.5966415,1.0000
29632,2,UP,0.4764423,0.8162
29632,3,TAP,0.7293334,0.9561
29650,1,TAP,0.6091415,1.0000
29650,2,UP,0.4879808,0.8325
29666,1,TAP,0.6216497,1.0000
29666,2,UP,0.4990385,0.8143
29683,1,TAP,0.6345231,1.0000
29683,2,UP,0.5105769,0.8199
29700,1,TAP,0.6476056,1.0000
29700,2,UP,0.5225962,0.8341
29716,1,TAP,0.6600948,1.0000
29716,2,UP,0.5346154,0.8369
29733,1,TAP,0.6735617,1.0000
29733,2,UP,0.5461538,0.8210
29750,1,TAP,0.6870259,1.0000
29750,2,UP,0.5581731,0.8230
29767,1,TAP,0.7004808,1.0000
29767,2,UP,0.5701923,0.8302
29784,1,TAP,0.7139371,1.0000
29784,2,UP,0.5831731,0.8249
29817,1,TAP,0.4875180,0.9983
29817,2,UP,0.6081731,0.8278
29833,1,TAP,0.4990328,1.0000
29833,2,UP,0.6206731,0.8221
29849,1,TAP,0.5105713,1.0000
29849,2,UP,0.6336538,0.8136
29866,1,TAP,0.5218352,1.0000
29866,2,UP,0.6466346,0.8213
29883,1,TAP,0.5336499,1.0000
29883,2,UP,0.6600962,0.8204
29900,1,TAP,0.5451915,1.0000
29900,2,UP,0.6730769,0.8204
29916,1,TAP,0.5576641,1.0000
29916,2,UP,0.6870192,0.8232
29933,1,TAP,0.5692292,1.0000
29933,2,UP,0.7004808,0.8155
29951,1,TAP,0.5816426,1.0000
29951,2,UP,0.7144231,0.8184
29984,1,TAP,0.6062309,1.0000
29984,2,UP,0.4850962,0.8266
30000,1,TAP,0.6187500,1.0000
30000,2,UP,0.4966346,0.8314
30016,1,TAP,0.6313216,1.0000
30016,2,UP,0.5081731,0.8210
30033,1,TAP,0.6443305,1.0000
30033,2,UP,0.5197115,0.8238
30050,1,TAP,0.6572035,1.0000
30066,1,TAP,0.6706677,1.0000
30083,1,TAP,0.6841081,1.0000
30083,2,UP,0.5552885,0.8258
30100,1,TAP,0.6975909,1.0000
30100,2,UP,0.5673077,0.8134
30116,1,TAP,0.7110249,1.0000
30116,2,UP,0.5802885,0.8297
30133,1,TAP,0.7249947,1.0000
30133,2,UP,0.5923077,0.8325
30150,1,TAP,0.4850154,1.0000
30150,2,UP,0.6048077,0.8241
30167,1,TAP,0.4961547,1.0000
30167,2,UP,0.6177885,0.8249
30183,1,TAP,0.5077003,1.0000
30183,2,UP,0.6307692,0.8184
30200,1,TAP,0.5192212,1.0000
30200,2,UP,0.6437500,0.8184
30216,1,TAP,0.5307621,1.0000
30216,2,UP,0.6567308,0.8155
30233,1,TAP,0.5427743,1.0000
30233,2,UP,0.6701923,0.8117
30250,1,TAP,0.5548030,1.0000
30250,2,UP,0.6836538,0.8193
30266,1,TAP,0.5668255,1.0000
30266,2,UP,0.6971154,0.8184
30283,1,TAP,0.5788462,1.0000
30283,2,UP,0.7110577,0.8213
30300,1,TAP,0.5908709,1.0000
30300,2,UP,0.7250000,0.8241
30316,1,TAP,0.6033558,1.0000
30316,2,UP,0.4826923,0.8322
30333,1,TAP,0.6160855,1.0000
30333,2,UP,0.4937500,0.8302
30350,1,TAP,0.6283708,1.0000
30350,2,UP,0.5057692,0.8314
30366,1,TAP,0.6418067,1.0000
30366,2,UP,0.5168269,0.8266
30383,1,TAP,0.6543149,1.0000
30399,1,TAP,0.6677885,1.0000
30416,1,TAP,0.6811828,1.0000
30416,2,UP,0.5528846,0.8294
30433,1,TAP,0.6942415,1.0000
30433,2,UP,0.5653846,0.8297
30449,1,TAP,0.7081468,1.0000
30449,2,UP,0.5774038,0.8345
30466,1,TAP,0.7216346,1.0000
30466,2,UP,0.5894231,0.8278
30483,1,TAP,0.4826644,1.0000
30483,2,UP,0.6024038,0.8173
30500,1,TAP,0.4941950,1.0000
30500,2,UP,0.6149038,0.8221
30517,1,TAP,0.5057636,1.0000
30517,2,UP,0.6278846,0.8213
30533,1,TAP,0.5168369,1.0000
30533,2,UP,0.6408654,0.8136
30550,1,TAP,0.5283668,1.0000
30550,2,UP,0.6538462,0.8184
30566,1,TAP,0.5403561,1.0000
30566,2,UP,0.6673077,0.8175
30583,1,TAP,0.5519207,1.0000
30583,2,UP,0.6807692,0.8317
30600,1,TAP,0.5639172,0.9986
30600,2,UP,0.6942308,0.8193
30616,1,TAP,0.5759569,1.0000
30616,2,UP,0.7081731,0.8213
30632,1,TAP,0.5884413,1.0000
30632,2,UP,0.7221154,0.8213
30649,1,TAP,0.6004987,1.0000
30649,2,UP,0.7360577,0.8317
30649,2,UP,0.4798077,0.8143
30667,1,TAP,0.6129835,1.0000
30667,2,UP,0.4918269,0.8286
30683,1,TAP,0.6259486,1.0000
30683,2,UP,0.5028846,0.8266
30700,1,TAP,0.6389491,1.0000
30700,2,UP,0.5144231,0.8266
30716,1,TAP,0.6514611,1.0000
30733,1,TAP,0.6649092,1.0000
30750,1,TAP,0.6778900,1.0000
30750,2,UP,0.5504808,0.8297
30766,1,TAP,0.6913557,1.0000
30766,2,UP,0.5620192,0.8258
30783,1,TAP,0.7048130,1.0000
30783,2,UP,0.5745192,0.8184
30800,1,TAP,0.7182745,1.0000
30800,2,UP,0.5870192,0.8317
30816,1,TAP,0.4799025,1.0000
30816,2,UP,0.5995192,0.8193
30834,1,TAP,0.4909635,1.0000
30834,2,UP,0.6120192,0.8193
30850,1,TAP,0.5028903,1.0000
30850,2,UP,0.6250000,0.8213
30866,1,TAP,0.5144287,1.0000
30866,2,UP,0.6379808,0.8252
30883,1,TAP,0.5259551,1.0000
30883,2,UP,0.6509615,0.8184
30900,1,TAP,0.5374842,1.0000
30900,2,UP,0.6639423,0.8193
30917,1,TAP,0.5490464,1.0000
30917,2,UP,0.6778846,0.8261
30933,1,TAP,0.5614122,1.0000
30933,2,UP,0.6913462,0.8337
30950,1,TAP,0.5730605,1.0000
30950,2,UP,0.7048077,0.8241
30967,1,TAP,0.5855715,1.0000
30967,2,UP,0.7187500,0.8241
30983,1,TAP,0.5976085,1.0000
30983,2,DOWN,0.4778846,0.8057
31000,1,TAP,0.6105277,1.0000
31000,2,DOWN,0.4889423,0.8227
31017,1,TAP,0.6229796,1.0000
31017,2,DOWN,0.5000000,0.8255
31033,1,TAP,0.6360591,1.0000
31033,2,DOWN,0.5120192,0.8171
31050,1,TAP,0.6485711,1.0000
31066,1,TAP,0.6620327,1.0000
31083,1,TAP,0.6749855,1.0000
31083,2,DOWN,0.5471154,0.8227
31100,1,TAP,0.6884272,1.0000
31100,2,DOWN,0.5591346,0.8282
31117,1,TAP,0.7019165,1.0000
31117,2,DOWN,0.5716346,0.8171
31133,1,TAP,0.7153946,1.0000
31133,2,DOWN,0.5841346,0.8216
31150,1,TAP,0.7288656,1.0000
31150,2,DOWN,0.5961538,0.8227
31150,3,UP,0.4769231,0.9749
31167,2,DOWN,0.6091346,0.8302
31167,3,UP,0.4879808,0.9535
31184,2,DOWN,0.6221154,0.8115
31184,3,UP,0.4990385,0.9420
31217,2,DOWN,0.6480769,0.8095
31217,3,UP,0.5225962,0.9469
31233,2,DOWN,0.6610577,0.8255
31233,3,UP,0.5341346,0.9263
31249,2,DOWN,0.6740385,0.8171
31249,3,UP,0.5461538,0.9281
31266,2,DOWN,0.6879808,0.8143
31266,3,UP,0.5581731,0.9249
31283,2,DOWN,0.7019231,0.8104
31283,3,UP,0.5701923,0.9116
31299,2,DOWN,0.7158654,0.8271
31299,3,UP,0.5826923,0.9049
31317,2,DOWN,0.7293269,0.8337
31317,2,TAP,0.4764330,1.0000
31317,3,UP,0.5951923,0.9007
31333,2,TAP,0.4874573,1.0000
31333,3,UP,0.6076923,0.9057
31350,2,TAP,0.4990328,1.0000
31350,3,UP,0.6206731,0.8852
31366,2,TAP,0.5105769,1.0000
31366,3,UP,0.6331731,0.8779
31383,2,TAP,0.5217068,1.0000
31383,3,UP,0.6461538,0.8800
31400,2,TAP,0.5336594,1.0000
31400,3,UP,0.6596154,0.8483
31416,2,TAP,0.5451852,1.0000
31416,3,UP,0.6730769,0.8747
31433,2,TAP,0.5573514,1.0000
31433,3,UP,0.6870192,0.8551
31450,2,TAP,0.5692308,1.0000
31450,3,UP,0.7000000,0.8626
31466,2,TAP,0.5816617,0.9953
31466,3,UP,0.7144231,0.8531
31483,1,TAP,0.4749934,1.0000
31483,2,TAP,0.5937610,1.0000
31483,3,UP,0.7283654,0.8476
31500,1,TAP,0.4865312,1.0000
31500,2,TAP,0.6062486,1.0000
31516,1,TAP,0.4979843,1.0000
31516,2,TAP,0.6187486,1.0000
31533,1,TAP,0.5091749,1.0000
31533,2,TAP,0.6312582,1.0000
31551,1,TAP,0.5206731,1.0000
31551,2,TAP,0.6447358,1.0000
31567,1,TAP,0.5322130,1.0000
31567,2,TAP,0.6572196,1.0000
31583,1,TAP,0.5442102,1.0000
31583,2,TAP,0.6706731,1.0000
31599,1,TAP,0.5557504,1.0000
31599,2,TAP,0.6841081,1.0000
31616,1,TAP,0.5679117,1.0000
31616,2,TAP,0.6971397,1.0000
31633,1,TAP,0.5798823,1.0000
31633,2,TAP,0.7110421,1.0000
31650,1,TAP,0.5923061,1.0000
31650,2,TAP,0.7250053,1.0000
31667,1,TAP,0.6048062,1.0000
31667,2,DOWN,0.4836538,0.8188
31683,1,TAP,0.6177625,1.0000
31683,2,DOWN,0.4951923,0.8199
31700,1,TAP,0.6302762,1.0000
31700,2,DOWN,0.5067308,0.8227
31716,1,TAP,0.6427885,1.0000
31716,2,DOWN,0.5182692,0.8282
31734,1,TAP,0.6562245,1.0000
31734,2,DOWN,0.5298077,0.8171
31750,1,TAP,0.6687500,1.0000
31750,2,DOWN,0.5418269,0.8208
31766,1,TAP,0.6822115,1.0000
31766,2,DOWN,0.5538462,0.8219
31783,1,TAP,0.6956731,1.0000
31783,2,DOWN,0.5663462,0.8255
31800,1,TAP,0.7096154,1.0000
31800,2,DOWN,0.5783654,0.8266
31816,1,TAP,0.7230675,1.0000
31816,2,DOWN,0.5908654,0.8244
31833,2,DOWN,0.6028846,0.8227
31833,3,UP,0.4826923,0.9658
31850,2,DOWN,0.6158654,0.8322
31850,3,UP,0.4937500,0.9615
31867,2,DOWN,0.6288462,0.8294
31867,3,UP,0.5057692,0.9343
31883,2,DOWN,0.6418269,0.8199
31883,3,UP,0.5168269,0.9284
31899,2,DOWN,0.6548077,0.8219
31899,3,UP,0.5288462,0.9393
31916,2,DOWN,0.6682692,0.8199
31916,3,UP,0.5403846,0.9374
31933,2,DOWN,0.6817308,0.8199
31933,3,UP,0.5524038,0.9287
31950,2,DOWN,0.6956731,0.8171
31950,3,UP,0.5649038,0.9133
31967,2,DOWN,0.7091346,0.8282
31967,3,UP,0.5774038,0.9116
31984,2,DOWN,0.7230769,0.8337
31984,3,UP,0.5894231,0.9206
32000,2,TAP,0.4826487,1.0000
32000,3,UP,0.6019231,0.9065
32016,2,TAP,0.4941525,1.0000
32016,3,UP,0.6149038,0.9019
32033,2,TAP,0.5047770,0.9950
32033,3,UP,0.6278846,0.8894
32050,2,TAP,0.5163462,1.0000
32050,3,UP,0.6408654,0.8946
32066,2,TAP,0.5283968,1.0000
32066,3,UP,0.6538462,0.8832
32082,2,TAP,0.5403838,1.0000
32082,3,UP,0.6668269,0.8605
32099,2,TAP,0.5519183,1.0000
32099,3,UP,0.6807692,0.8659
32116,2,TAP,0.5639339,0.9985
32116,3,UP,0.6942308,0.8738
32133,2,TAP,0.5759584,1.0000
32133,3,UP,0.7081731,0.8640
32151,2,TAP,0.5884408,1.0000
32151,3,UP,0.7221154,0.8605
32167,2,TAP,0.6006111,1.0000
32167,3,UP,0.4798077,0.9636
32183,2,TAP,0.6129987,1.0000
32183,3,UP,0.4918269,0.9581
32200,2,TAP,0.6254808,1.0000
32200,3,UP,0.5028846,0.9491
32216,2,TAP,0.6389409,1.0000
32216,3,UP,0.5144231,0.9539
32234,2,TAP,0.6514423,1.0000
32250,2,TAP,0.6648905,1.0000
32267,2,TAP,0.6778846,1.0000
32267,3,UP,0.5500000,0.9188
32283,2,TAP,0.6913414,1.0000
32283,3,UP,0.5620192,0.9188
32300,2,TAP,0.7048024,0.9976
32300,3,UP,0.5745192,0.9040
32316,2,TAP,0.7182721,1.0000
32316,3,UP,0.5870192,0.9231
32333,2,TAP,0.4798364,1.0000
32333,3,UP,0.5990385,0.9049
32351,2,TAP,0.4913112,1.0000
32351,3,UP,0.6120192,0.8946
32367,2,TAP,0.5028903,1.0000
32367,3,UP,0.6250000,0.8894
32383,2,TAP,0.5144231,1.0000
32383,3,UP,0.6379808,0.8925
32399,2,TAP,0.5259726,1.0000
32399,3,UP,0.6509615,0.8759
32416,2,TAP,0.5375000,1.0000
32416,3,UP,0.6639423,0.8738
32433,2,TAP,0.5490385,1.0000
32433,3,UP,0.6774038,0.8545
32450,2,TAP,0.5615102,1.0000
32450,3,UP,0.6908654,0.8518
32467,2,TAP,0.5730769,1.0000
32467,3,UP,0.7048077,0.8726
32484,2,TAP,0.5855600,1.0000
32484,3,UP,0.7187500,0.8525
32517,1,TAP,0.4903353,1.0000
32517,2,TAP,0.6100962,1.0000
32533,1,TAP,0.5019085,1.0000
32533,2,TAP,0.6228784,1.0000
32550,1,TAP,0.5125169,1.0000
32550,2,TAP,0.6360617,1.0000
32567,1,TAP,0.5245235,1.0000
32567,2,TAP,0.6485577,1.0000
32584,1,TAP,0.5360747,1.0000
32584,2,TAP,0.6620192,1.0000
32615,1,TAP,0.5600836,1.0000
32615,2,TAP,0.6883676,1.0000
32632,1,TAP,0.5721209,1.0000
32632,2,TAP,0.7019142,1.0000
32649,1,TAP,0.5841249,1.0000
32649,2,TAP,0.7153846,1.0000
32666,1,TAP,0.5966263,1.0000
32666,2,TAP,0.7288942,1.0000
32666,3,TAP,0.4778296,1.0000
32683,1,TAP,0.6091305,1.0000
32683,3,TAP,0.4884615,1.0000
32699,1,TAP,0.6216400,1.0000
32699,3,TAP,0.4999894,1.0000
32716,1,TAP,0.6341224,1.0000
32716,3,TAP,0.5115126,1.0000
32733,1,TAP,0.6475921,1.0000
32733,3,TAP,0.5230665,1.0000
32750,1,TAP,0.6601083,1.0000
32750,3,TAP,0.5346193,1.0000
32767,1,TAP,0.6735763,1.0000
32767,3,TAP,0.5466757,1.0000
32783,1,TAP,0.6865534,1.0000
32783,3,TAP,0.5586538,1.0000
32800,1,TAP,0.7004651,1.0000
32800,3,TAP,0.5707195,1.0000
32816,1,TAP,0.7134816,1.0000
32816,3,TAP,0.5826619,1.0000
32833,1,TAP,0.7278729,1.0000
32833,2,UP,0.4750000,0.8396
32833,3,TAP,0.5951868,1.0000
32850,2,UP,0.4860577,0.8182
32850,3,TAP,0.6076454,1.0000
32866,2,UP,0.4975962,0.8286
32866,3,TAP,0.6201923,1.0000
32883,2,UP,0.5096154,0.8361
32883,3,TAP,0.6331609,1.0000
32899,2,UP,0.5211538,0.8361
32899,3,TAP,0.6456731,1.0000
32899,3,TAP,0.4139423,1.0000
32916,2,UP,0.5326923,0.8305
32916,3,TAP,0.6591292,1.0000
32933,2,UP,0.5447115,0.8258
32933,3,TAP,0.6716306,1.0000
32950,2,UP,0.5567308,0.8274
32950,3,TAP,0.6850962,1.0000
32967,2,UP,0.5687500,0.8201
32967,3,TAP,0.6985630,1.0000
32983,2,UP,0.5812500,0.8297
32983,3,TAP,0.7125041,1.0000
32999,2,UP,0.5932692,0.8210
32999,3,TAP,0.7259615,1.0000
32999,3,TAP,0.4749668,1.0000
33016,2,UP,0.6062500,0.8201
33016,3,TAP,0.4864133,0.9918
33033,2,UP,0.6187500,0.8230
33033,3,TAP,0.4974753,1.0000
33049,2,UP,0.6317308,0.8241
33049,3,TAP,0.5089367,1.0000
33066,2,UP,0.6447115,0.8184
33066,3,TAP,0.5201636,1.0000
33084,2,UP,0.6581731,0.8193
33084,3,TAP,0.5322087,1.0000
33100,2,UP,0.6711538,0.8088
33100,3,TAP,0.5442268,1.0000
33116,2,UP,0.6850962,0.8204
33116,3,TAP,0.5557684,1.0000
33133,2,UP,0.6990385,0.8281
33133,3,TAP,0.5677857,1.0000
33151,2,UP,0.7120192,0.8127
33151,3,TAP,0.5798077,1.0000
33184,3,TAP,0.6048023,1.0000
33200,3,TAP,0.6173077,1.0000
33216,3,TAP,0.6302830,1.0000
33233,1,DOWN,0.5177885,0.7650
33233,3,TAP,0.6427885,1.0000
33250,1,DOWN,0.5298077,0.7742
33250,3,TAP,0.6557650,1.0000
33266,1,DOWN,0.5418269,0.7667
33266,3,TAP,0.6687447,1.0000
33283,1,DOWN,0.5538462,0.7917
33283,3,TAP,0.6822115,1.0000
33300,1,DOWN,0.5663462,0.7681
33300,3,TAP,0.6956665,1.0000
33316,1,DOWN,0.5783654,0.7898
33316,3,TAP,0.7091346,1.0000
33333,1,DOWN,0.5908654,0.7818
33333,3,TAP,0.7230787,1.0000
33350,1,DOWN,0.6028846,0.8102
33350,2,TAP,0.4836506,1.0000
33366,1,DOWN,0.6158654,0.8028
33366,2,TAP,0.4951464,1.0000
33384,1,DOWN,0.6288462,0.8349
33384,2,TAP,0.5066963,1.0000
33400,1,DOWN,0.6418269,0.8112
33400,2,TAP,0.5182293,1.0000
33416,1,DOWN,0.6548077,0.8159
33416,2,TAP,0.5297287,1.0000
33433,1,DOWN,0.6682692,0.8255
33433,2,TAP,0.5413328,1.0000
33450,1,DOWN,0.6817308,0.8337
33450,2,TAP,0.5528729,1.0000
33466,1,DOWN,0.6956731,0.8113
33466,2,TAP,0.5653573,1.0000
33483,1,DOWN,0.7091346,0.8436
33483,2,TAP,0.5774011,1.0000
33500,1,DOWN,0.7230769,0.8463
33500,2,TAP,0.5894177,1.0000
33516,2,TAP,0.6018987,1.0000
33516,3,UP,0.4812500,0.9611
33533,2,TAP,0.6143965,1.0000
33533,3,UP,0.4927885,0.9707
33550,2,TAP,0.6274025,1.0000
33550,3,UP,0.5038462,0.9491
33566,2,TAP,0.6399226,1.0000
33566,3,UP,0.5158654,0.9306
33584,2,TAP,0.6528743,1.0000
33584,3,UP,0.5274038,0.9447
33600,2,TAP,0.6658654,1.0000
33600,3,UP,0.5394231,0.9420
33617,2,TAP,0.6793269,1.0000
33617,3,UP,0.5514423,0.9281
33633,2,TAP,0.6926906,1.0000
33633,3,UP,0.5634615,0.9019
33649,2,TAP,0.7057963,1.0000
33649,3,UP,0.5754808,0.9095
33666,2,TAP,0.7197076,1.0000
33666,3,UP,0.5879808,0.9002
33683,2,TAP,0.4808991,1.0000
33683,3,UP,0.6004808,0.8946
33700,2,TAP,0.4923077,1.0000
33700,3,UP,0.6129808,0.8899
33716,2,TAP,0.5038462,1.0000
33716,3,UP,0.6259615,0.8847
33733,2,TAP,0.5153846,1.0000
33733,3,UP,0.6389423,0.8847
33749,2,TAP,0.5268869,0.9951
33749,3,UP,0.6519231,0.8806
33766,2,TAP,0.5384671,1.0000
33766,3,UP,0.6653846,0.8759
33782,2,TAP,0.5504808,1.0000
33782,3,UP,0.6788462,0.8612
33800,2,TAP,0.5624842,0.9967
33800,3,UP,0.6923077,0.8712
33816,2,TAP,0.5745192,1.0000
33816,3,UP,0.7062500,0.8544
33833,2,TAP,0.5870220,1.0000
33833,3,UP,0.7201923,0.8538
33850,2,TAP,0.5990439,1.0000
33866,2,TAP,0.6115385,1.0000
33883,2,TAP,0.6245192,1.0000
33883,3,LEFT,0.5009615,0.9122
33900,2,TAP,0.6370301,1.0000
33916,2,TAP,0.6499890,1.0000
33933,2,TAP,0.6629861,1.0000
33950,2,TAP,0.6764157,1.0000
33950,3,LEFT,0.5485577,0.9113
33966,2,TAP,0.6894563,1.0000
33966,3,LEFT,0.5605769,0.9136
33983,2,TAP,0.7028923,1.0000
33983,3,LEFT,0.5725962,0.9291
34000,2,TAP,0.7168204,1.0000
34000,3,LEFT,0.5850962,0.9181
34017,2,TAP,0.7307704,1.0000
34017,2,TAP,0.4788462,1.0000
34017,3,LEFT,0.5975962,0.9158
34033,2,TAP,0.4898891,1.0000
34033,3,LEFT,0.6100962,0.9132
34050,2,TAP,0.5009672,1.0000
34050,3,LEFT,0.6230769,0.9181
34066,2,TAP,0.5125000,1.0000
34066,3,LEFT,0.6360577,0.9204
34083,2,TAP,0.5240425,1.0000
34083,3,LEFT,0.6490385,0.9280
34100,2,TAP,0.5355825,1.0000
34100,3,LEFT,0.6620192,0.9200
34117,2,TAP,0.5475962,1.0000
34117,3,LEFT,0.6754808,0.9173
34133,2,TAP,0.5596154,1.0000
34133,3,LEFT,0.6889423,0.9273
34150,2,TAP,0.5716346,1.0000
34150,3,LEFT,0.7028846,0.9373
34167,2,TAP,0.5841388,1.0000
34167,3,LEFT,0.7163462,0.9415
34184,2,TAP,0.5961538,1.0000
34184,3,LEFT,0.7302885,0.9320
34200,2,TAP,0.6086217,1.0000
34217,2,TAP,0.6216223,1.0000
34233,1,DOWN,0.5100962,0.7699
34233,2,TAP,0.6341333,1.0000
34250,2,TAP,0.6466657,1.0000
34266,1,DOWN,0.5336538,0.7860
34266,2,TAP,0.6600962,1.0000
34283,1,DOWN,0.5456731,0.7678
34283,2,TAP,0.6734278,1.0000
34299,1,DOWN,0.5576923,0.7824
34299,2,TAP,0.6865385,1.0000
34317,1,DOWN,0.5697115,0.7635
34317,2,TAP,0.6999870,1.0000
34333,1,DOWN,0.5822115,0.8055
34333,2,TAP,0.7134721,1.0000
34350,1,DOWN,0.5947115,0.7862
34350,2,TAP,0.7273806,1.0000
34350,2,TAP,0.4759762,1.0000
34367,1,DOWN,0.6072115,0.7953
34367,2,TAP,0.4875032,1.0000
34384,1,DOWN,0.6201923,0.8103
34384,2,TAP,0.4990143,1.0000
34417,1,DOWN,0.6461538,0.7953
34417,2,TAP,0.5220985,1.0000
34433,1,DOWN,0.6591346,0.8306
34433,2,TAP,0.5335408,1.0000
34449,1,DOWN,0.6721154,0.8419
34449,2,TAP,0.5451986,1.0000
34466,1,DOWN,0.6860577,0.8278
34466,2,TAP,0.5567316,1.0000
34483,1,DOWN,0.7000000,0.8322
34483,2,TAP,0.5692221,1.0000
34499,1,DOWN,0.7139423,0.8349
34499,2,TAP,0.5812376,1.0000
34517,1,DOWN,0.7278846,0.8318
34517,2,TAP,0.5937514,1.0000
34533,2,TAP,0.6062350,1.0000
34533,3,UP,0.4846154,0.9539
34550,2,TAP,0.6187527,1.0000
34550,3,UP,0.4966346,0.9607
34566,2,TAP,0.6312622,1.0000
34566,3,UP,0.5076923,0.9374
34583,2,TAP,0.6437715,1.0000
34583,3,UP,0.5197115,0.9561
34600,2,TAP,0.6572209,1.0000
34600,3,UP,0.5312500,0.9539
34617,2,TAP,0.6702238,1.0000
34617,3,UP,0.5432692,0.9163
34633,2,TAP,0.6831664,1.0000
34633,3,UP,0.5552885,0.9202
34649,2,TAP,0.6971196,1.0000
34649,3,UP,0.5673077,0.9091
34666,2,TAP,0.7105834,1.0000
34666,3,UP,0.5793269,0.9171
34683,2,TAP,0.7240385,1.0000
34683,3,UP,0.5923077,0.9007
34700,2,TAP,0.4846170,1.0000
34700,3,UP,0.6043269,0.9116
34717,2,TAP,0.4961353,1.0000
34717,3,UP,0.6173077,0.9044
34734,2,TAP,0.5076786,1.0000
34734,3,UP,0.6302885,0.8894
34751,2,TAP,0.5192020,1.0000
34751,3,UP,0.6432692,0.8768
34783,2,TAP,0.5423022,1.0000
34783,3,UP,0.6701923,0.8720
34799,2,TAP,0.5543467,1.0000
34799,3,UP,0.6831731,0.8706
34816,2,TAP,0.5663383,1.0000
34816,3,UP,0.6971154,0.8585
34833,2,TAP,0.5783917,1.0000
34833,3,UP,0.7110577,0.8438
34850,2,TAP,0.5908681,1.0000
34850,3,UP,0.7250000,0.8376
34866,2,TAP,0.6033626,1.0000
34866,3,UP,0.4822115,0.9495
34883,2,TAP,0.6158709,1.0000
34883,3,UP,0.4937500,0.9513
34900,2,TAP,0.6283845,1.0000
34900,3,UP,0.5052885,0.9444
34916,2,TAP,0.6408804,1.0000
34916,3,UP,0.5168269,0.9444
34934,2,TAP,0.6543269,1.0000
34950,2,TAP,0.6673077,1.0000
34966,2,TAP,0.6807692,1.0000
34966,3,UP,0.5524038,0.9108
34983,2,TAP,0.6937715,1.0000
34983,3,UP,0.5644231,0.9049
34999,2,TAP,0.7075217,1.0000
34999,3,UP,0.5769231,0.9078
35016,2,TAP,0.7211538,1.0000
35016,3,UP,0.5894231,0.9206
35033,2,TAP,0.4826601,1.0000
35033,3,UP,0.6019231,0.9040
35050,2,TAP,0.4932757,1.0000
35050,3,UP,0.6144231,0.8946
35067,2,TAP,0.5047676,1.0000
35067,3,UP,0.6269231,0.8899
35083,2,TAP,0.5162544,0.9935
35083,3,UP,0.6403846,0.8768
35099,2,TAP,0.5279061,1.0000
35099,3,UP,0.6533654,0.8759
35116,2,TAP,0.5401198,1.0000
35116,3,UP,0.6668269,0.8806
35134,2,TAP,0.5519183,1.0000
35134,3,UP,0.6802885,0.8592
35150,2,TAP,0.5639409,1.0000
35150,3,UP,0.6937500,0.8571
35166,2,TAP,0.5759545,1.0000
35166,3,UP,0.7076923,0.8726
35183,2,TAP,0.5879959,1.0000
35183,3,UP,0.7211538,0.8531
35200,2,TAP,0.6004959,1.0000
35216,2,TAP,0.6129863,1.0000
35234,2,TAP,0.6254808,1.0000
35250,1,DOWN,0.5139423,0.7731
35250,2,TAP,0.6383191,1.0000
35266,1,DOWN,0.5254808,0.7749
35266,2,TAP,0.6514463,1.0000
35283,1,DOWN,0.5375000,0.7814
35283,2,TAP,0.6639623,1.0000
35299,1,DOWN,0.5495192,0.7639
35299,2,TAP,0.6774038,1.0000
35316,1,DOWN,0.5615385,0.7840
35316,2,TAP,0.6908654,1.0000
35333,1,DOWN,0.5740385,0.7798
35333,2,TAP,0.7043362,1.0000
35350,1,DOWN,0.5860577,0.7908
35350,2,TAP,0.7182745,1.0000
35367,1,DOWN,0.5990385,0.8064
35367,3,TAP,0.4797927,1.0000
35384,1,DOWN,0.6110577,0.8169
35384,3,TAP,0.4910379,1.0000
35400,1,DOWN,0.6240385,0.8131
35400,3,TAP,0.5025616,1.0000
35416,1,DOWN,0.6370192,0.8083
35416,3,TAP,0.5139307,1.0000
35433,1,DOWN,0.6500000,0.8322
35433,3,TAP,0.5254679,1.0000
35450,1,DOWN,0.6639423,0.8186
35450,3,TAP,0.5370978,1.0000
35466,1,DOWN,0.6769231,0.8349
35466,3,TAP,0.5490156,1.0000
35483,1,DOWN,0.6908654,0.8258
35483,3,TAP,0.5610266,1.0000
35499,1,DOWN,0.7043269,0.8322
35499,3,TAP,0.5730252,1.0000
35516,1,DOWN,0.7182692,0.8274
35516,3,TAP,0.5850892,1.0000
35533,2,DOWN,0.4769231,0.8132
35533,3,TAP,0.5976017,1.0000
35550,2,DOWN,0.4884615,0.8216
35550,3,TAP,0.6100989,1.0000
35567,2,DOWN,0.4995192,0.8282
35567,3,TAP,0.6226030,1.0000
35583,2,DOWN,0.5115385,0.8255
35583,3,TAP,0.6351733,1.0000
35600,2,DOWN,0.5235577,0.8160
35600,3,TAP,0.6485698,1.0000
35616,2,DOWN,0.5346154,0.8246
35616,3,TAP,0.6610671,1.0000
35633,2,DOWN,0.5466346,0.8282
35633,3,TAP,0.6745206,1.0000
35649,2,DOWN,0.5591346,0.8244
35649,3,TAP,0.6879940,1.0000
35666,2,DOWN,0.5711538,0.8282
35666,3,TAP,0.7013903,1.0000
35683,2,DOWN,0.5831731,0.8219
35683,3,TAP,0.7149221,1.0000
35699,1,TAP,0.4769903,1.0000
35699,2,DOWN,0.5961538,0.8171
35699,3,TAP,0.7288165,0.9976
35716,1,TAP,0.4884309,1.0000
35716,2,DOWN,0.6081731,0.8266
35733,1,TAP,0.4999878,1.0000
35733,2,DOWN,0.6211538,0.8246
35750,1,TAP,0.5115256,1.0000
35750,2,DOWN,0.6341346,0.8199
35767,1,TAP,0.5230546,1.0000
35767,2,DOWN,0.6471154,0.8219
35783,1,TAP,0.5345916,1.0000
35783,2,DOWN,0.6605769,0.8180
35799,1,TAP,0.5461594,1.0000
35799,2,DOWN,0.6740385,0.8152
35816,1,TAP,0.5581745,0.9985
35816,2,DOWN,0.6870192,0.8115
35833,1,TAP,0.5701947,1.0000
35833,2,DOWN,0.7009615,0.8152
35849,1,TAP,0.5822129,1.0000
35849,2,DOWN,0.7149038,0.8310
35867,1,TAP,0.5947102,1.0000
35867,2,DOWN,0.7293269,0.8160
35867,3,DOWN,0.4745192,0.8930
35883,1,TAP,0.6071978,1.0000
35883,3,DOWN,0.4860577,0.8832
35899,1,TAP,0.6197061,1.0000
35899,3,DOWN,0.4971154,0.8884
35916,1,TAP,0.6323249,1.0000
35916,3,DOWN,0.5086538,0.8868
35933,1,TAP,0.6456268,1.0000
35933,3,DOWN,0.5206731,0.8899
35950,1,TAP,0.6581677,1.0000
35950,3,DOWN,0.5322115,0.8889
35967,1,TAP,0.6716093,1.0000
35967,3,DOWN,0.5442308,0.8598
35983,1,TAP,0.6850962,1.0000
35983,3,DOWN,0.5562500,0.8624
35999,1,TAP,0.6980918,1.0000
35999,3,DOWN,0.5682692,0.8664
36016,1,TAP,0.7119141,1.0000
36016,3,DOWN,0.5802885,0.8736
36033,1,TAP,0.7254873,1.0000
36033,3,DOWN,0.5932692,0.8558
36050,2,TAP,0.4855761,1.0000
36050,3,DOWN,0.6057692,0.8636
36067,2,TAP,0.4971025,1.0000
36067,3,DOWN,0.6182692,0.8492
36083,2,TAP,0.5086177,1.0000
36083,3,DOWN,0.6312500,0.8558
36099,2,TAP,0.5201755,1.0000
36099,3,DOWN,0.6442308,0.8492
36116,2,TAP,0.5317339,1.0000
36116,3,DOWN,0.6576923,0.8314
36133,2,TAP,0.5432915,1.0000
36133,3,DOWN,0.6711538,0.8056
36149,2,TAP,0.5553054,1.0000
36149,3,DOWN,0.6846154,0.8227
36167,2,TAP,0.5677857,1.0000
36167,3,DOWN,0.6980769,0.7887
36183,2,TAP,0.5798240,1.0000
36183,3,DOWN,0.7120192,0.8150
36199,2,TAP,0.5918407,1.0000
36199,3,DOWN,0.7259615,0.7820
36216,1,TAP,0.4845990,0.9983
36216,2,TAP,0.6043187,1.0000
36233,2,TAP,0.6168881,1.0000
36250,1,TAP,0.5075713,1.0000
36250,2,TAP,0.6293269,1.0000
36267,1,TAP,0.5192053,1.0000
36267,2,TAP,0.6427952,1.0000
36284,1,TAP,0.5307692,1.0000
36284,2,TAP,0.6552885,1.0000
36316,1,TAP,0.5538462,1.0000
36316,2,TAP,0.6817471,1.0000
36333,1,TAP,0.5663320,1.0000
36333,2,TAP,0.6951899,1.0000
36351,1,TAP,0.5783598,1.0000
36351,2,TAP,0.7086846,1.0000
36367,1,TAP,0.5908709,1.0000
36367,2,TAP,0.7225446,1.0000
36383,1,TAP,0.6028487,0.9984
36383,3,UP,0.4822115,0.9543
36399,1,TAP,0.6153846,1.0000
36399,3,UP,0.4937500,0.9726
36417,1,TAP,0.6283613,1.0000
36417,3,UP,0.5048077,0.9281
36433,1,TAP,0.6408749,1.0000
36433,3,UP,0.5168269,0.9464
36450,1,TAP,0.6542830,1.0000
36450,3,UP,0.5283654,0.9493
36467,1,TAP,0.6668417,1.0000
36467,3,UP,0.5403846,0.9444
36483,1,TAP,0.6802938,1.0000
36483,3,UP,0.5524038,0.9352
36500,1,TAP,0.6937487,1.0000
36500,3,UP,0.5644231,0.8993
36516,1,TAP,0.7071918,1.0000
36516,3,UP,0.5764423,0.9032
36533,1,TAP,0.7211166,1.0000
36533,3,UP,0.5889423,0.9234
36550,1,TAP,0.4820471,1.0000
36550,3,UP,0.6014423,0.8977
36566,1,TAP,0.4933351,1.0000
36566,3,UP,0.6139423,0.8930
36583,1,TAP,0.5048134,1.0000
36583,3,UP,0.6269231,0.8894
36600,1,TAP,0.5163198,1.0000
36600,3,UP,0.6399038,0.8779
36616,1,TAP,0.5278727,1.0000
36616,3,UP,0.6528846,0.8759
36633,1,TAP,0.5397043,1.0000
36633,3,UP,0.6663462,0.8726
36649,1,TAP,0.5514297,0.9985
36649,3,UP,0.6802885,0.8578
36666,1,TAP,0.5634226,0.9984
36666,3,UP,0.6937500,0.8665
36683,1,TAP,0.5754739,0.9929
36683,3,UP,0.7072115,0.8544
36700,1,TAP,0.5879175,1.0000
36700,3,UP,0.7211538,0.8544
36717,1,TAP,0.6000146,1.0000
36717,3,UP,0.4798077,0.9682
36733,1,TAP,0.6129876,1.0000
36733,3,UP,0.4908654,0.9423
36750,1,TAP,0.6254971,1.0000
36750,3,UP,0.5024038,0.9563
36766,1,TAP,0.6379930,1.0000
36766,3,UP,0.5139423,0.9417
36783,1,TAP,0.6514490,1.0000
36800,1,TAP,0.6639544,1.0000
36816,1,TAP,0.6773841,1.0000
36816,3,UP,0.5495192,0.9284
36833,1,TAP,0.6908746,1.0000
36833,3,UP,0.5615385,0.9023
36850,1,TAP,0.7043362,1.0000
36850,3,UP,0.5740385,0.9103
36866,1,TAP,0.7177833,1.0000
36866,3,UP,0.5860577,0.9091
36883,1,TAP,0.7317418,1.0000
36883,1,TAP,0.4797856,1.0000
36883,3,UP,0.5990385,0.9091
36900,1,TAP,0.4911991,1.0000
36900,3,UP,0.6110577,0.8852
36917,1,TAP,0.5019231,1.0000
36917,3,UP,0.6240385,0.8873
36933,1,TAP,0.5134559,1.0000
36933,3,UP,0.6370192,0.8873
36950,1,TAP,0.5249968,1.0000
36950,3,UP,0.6500000,0.8718
36967,1,TAP,0.5369967,1.0000
36967,3,UP,0.6634615,0.8679
36983,1,TAP,0.5489999,1.0000
36983,3,UP,0.6769231,0.8585
37000,1,TAP,0.5605746,1.0000
37000,3,UP,0.6908654,0.8665
37016,1,TAP,0.5730513,1.0000
37016,3,UP,0.7043269,0.8531
37032,1,TAP,0.5850892,1.0000
37032,3,UP,0.7182692,0.8483
37049,1,TAP,0.5975975,1.0000
37049,3,UP,0.4769231,0.9591
37067,1,TAP,0.6100866,1.0000
37067,3,UP,0.4884615,0.9655
37083,1,TAP,0.6226043,1.0000
37083,3,UP,0.5000000,0.9466
37100,1,TAP,0.6351056,1.0000
37100,3,UP,0.5115385,0.9539
37116,1,TAP,0.6480812,1.0000
37133,1,TAP,0.6610711,1.0000
37149,1,TAP,0.6745272,1.0000
37149,3,UP,0.5466346,0.9163
37166,1,TAP,0.6879742,1.0000
37166,3,UP,0.5586538,0.9163
37183,1,TAP,0.7010085,1.0000
37183,3,UP,0.5711538,0.9184
37201,1,TAP,0.7148779,1.0000
37201,3,UP,0.5831731,0.8977
37217,1,TAP,0.7288585,1.0000
37217,1,TAP,0.4769157,1.0000
37217,3,UP,0.5961538,0.9023
37233,1,TAP,0.4884542,1.0000
37233,3,UP,0.6086538,0.9099
37250,1,TAP,0.4999583,1.0000
37250,3,UP,0.6211538,0.8800
37266,1,TAP,0.5115328,1.0000
37266,3,UP,0.6341346,0.8806
37283,1,TAP,0.5227932,1.0000
37283,3,UP,0.6471154,0.8899
37300,1,TAP,0.5346209,1.0000
37300,3,UP,0.6605769,0.8645
37317,1,TAP,0.5461499,1.0000
37317,3,UP,0.6740385,0.8747
37333,1,TAP,0.5576993,1.0000
37333,3,UP,0.6879808,0.8498
37349,1,TAP,0.5701782,1.0000
37349,3,UP,0.7009615,0.8465
37366,1,TAP,0.5821908,0.9971
37366,3,UP,0.7149038,0.8571
37383,1,TAP,0.5947032,1.0000
37383,3,UP,0.7288462,0.8411
37383,3,UP,0.4745192,0.9517
37400,1,TAP,0.6072047,1.0000
37400,3,UP,0.4860577,0.9444
37417,1,TAP,0.6197061,1.0000
37417,3,UP,0.4975962,0.9561
37433,1,TAP,0.6324476,1.0000
37433,3,UP,0.5086538,0.9374
37450,1,TAP,0.6456487,1.0000
37450,3,UP,0.5206731,0.9376
37467,1,TAP,0.6581677,1.0000
37483,1,TAP,0.6716159,1.0000
37500,1,TAP,0.6850472,0.9986
37500,3,UP,0.5562500,0.9224
37517,1,TAP,0.6980746,1.0000
37517,3,UP,0.5682692,0.9116
37533,1,TAP,0.7119998,1.0000
37533,3,UP,0.5802885,0.9145
37550,1,TAP,0.7254821,1.0000
37550,1,TAP,0.4749490,1.0000
37550,3,UP,0.5932692,0.9028
37566,1,TAP,0.4855883,1.0000
37566,3,UP,0.6052885,0.9049
37584,1,TAP,0.4971186,1.0000
37584,3,UP,0.6182692,0.9065
37600,1,TAP,0.5086993,1.0000
37600,3,UP,0.6312500,0.8920
37616,1,TAP,0.5201676,1.0000
37616,3,UP,0.6442308,0.8826
37633,1,TAP,0.5317188,1.0000
37633,3,UP,0.6576923,0.8904
37650,1,TAP,0.5432669,1.0000
37650,3,UP,0.6711538,0.8720
37666,1,TAP,0.5553368,1.0000
37666,3,UP,0.6841346,0.8685
37683,1,TAP,0.5673030,1.0000
37683,3,UP,0.6980769,0.8626
37701,1,TAP,0.5797729,1.0000
37701,3,UP,0.7120192,0.8498
37717,1,TAP,0.5918214,1.0000
37717,3,UP,0.7259615,0.8252
37734,1,TAP,0.6043132,1.0000
37734,3,UP,0.4831731,0.9471
37750,1,TAP,0.6170742,1.0000
37750,3,UP,0.4947115,0.9541
37766,1,TAP,0.6293188,1.0000
37766,3,UP,0.5062500,0.9442
37783,1,TAP,0.6421435,1.0000
37783,3,UP,0.5177885,0.9395
37800,1,TAP,0.6552804,1.0000
37816,1,TAP,0.6687447,1.0000
37834,1,TAP,0.6818022,1.0000
37834,3,UP,0.5533654,0.9155
37850,1,TAP,0.6951870,1.0000
37850,3,UP,0.5653846,0.9095
37866,1,TAP,0.7086538,1.0000
37866,3,UP,0.5778846,0.9153
37883,1,TAP,0.7225896,1.0000
37883,3,UP,0.5903846,0.9153
37900,1,TAP,0.4836041,1.0000
37900,3,UP,0.6028846,0.9040
37917,1,TAP,0.4947440,1.0000
37917,3,UP,0.6158654,0.9014
37933,1,TAP,0.5057781,1.0000
37933,3,UP,0.6283654,0.8894
37951,1,TAP,0.5172948,1.0000
37951,3,UP,0.6413462,0.8806
37983,1,TAP,0.5408555,1.0000
37983,3,UP,0.6677885,0.8605
37999,1,TAP,0.5528141,1.0000
37999,3,UP,0.6817308,0.8659
38017,1,TAP,0.5644231,1.0000
38017,3,UP,0.6951923,0.8774
38033,1,TAP,0.5769231,1.0000
38033,3,UP,0.7091346,0.8376
38049,1,TAP,0.5889674,1.0000
38049,3,UP,0.7230769,0.8673
38067,1,TAP,0.6016904,0.9970
38067,3,UP,0.4807692,0.9658
38083,1,TAP,0.6135887,1.0000
38083,3,UP,0.4918269,0.9615
38099,1,TAP,0.6264600,1.0000
38099,3,UP,0.5038462,0.9539
38117,1,TAP,0.6398489,1.0000
38117,3,UP,0.5153846,0.9563
38134,1,TAP,0.6524106,1.0000
38150,1,TAP,0.6658255,1.0000
38167,1,TAP,0.6788486,1.0000
38167,3,UP,0.5509615,0.9401
38184,1,TAP,0.6922576,1.0000
38184,3,UP,0.5629808,0.9061
38200,1,TAP,0.7056971,1.0000
38200,3,UP,0.5750000,0.9057
38216,1,TAP,0.7192308,1.0000
38216,3,UP,0.5875000,0.8986
38233,1,TAP,0.4807602,1.0000
38233,3,UP,0.6000000,0.8925
38250,1,TAP,0.4922963,1.0000
38250,3,UP,0.6129808,0.8993
38267,1,TAP,0.5037467,1.0000
38267,3,UP,0.6259615,0.8894
38283,1,TAP,0.5149430,1.0000
38283,3,UP,0.6389423,0.8873
38300,1,TAP,0.5265938,1.0000
38300,3,UP,0.6519231,0.8806
38317,1,TAP,0.5384441,1.0000
38317,3,UP,0.6649038,0.8759
38334,1,TAP,0.5499874,0.9935
38334,3,UP,0.6783654,0.8565
38350,1,TAP,0.5620290,1.0000
38350,3,UP,0.6923077,0.8741
38366,1,TAP,0.5740385,1.0000
38366,3,UP,0.7057692,0.8571
38383,1,TAP,0.5860288,0.9957
38383,3,UP,0.7197115,0.8531
38399,1,TAP,0.5982937,1.0000
38399,3,UP,0.4778846,0.9569
38416,1,TAP,0.6110563,1.0000
38416,3,UP,0.4899038,0.9464
38434,1,TAP,0.6235863,1.0000
38434,3,UP,0.5014423,0.9631
38450,1,TAP,0.6365323,1.0000
38450,3,UP,0.5125000,0.9491
38466,1,TAP,0.6495368,1.0000
38483,1,TAP,0.6625347,1.0000
38499,1,TAP,0.6754874,1.0000
38499,3,UP,0.5480769,0.9266
38516,1,TAP,0.6889556,1.0000
38516,3,UP,0.5600962,0.9349
38534,1,TAP,0.7024052,1.0000
38534,3,UP,0.5725962,0.8946
38550,1,TAP,0.7163537,1.0000
38550,3,UP,0.5846154,0.9070
38566,1,TAP,0.7298327,1.0000
38566,1,TAP,0.4782066,1.0000
38566,3,UP,0.5971154,0.9074
38583,1,TAP,0.4894158,1.0000
38583,3,UP,0.6100962,0.8946
38600,1,TAP,0.5009542,1.0000
38600,3,UP,0.6230769,0.8868
38616,1,TAP,0.5124815,1.0000
38616,3,UP,0.6360577,0.8852
38633,1,TAP,0.5240257,1.0000
38633,3,UP,0.6490385,0.8726
38650,1,TAP,0.5355588,1.0000
38650,3,UP,0.6620192,0.8638
38666,1,TAP,0.5470981,1.0000
38666,3,UP,0.6750000,0.8768
38683,1,TAP,0.5591444,1.0000
38683,3,UP,0.6889423,0.8571
38699,1,TAP,0.5716221,1.0000
38699,3,UP,0.7028846,0.8665
38716,1,TAP,0.5836477,1.0000
38716,3,UP,0.7163462,0.8531
38734,1,TAP,0.5961508,1.0000
38734,3,UP,0.7302885,0.8463
38734,3,UP,0.4759615,0.9615
38750,1,TAP,0.6081896,1.0000
38750,3,UP,0.4870192,0.9469
38766,1,TAP,0.6206992,1.0000
38766,3,UP,0.4985577,0.9537
38783,1,TAP,0.6340988,1.0000
38783,3,UP,0.5096154,0.9327
38800,1,TAP,0.6466400,1.0000
38800,3,UP,0.5216346,0.9539
38817,1,TAP,0.6596307,1.0000
38833,1,TAP,0.6726055,1.0000
38850,1,TAP,0.6860471,1.0000
38850,3,UP,0.5576923,0.9155
38867,1,TAP,0.6995166,1.0000
38867,3,UP,0.5697115,0.9108
38883,1,TAP,0.7134479,1.0000
38883,3,UP,0.5822115,0.9112
38900,1,TAP,0.7269395,1.0000
38900,2,TAP,0.4754184,1.0000
38900,3,UP,0.5942308,0.9002
38917,2,TAP,0.4870297,1.0000
38917,3,UP,0.6072115,0.9138
38934,2,TAP,0.4980545,1.0000
38934,3,UP,0.6197115,0.8826
38951,2,TAP,0.5095994,1.0000
38951,3,UP,0.6326923,0.8759
38983,2,TAP,0.5326766,1.0000
38983,3,UP,0.6591346,0.8612
38999,2,TAP,0.5446821,0.9956
38999,3,UP,0.6721154,0.8774
39016,2,TAP,0.5566996,1.0000
39016,3,UP,0.6860577,0.8806
39032,2,TAP,0.5687289,1.0000
39032,3,UP,0.7000000,0.8571
39050,2,TAP,0.5807769,1.0000
39050,3,UP,0.7134615,0.8531
39067,1,TAP,0.4742541,1.0000
39067,2,TAP,0.5932138,1.0000
39067,3,UP,0.7274038,0.8389
39083,1,TAP,0.4855712,1.0000
39083,2,TAP,0.6053625,1.0000
39099,1,TAP,0.4971081,1.0000
39099,2,TAP,0.6177885,1.0000
39116,1,TAP,0.5086538,1.0000
39116,2,TAP,0.6307753,1.0000
39133,1,TAP,0.5201899,1.0000
39133,2,TAP,0.6437757,1.0000
39151,1,TAP,0.5317244,1.0000
39151,2,TAP,0.6562500,1.0000
39167,1,TAP,0.5432629,1.0000
39167,2,TAP,0.6697115,1.0000
39183,1,TAP,0.5554279,1.0000
39183,2,TAP,0.6831731,1.0000
39199,1,TAP,0.5672795,1.0000
39199,2,TAP,0.6966346,1.0000
39217,1,TAP,0.5793297,1.0000
39217,2,TAP,0.7100819,1.0000
39233,1,TAP,0.5918186,1.0000
39233,2,TAP,0.7240385,1.0000
39250,1,TAP,0.6043187,1.0000
39250,3,DOWN,0.4831731,0.8690
39266,1,TAP,0.6168545,1.0000
39266,3,DOWN,0.4947115,0.8704
39283,1,TAP,0.6289986,1.0000
39283,3,DOWN,0.5057692,0.8817
39299,1,TAP,0.6422667,1.0000
39299,3,DOWN,0.5177885,0.8864
39316,1,TAP,0.6552804,1.0000
39316,3,DOWN,0.5293269,0.8914
39333,1,TAP,0.6682529,1.0000
39333,3,DOWN,0.5413462,0.8724
39350,1,TAP,0.6812500,1.0000
39350,3,DOWN,0.5533654,0.8618
39367,1,TAP,0.6947115,1.0000
39367,3,DOWN,0.5653846,0.8644
39383,1,TAP,0.7086550,1.0000
39383,3,DOWN,0.5774038,0.8716
39400,1,TAP,0.7221177,1.0000
39400,3,DOWN,0.5899038,0.8578
39417,2,TAP,0.4834968,1.0000
39417,3,DOWN,0.6028846,0.8610
39433,2,TAP,0.4942291,1.0000
39433,3,DOWN,0.6153846,0.8512
39450,2,TAP,0.5057692,1.0000
39450,3,DOWN,0.6278846,0.8565
39466,2,TAP,0.5173077,1.0000
39466,3,DOWN,0.6408654,0.8472
39482,2,TAP,0.5288501,1.0000
39482,3,DOWN,0.6543269,0.8375
39500,2,TAP,0.5408371,1.0000
39500,3,DOWN,0.6677885,0.8176
39517,2,TAP,0.5527136,1.0000
39517,3,DOWN,0.6807692,0.8318
39533,2,TAP,0.5644342,1.0000
39533,3,DOWN,0.6947115,0.8260
39551,2,TAP,0.5768590,1.0000
39551,3,DOWN,0.7086538,0.7859
39568,2,TAP,0.5889616,1.0000
39568,3,DOWN,0.7221154,0.8213
39600,2,TAP,0.6139423,1.0000
39616,2,TAP,0.6264423,1.0000
39633,1,DOWN,0.5149038,0.7650
39633,2,TAP,0.6389720,1.0000
39650,1,DOWN,0.5269231,0.7770
39650,2,TAP,0.6524038,1.0000
39666,1,DOWN,0.5384615,0.7796
39666,2,TAP,0.6653452,1.0000
39683,1,DOWN,0.5504808,0.7621
39683,2,TAP,0.6790500,1.0000
39699,1,DOWN,0.5625000,0.7775
39699,2,TAP,0.6918269,1.0000
39716,1,DOWN,0.5750000,0.7770
39716,2,TAP,0.7057823,1.0000
39733,1,DOWN,0.5870192,0.7918
39733,2,TAP,0.7192308,1.0000
39750,1,DOWN,0.6000000,0.8238
39750,3,TAP,0.4807692,1.0000
39767,1,DOWN,0.6125000,0.8019
39767,3,TAP,0.4922240,1.0000
39783,1,DOWN,0.6254808,0.8197
39783,3,TAP,0.5031656,1.0000
39799,1,DOWN,0.6379808,0.8260
39799,3,TAP,0.5148532,1.0000
39816,1,DOWN,0.6509615,0.8241
39816,3,TAP,0.5263634,1.0000
39833,1,DOWN,0.6649038,0.8167
39833,3,TAP,0.5383789,1.0000
39850,1,DOWN,0.6778846,0.8357
39850,3,TAP,0.5500000,1.0000
39867,1,DOWN,0.6918269,0.8230
39867,3,TAP,0.5615494,1.0000
39884,1,DOWN,0.7052885,0.8456
39884,3,TAP,0.5740353,1.0000
39900,1,DOWN,0.7192308,0.8210
39900,3,TAP,0.5860716,1.0000
39917,2,DOWN,0.4778846,0.8132
39917,3,TAP,0.5982277,1.0000
39934,2,DOWN,0.4894231,0.8188
39934,3,TAP,0.6110591,1.0000
39950,2,DOWN,0.5004808,0.8255
39950,3,TAP,0.6235768,1.0000
39967,2,DOWN,0.5125000,0.8255
39967,3,TAP,0.6365476,1.0000
39983,2,DOWN,0.5245192,0.8188
39983,3,TAP,0.6495381,1.0000
39999,2,DOWN,0.5360577,0.8244
39999,3,TAP,0.6621029,1.0000
40016,2,DOWN,0.5480769,0.8282
40016,3,TAP,0.6754941,1.0000
40033,2,DOWN,0.5600962,0.8282
40033,3,TAP,0.6889556,1.0000
40049,2,DOWN,0.5721154,0.8282
40049,3,TAP,0.7024105,1.0000
40066,2,DOWN,0.5841346,0.8238
40066,3,TAP,0.7163520,1.0000
40084,1,TAP,0.4778896,1.0000
40084,2,DOWN,0.5971154,0.8199
40084,3,TAP,0.7297832,0.9952
40100,1,TAP,0.4894174,1.0000
40100,2,DOWN,0.6091346,0.8266
40116,1,TAP,0.5009501,1.0000
40116,2,DOWN,0.6221154,0.8258
40133,1,TAP,0.5124831,1.0000
40133,2,DOWN,0.6350962,0.8199
40150,1,TAP,0.5240321,1.0000
40150,2,DOWN,0.6480769,0.8219
40150,3,TAP,0.4149038,1.0000
40167,1,TAP,0.5355825,1.0000
40167,2,DOWN,0.6615385,0.8219
40184,1,TAP,0.5470785,1.0000
40184,2,DOWN,0.6750000,0.8219
40200,1,TAP,0.5591543,1.0000
40200,2,DOWN,0.6889423,0.8029
40216,1,TAP,0.5711265,0.9984
40216,2,DOWN,0.7019231,0.8171
40233,1,TAP,0.5836212,1.0000
40233,2,DOWN,0.7158654,0.8282
40249,1,TAP,0.5956884,1.0000
40249,2,DOWN,0.7302885,0.8227
40249,3,TAP,0.4769231,1.0000
40267,1,TAP,0.6081689,1.0000
40267,3,TAP,0.4880242,1.0000
40283,1,TAP,0.6206881,1.0000
40283,3,TAP,0.4990793,1.0000
40300,1,TAP,0.6331717,1.0000
40300,3,TAP,0.5105883,1.0000
40317,1,TAP,0.6466387,1.0000
40317,3,TAP,0.5221097,1.0000
40333,1,TAP,0.6595698,1.0000
40333,3,TAP,0.5342284,1.0000
40349,1,TAP,0.6725868,1.0000
40349,3,TAP,0.5461326,1.0000
40366,1,TAP,0.6860273,1.0000
40366,3,TAP,0.5577017,1.0000
40384,1,TAP,0.6995061,1.0000
40384,3,TAP,0.5697409,1.0000
40400,1,TAP,0.7129939,1.0000
40400,3,TAP,0.5822032,1.0000
40416,1,TAP,0.7269114,1.0000
40416,3,TAP,0.5946894,1.0000
40433,2,UP,0.4855769,0.8190
40433,3,TAP,0.6067338,1.0000
40450,2,UP,0.4971154,0.8238
40450,3,TAP,0.6192170,1.0000
40466,2,UP,0.5086538,0.8314
40466,3,TAP,0.6322321,1.0000
40484,2,UP,0.5206731,0.8314
40484,3,TAP,0.6446967,1.0000
40500,2,UP,0.5322115,0.8294
40500,3,TAP,0.6581435,0.9986
40516,2,UP,0.5442308,0.8249
40516,3,TAP,0.6711647,1.0000
40533,2,UP,0.5562500,0.8241
40533,3,TAP,0.6845717,1.0000
40550,2,UP,0.5682692,0.8269
40550,3,TAP,0.6980686,1.0000
40566,2,UP,0.5802885,0.8201
40566,3,TAP,0.7115444,1.0000
40584,1,TAP,0.4741643,1.0000
40584,2,UP,0.5932692,0.8261
40584,3,TAP,0.7252314,1.0000
40600,1,TAP,0.4854709,1.0000
40600,2,UP,0.6052885,0.8182
40616,1,TAP,0.4970027,1.0000
40616,2,UP,0.6182692,0.8155
40633,1,TAP,0.5085222,1.0000
40633,2,UP,0.6312500,0.8261
40649,1,TAP,0.5198943,1.0000
40649,2,UP,0.6442308,0.8155
40666,1,TAP,0.5315531,0.9984
40666,2,UP,0.6572115,0.8164
40684,1,TAP,0.5432518,1.0000
40684,2,UP,0.6706731,0.8184
40701,1,TAP,0.5554354,0.9985
40701,2,UP,0.6841346,0.8127
40733,1,TAP,0.5793173,1.0000
40733,2,UP,0.7120192,0.8337
40750,1,TAP,0.5917980,0.9986
40750,2,UP,0.7254808,0.8127
40767,1,TAP,0.6042744,1.0000
40767,2,UP,0.4831731,0.8210
40783,1,TAP,0.6168119,1.0000
40783,2,UP,0.4947115,0.8286
40800,1,TAP,0.6292485,1.0000
40800,2,UP,0.5057692,0.8190
40817,1,TAP,0.6418323,1.0000
40817,2,UP,0.5177885,0.8182
40833,1,TAP,0.6552683,1.0000
40849,1,TAP,0.6678150,1.0000
40866,1,TAP,0.6812460,1.0000
40866,2,UP,0.5533654,0.8230
40883,1,TAP,0.6947168,1.0000
40883,2,UP,0.5653846,0.8294
40900,1,TAP,0.7081757,1.0000
40900,2,UP,0.5774038,0.8221
40917,1,TAP,0.7221230,1.0000
40917,2,UP,0.5899038,0.8193
40933,1,TAP,0.4833530,1.0000
40933,2,UP,0.6024038,0.8173
40950,1,TAP,0.4942210,1.0000
40950,2,UP,0.6153846,0.8155
40967,1,TAP,0.5057748,1.0000
40967,2,UP,0.6278846,0.8213
40983,1,TAP,0.5173037,1.0000
40983,2,UP,0.6413462,0.8155
41000,1,TAP,0.5288494,1.0000
41000,2,UP,0.6543269,0.8136
41017,1,TAP,0.5403649,1.0000
41017,2,UP,0.6677885,0.8184
41033,1,TAP,0.5521071,1.0000
41033,2,UP,0.6812500,0.8175
41049,1,TAP,0.5644059,1.0000
41049,2,UP,0.6947115,0.8127
41066,1,TAP,0.5768882,1.0000
41066,2,UP,0.7086538,0.8281
41083,1,TAP,0.5889479,1.0000
41083,2,UP,0.7221154,0.8184
41100,1,TAP,0.6015281,1.0000
41100,2,UP,0.4807692,0.8162
41117,1,TAP,0.6135922,1.0000
41117,2,UP,0.4918269,0.8182
41133,1,TAP,0.6264423,1.0000
41133,2,UP,0.5028846,0.8086
41151,1,TAP,0.6389559,1.0000
41151,2,UP,0.5149038,0.8210
41167,1,TAP,0.6524106,1.0000
41183,1,TAP,0.6649173,1.0000
41200,1,TAP,0.6783627,1.0000
41200,2,UP,0.5504808,0.8230
41216,1,TAP,0.6918256,1.0000
41216,2,UP,0.5625000,0.8219
41233,1,TAP,0.7052440,1.0000
41233,2,UP,0.5750000,0.8173
41250,1,TAP,0.7187500,1.0000
41250,2,UP,0.5875000,0.8164
41266,1,TAP,0.4806906,1.0000
41266,2,UP,0.6000000,0.8193
41283,1,TAP,0.4916991,1.0000
41283,2,UP,0.6125000,0.8127
41300,1,TAP,0.5030769,1.0000
41300,2,UP,0.6250000,0.8213
41316,1,TAP,0.5144271,1.0000
41316,2,UP,0.6379808,0.8145
41333,1,TAP,0.5259672,1.0000
41333,2,UP,0.6509615,0.8125
41350,1,TAP,0.5381532,1.0000
41350,2,UP,0.6644231,0.8088
41366,1,TAP,0.5500000,1.0000
41366,2,UP,0.6778846,0.8204
41383,1,TAP,0.5615400,1.0000
41383,2,UP,0.6918269,0.8107
41400,1,TAP,0.5737126,1.0000
41400,2,UP,0.7052885,0.8155
41416,1,TAP,0.5863091,1.0000
41416,2,UP,0.7192308,0.8213
41433,1,TAP,0.5984877,1.0000
41433,2,UP,0.4778846,0.8443
41449,1,TAP,0.6110550,1.0000
41449,2,UP,0.4894231,0.8314
41467,1,TAP,0.6235618,1.0000
41467,2,UP,0.5009615,0.8294
41483,1,TAP,0.6360631,1.0000
41483,2,UP,0.5125000,0.8322
41500,1,TAP,0.6495313,1.0000
41517,1,TAP,0.6620381,1.0000
41533,1,TAP,0.6754941,1.0000
41533,2,UP,0.5480769,0.8436
41550,1,TAP,0.6889423,1.0000
41550,2,UP,0.5600962,0.8278
41566,1,TAP,0.7024105,1.0000
41566,2,UP,0.5721154,0.8333
41583,1,TAP,0.7158771,1.0000
41583,2,UP,0.5841346,0.8201
41600,1,TAP,0.7298159,1.0000
41600,1,TAP,0.4778846,1.0000
41600,2,UP,0.5971154,0.8213
41616,1,TAP,0.4894174,1.0000
41616,2,UP,0.6100962,0.8317
41633,1,TAP,0.5009615,1.0000
41633,2,UP,0.6221154,0.8096
41649,1,TAP,0.5115667,1.0000
41649,2,UP,0.6350962,0.8116
41666,1,TAP,0.5237662,1.0000
41666,2,UP,0.6480769,0.8164
41683,1,TAP,0.5354126,1.0000
41683,2,UP,0.6620192,0.8184
41699,1,TAP,0.5471249,1.0000
41699,2,UP,0.6750000,0.8204
41717,1,TAP,0.5591486,1.0000
41717,2,UP,0.6884615,0.8155
41733,1,TAP,0.5711311,1.0000
41733,2,UP,0.7024038,0.8204
41750,1,TAP,0.5827040,1.0000
41750,2,UP,0.7158654,0.8213
41766,1,TAP,0.5956772,1.0000
41766,2,UP,0.7302885,0.8289
41766,2,UP,0.4754808,0.8219
41783,1,TAP,0.6081703,1.0000
41783,2,UP,0.4870192,0.8230
41799,1,TAP,0.6206826,1.0000
41799,2,UP,0.4980769,0.8143
41817,1,TAP,0.6331704,1.0000
41817,2,UP,0.5096154,0.8246
41833,1,TAP,0.6466157,1.0000
41833,2,UP,0.5216346,0.8258
41850,1,TAP,0.6591441,1.0000
41867,1,TAP,0.6725735,1.0000
41883,1,TAP,0.6860617,1.0000
41883,2,UP,0.5572115,0.8286
41899,1,TAP,0.6990468,1.0000
41899,2,UP,0.5692308,0.8274
41917,1,TAP,0.7129613,1.0000
41917,2,UP,0.5812500,0.8116
41934,1,TAP,0.7268865,1.0000
41934,1,TAP,0.4759574,1.0000
41934,2,UP,0.5942308,0.8221
41950,1,TAP,0.4865499,1.0000
41950,2,UP,0.6072115,0.8241
41967,1,TAP,0.4980688,1.0000
41967,2,UP,0.6197115,0.8221
41983,1,TAP,0.5096098,1.0000
41983,2,UP,0.6322115,0.8173
42000,1,TAP,0.5211467,1.0000
42000,2,UP,0.6451923,0.8107
42016,1,TAP,0.5326883,1.0000
42016,2,UP,0.6586538,0.8155
42033,1,TAP,0.5442189,1.0000
42033,2,UP,0.6721154,0.8261
42050,1,TAP,0.5562360,1.0000
42050,2,UP,0.6850962,0.8107
42066,1,TAP,0.5682264,1.0000
42066,2,UP,0.6990385,0.8155
42083,1,TAP,0.5806500,1.0000
42083,2,UP,0.7129808,0.8184
42100,1,TAP,0.5927801,1.0000
42100,2,UP,0.7269231,0.8213
42117,1,TAP,0.6052816,1.0000
42117,2,UP,0.4841346,0.8210
42134,1,TAP,0.6177803,1.0000
42134,2,UP,0.4956731,0.8314
42150,1,TAP,0.6302790,1.0000
42150,2,UP,0.5067308,0.8115
42167,1,TAP,0.6437311,1.0000
42167,2,UP,0.5187500,0.8238
42183,1,TAP,0.6562379,1.0000
42199,1,TAP,0.6697062,1.0000
42216,1,TAP,0.6826995,1.0000
42216,2,UP,0.5543269,0.8210
42233,1,TAP,0.6961550,1.0000
42233,2,UP,0.5663462,0.8274
42249,1,TAP,0.7098768,1.0000
42249,2,UP,0.5783654,0.8238
42266,1,TAP,0.7235129,1.0000
42266,2,UP,0.5913462,0.8278
42283,1,TAP,0.4844676,1.0000
42283,2,UP,0.6038462,0.8221
42300,1,TAP,0.4952227,1.0000
42300,2,UP,0.6168269,0.8297
42317,1,TAP,0.5067486,1.0000
42317,2,UP,0.6293269,0.8241
42334,1,TAP,0.5182772,1.0000
42334,2,UP,0.6423077,0.8087
42351,1,TAP,0.5298133,1.0000
42351,2,UP,0.6557692,0.8175
42367,1,TAP,0.5415361,1.0000
42367,2,UP,0.6692308,0.8204
42383,1,TAP,0.5538462,1.0000
42383,2,UP,0.6826923,0.8309
42399,1,TAP,0.5653720,1.0000
42399,2,UP,0.6961538,0.8309
42416,1,TAP,0.5778582,1.0000
42416,2,UP,0.7100962,0.8241
42434,1,TAP,0.5899094,1.0000
42434,2,UP,0.7240385,0.8241
42450,1,TAP,0.6024038,1.0000
42450,2,UP,0.4817308,0.8210
42466,1,TAP,0.6149093,1.0000
42466,2,UP,0.4932692,0.8333
42483,1,TAP,0.6276036,1.0000
42483,2,UP,0.5048077,0.8314
42500,1,TAP,0.6408654,1.0000
42500,2,UP,0.5163462,0.8361
42517,1,TAP,0.6533614,1.0000
42533,1,TAP,0.6668149,1.0000
42550,1,TAP,0.6797910,1.0000
42550,2,UP,0.5514423,0.8219
42566,1,TAP,0.6932574,1.0000
42566,2,UP,0.5639423,0.8269
42583,1,TAP,0.7067308,1.0000
42583,2,UP,0.5764423,0.8193
42600,1,TAP,0.7202189,1.0000
42600,2,UP,0.5884615,0.8201
42617,1,TAP,0.4817250,1.0000
42617,2,UP,0.6009615,0.8221
42633,1,TAP,0.4932570,1.0000
42633,2,UP,0.6139423,0.8221
42650,1,TAP,0.5042469,1.0000
42650,2,UP,0.6269231,0.8241
42666,1,TAP,0.5155138,1.0000
42666,2,UP,0.6399038,0.8281
42683,1,TAP,0.5278686,0.9918
42683,2,UP,0.6528846,0.8175
42699,1,TAP,0.5394167,1.0000
42699,2,UP,0.6658654,0.8193
42716,1,TAP,0.5509615,1.0000
42716,2,UP,0.6793269,0.8175
42733,1,TAP,0.5629724,1.0000
42733,2,UP,0.6932692,0.8281
42752,1,TAP,0.5750094,1.0000
42752,2,UP,0.7072115,0.8317
42783,1,TAP,0.5995179,1.0000
42783,2,UP,0.4793269,0.8266
42800,1,TAP,0.6120316,1.0000
42800,2,UP,0.4903846,0.8086
42817,1,TAP,0.6245479,1.0000
42817,2,UP,0.5019231,0.8246
42833,1,TAP,0.6378592,1.0000
42833,2,UP,0.5134615,0.8274
42850,1,TAP,0.6504888,1.0000
42866,1,TAP,0.6638502,1.0000
42883,1,TAP,0.6764675,1.0000
42883,2,UP,0.5490385,0.8286
42899,1,TAP,0.6903971,1.0000
42899,2,UP,0.5615385,0.8278
42916,1,TAP,0.7038234,1.0000
42916,2,UP,0.5735577,0.8269
42933,1,TAP,0.7173307,1.0000
42933,2,UP,0.5855769,0.8136
42950,1,TAP,0.7312138,1.0000
42950,1,TAP,0.4788752,1.0000
42950,2,UP,0.5980769,0.8164
42966,1,TAP,0.4903748,1.0000
42966,2,UP,0.6110577,0.8213
42983,1,TAP,0.5019231,1.0000
42983,2,UP,0.6240385,0.8184
42999,1,TAP,0.5134559,1.0000
42999,2,UP,0.6370192,0.8281
43016,1,TAP,0.5249817,1.0000
43016,2,UP,0.6500000,0.8155
43033,1,TAP,0.5365210,1.0000
43033,2,UP,0.6629808,0.8213
43050,1,TAP,0.5483270,1.0000
43050,2,UP,0.6764423,0.8068
43067,1,TAP,0.5605087,1.0000
43067,2,UP,0.6899038,0.8049
43083,1,TAP,0.5721370,1.0000
43083,2,UP,0.7038462,0.8232
43099,1,TAP,0.5846069,1.0000
43099,2,UP,0.7177885,0.8184
43116,1,TAP,0.5966497,1.0000
43116,2,UP,0.7317308,0.8241
43116,2,TAP,0.4778781,1.0000
43133,1,TAP,0.6091373,1.0000
43133,2,TAP,0.4893711,1.0000
43150,1,TAP,0.6216536,1.0000
43150,2,TAP,0.5003114,1.0000
43167,1,TAP,0.6346245,1.0000
43167,2,TAP,0.5115393,1.0000
43183,1,TAP,0.6476042,1.0000
43183,2,TAP,0.5231105,1.0000
43183,3,TAP,0.4149038,1.0000
43200,1,TAP,0.6605346,1.0000
43200,2,TAP,0.5352966,1.0000
43216,1,TAP,0.6735657,1.0000
43216,2,TAP,0.5469661,1.0000
43233,1,TAP,0.6870286,1.0000
43233,2,TAP,0.5585180,0.9948
43250,1,TAP,0.7004873,1.0000
43250,2,TAP,0.5711321,1.0000
43267,1,TAP,0.7144053,1.0000
43267,2,TAP,0.5829038,1.0000
43284,1,TAP,0.7279211,1.0000
43284,2,TAP,0.5955744,1.0000
43284,3,TAP,0.4763865,1.0000
43300,2,TAP,0.6081690,1.0000
43300,3,TAP,0.4875911,1.0000
43317,2,TAP,0.6206717,1.0000
43317,3,TAP,0.4990311,1.0000
43333,2,TAP,0.6331853,1.0000
43333,3,TAP,0.5105624,1.0000
43350,2,TAP,0.6465547,1.0000
43350,3,TAP,0.5221001,1.0000
43367,2,TAP,0.6591440,1.0000
43367,3,TAP,0.5336442,1.0000
43383,2,TAP,0.6725630,1.0000
43383,3,TAP,0.5457144,1.0000
43399,2,TAP,0.6855811,1.0000
43399,3,TAP,0.5576651,1.0000
43416,2,TAP,0.6990426,1.0000
43416,3,TAP,0.5697059,1.0000
43432,2,TAP,0.7125265,1.0000
43432,3,TAP,0.5817222,1.0000
43449,1,TAP,0.4754719,1.0000
43449,2,TAP,0.7264423,1.0000
43449,3,TAP,0.5937583,1.0000
43466,1,TAP,0.4865287,1.0000
43466,3,TAP,0.6062486,1.0000
43483,1,TAP,0.4980044,1.0000
43483,3,TAP,0.6191740,1.0000
43500,1,TAP,0.5095537,1.0000
43500,3,TAP,0.6322020,1.0000
43516,1,TAP,0.5211136,1.0000
43516,3,TAP,0.6446194,1.0000
43533,1,TAP,0.5326359,0.9968
43533,3,TAP,0.6575780,1.0000
43549,1,TAP,0.5442261,1.0000
43549,3,TAP,0.6706731,1.0000
43567,1,TAP,0.5562290,1.0000
43567,3,TAP,0.6841054,0.9972
43583,1,TAP,0.5682622,1.0000
43583,3,TAP,0.6975962,1.0000
43599,1,TAP,0.5802801,1.0000
43599,3,TAP,0.7110695,1.0000
43616,1,TAP,0.5927857,1.0000
43616,3,TAP,0.7253074,1.0000
43633,1,TAP,0.6052830,1.0000
43633,2,TAP,0.4855655,1.0000
43649,1,TAP,0.6177885,1.0000
43649,2,TAP,0.4962058,1.0000
43666,1,TAP,0.6302885,1.0000
43666,2,TAP,0.5077384,1.0000
43683,1,TAP,0.6427939,1.0000
43683,2,TAP,0.5192324,1.0000
43700,1,TAP,0.6562447,1.0000
43700,2,TAP,0.5307916,1.0000
43716,1,TAP,0.6696468,1.0000
43716,2,TAP,0.5432228,1.0000
43733,1,TAP,0.6826923,1.0000
43733,2,TAP,0.5548077,1.0000
43750,1,TAP,0.6959759,1.0000
43750,2,TAP,0.5668311,1.0000
43767,1,TAP,0.7098225,1.0000
43767,2,TAP,0.5793380,1.0000
43783,1,TAP,0.7234065,1.0000
43783,2,TAP,0.5913516,1.0000
43800,2,TAP,0.6037914,1.0000
43800,3,TAP,0.4840525,1.0000
43816,2,TAP,0.6163462,1.0000
43816,3,TAP,0.4951776,1.0000
43833,2,TAP,0.6293269,1.0000
43833,3,TAP,0.5067308,1.0000
43849,2,TAP,0.6418446,1.0000
43849,3,TAP,0.5182572,1.0000
43866,2,TAP,0.6543430,1.0000
43866,3,TAP,0.5298077,1.0000
43882,2,TAP,0.6677885,1.0000
43882,3,TAP,0.5413462,1.0000
43899,2,TAP,0.6812500,1.0000
43899,3,TAP,0.5537953,0.9984
43916,2,TAP,0.6942308,1.0000
43916,3,TAP,0.5653720,1.0000
43933,2,TAP,0.7081822,1.0000
43933,3,TAP,0.5778791,1.0000
43949,2,TAP,0.7216346,1.0000
43949,3,TAP,0.5899080,1.0000
43966,1,TAP,0.4826923,1.0000
43966,3,TAP,0.6024038,1.0000
43983,1,TAP,0.4942242,1.0000
43983,3,TAP,0.6148970,1.0000
44000,1,TAP,0.5057563,1.0000
44000,3,TAP,0.6274038,1.0000
44016,1,TAP,0.5172861,1.0000
44016,3,TAP,0.6403724,1.0000
44033,1,TAP,0.5287854,1.0000
44033,3,TAP,0.6533600,1.0000
44049,1,TAP,0.5403814,1.0000
44049,3,TAP,0.6663723,1.0000
44066,1,TAP,0.5523612,1.0000
44066,3,TAP,0.6793362,1.0000
44083,1,TAP,0.5643368,1.0000
44083,3,TAP,0.6928109,1.0000
44100,1,TAP,0.5763374,1.0000
44100,3,TAP,0.7067367,1.0000
44116,1,TAP,0.5883948,1.0000
44116,3,TAP,0.7201841,1.0000
44133,1,TAP,0.6009539,1.0000
44133,2,TAP,0.4816865,1.0000
44150,1,TAP,0.6129987,1.0000
44150,2,TAP,0.4923223,1.0000
44167,1,TAP,0.6264207,1.0000
44167,2,TAP,0.5038349,1.0000
44184,1,TAP,0.6389491,1.0000
44184,2,TAP,0.5153623,1.0000
44200,1,TAP,0.6519426,1.0000
44200,2,TAP,0.5269920,1.0000
44216,1,TAP,0.6649079,1.0000
44216,2,TAP,0.5390691,1.0000
44233,1,TAP,0.6783627,1.0000
44233,2,TAP,0.5509412,1.0000
44249,1,TAP,0.6913640,1.0000
44249,2,TAP,0.5629738,1.0000
44266,1,TAP,0.7050312,1.0000
44266,2,TAP,0.5749821,1.0000
44283,1,TAP,0.7187487,1.0000
44283,2,TAP,0.5870138,1.0000
44300,2,TAP,0.5995055,1.0000
44300,3,TAP,0.4802136,1.0000
44317,2,TAP,0.6120042,1.0000
44317,3,TAP,0.4914226,1.0000
44333,2,TAP,0.6245288,1.0000
44333,3,TAP,0.5028846,1.0000
44351,2,TAP,0.6370179,1.0000
44351,3,TAP,0.5144174,1.0000
44384,2,TAP,0.6638061,1.0000
44384,3,TAP,0.5374614,1.0000
44400,2,TAP,0.6764423,1.0000
44400,3,TAP,0.5496604,1.0000
44416,2,TAP,0.6899038,1.0000
44416,3,TAP,0.5615322,1.0000
44433,2,TAP,0.7033522,1.0000
44433,3,TAP,0.5735535,1.0000
44449,2,TAP,0.7173042,1.0000
44449,3,TAP,0.5861013,1.0000
44466,1,TAP,0.4788388,1.0000
44466,2,TAP,0.7307867,1.0000
44466,3,TAP,0.5985018,1.0000
44483,1,TAP,0.4903732,1.0000
44483,3,TAP,0.6105534,1.0000
44500,1,TAP,0.5018956,1.0000
44500,3,TAP,0.6230884,1.0000
44517,1,TAP,0.5134359,1.0000
44517,3,TAP,0.6360713,1.0000
44533,1,TAP,0.5249761,1.0000
44533,3,TAP,0.6485698,1.0000
44550,1,TAP,0.5365084,1.0000
44550,3,TAP,0.6620327,1.0000
44567,1,TAP,0.5480761,1.0000
44567,3,TAP,0.6750313,1.0000
44583,1,TAP,0.5600823,1.0000
44583,3,TAP,0.6884765,1.0000
44600,1,TAP,0.5721146,1.0000
44600,3,TAP,0.7019308,1.0000
44616,1,TAP,0.5845718,1.0000
44616,3,TAP,0.7158036,1.0000
44633,1,TAP,0.5966360,1.0000
44633,2,TAP,0.4778830,0.9983
44633,3,TAP,0.7293103,1.0000
44649,1,TAP,0.6091305,1.0000
44649,2,TAP,0.4889497,1.0000
44666,1,TAP,0.6216401,1.0000
44666,2,TAP,0.5000171,1.0000
44682,1,TAP,0.6344038,1.0000
44682,2,TAP,0.5115556,1.0000
44699,1,TAP,0.6476096,1.0000
44699,2,TAP,0.5230802,1.0000
44699,3,TAP,0.4149038,1.0000
44716,1,TAP,0.6601083,1.0000
44716,2,TAP,0.5346209,1.0000
44733,1,TAP,0.6735644,1.0000
44733,2,TAP,0.5471098,1.0000
44749,1,TAP,0.6870325,1.0000
44749,2,TAP,0.5586538,1.0000
44766,1,TAP,0.7004808,1.0000
44766,2,TAP,0.5706717,1.0000
44783,1,TAP,0.7139593,1.0000
44783,2,TAP,0.5831510,1.0000
44800,1,TAP,0.7278887,1.0000
44800,2,TAP,0.5951923,1.0000
44800,3,TAP,0.4768769,1.0000
44816,2,TAP,0.6076962,1.0000
44816,3,TAP,0.4875982,1.0000
44833,2,TAP,0.6206676,1.0000
44833,3,TAP,0.4990286,1.0000
44849,2,TAP,0.6331703,1.0000
44849,3,TAP,0.5105745,1.0000
44866,2,TAP,0.6456919,1.0000
44866,3,TAP,0.5217225,1.0000
44882,2,TAP,0.6591346,1.0000
44882,3,TAP,0.5336466,1.0000
44900,2,TAP,0.6721045,1.0000
44900,3,TAP,0.5451963,1.0000
44917,2,TAP,0.6855769,1.0000
44917,3,TAP,0.5576528,1.0000
44949,2,TAP,0.7125106,1.0000
44949,3,TAP,0.5816974,1.0000
44966,2,TAP,0.7259615,1.0000
44966,2,TAP,0.4740385,0.9000
44966,3,TAP,0.5937444,1.0000
44983,2,TAP,0.4850962,0.9000
44983,3,TAP,0.6062445,1.0000
45000,2,TAP,0.4961538,0.9000
45000,3,TAP,0.6187500,1.0000
45016,2,TAP,0.5081731,0.9000
45016,3,TAP,0.6312609,1.0000
45033,2,TAP,0.5197115,0.9000
45033,3,TAP,0.6443699,1.0000
45049,2,TAP,0.5312500,0.9000
45049,3,TAP,0.6572048,1.0000
45066,2,TAP,0.5432692,0.9000
45066,3,TAP,0.6706784,1.0000
45082,2,TAP,0.5552885,0.9000
45082,3,TAP,0.6841081,1.0000
45099,2,TAP,0.5673077,0.9000
45099,3,TAP,0.6975896,1.0000
45116,2,TAP,0.5798077,0.9000
45116,3,TAP,0.7110564,1.0000
45133,2,TAP,0.5918269,0.9000
45133,3,TAP,0.7249771,1.0000
45150,2,TAP,0.6048077,0.9000
45167,2,TAP,0.6177885,0.9000
45183,2,TAP,0.6307692,0.9000
45199,2,TAP,0.6437500,0.9000
45217,2,TAP,0.6567308,0.9000
45233,2,TAP,0.6697115,0.9000
45249,2,TAP,0.6831731,0.9000
45266,2,TAP,0.6971154,0.9000
45282,2,TAP,0.7110577,0.9000
45299,2,TAP,0.7250000,0.9000
45650,3,UP,0.4798077,0.9539
45666,3,UP,0.4918269,0.9459
45683,3,UP,0.5067308,0.8538
45699,3,UP,0.5144231,0.9469
45716,3,UP,0.5264423,0.9495
45733,3,UP,0.5384615,0.9469
45750,3,UP,0.5504808,0.9330
45766,3,UP,0.5625000,0.9099
45783,3,UP,0.5745192,0.9281
45800,3,UP,0.5870192,0.9192
45816,2,TAP,0.4802627,1.0000
45816,3,UP,0.5995192,0.9120
45834,2,TAP,0.4913437,1.0000
45834,3,UP,0.6120192,0.8930
45850,2,TAP,0.5028822,1.0000
45850,3,UP,0.6250000,0.8879
45866,2,TAP,0.5144134,1.0000
45866,3,UP,0.6379808,0.8977
45882,2,TAP,0.5259734,1.0000
45882,3,UP,0.6509615,0.8806
45899,2,TAP,0.5374882,1.0000
45899,3,UP,0.6639423,0.8738
45916,2,TAP,0.5494869,1.0000
45916,3,UP,0.6778846,0.8692
45933,2,TAP,0.5615337,1.0000
45933,3,UP,0.6913462,0.8625
45951,2,TAP,0.5730738,1.0000
45951,3,UP,0.7048077,0.8759
45980,1,TAP,0.4788396,1.0000
45980,2,TAP,0.5975962,1.0000
45980,3,UP,0.7331731,0.8424
46000,1,TAP,0.4903748,1.0000
46000,2,TAP,0.6105562,1.0000
46016,1,TAP,0.5019231,1.0000
46016,2,TAP,0.6230700,1.0000
46033,1,TAP,0.5125057,1.0000
46033,2,TAP,0.6360792,1.0000
46050,1,TAP,0.5245093,1.0000
46050,2,TAP,0.6485510,1.0000
46066,1,TAP,0.5361074,1.0000
46066,2,TAP,0.6620192,1.0000
46083,1,TAP,0.5480738,1.0000
46083,2,TAP,0.6749397,1.0000
46099,1,TAP,0.5599658,1.0000
46099,2,TAP,0.6880269,1.0000
46116,1,TAP,0.5721185,1.0000
46116,2,TAP,0.7019183,1.0000
46134,1,TAP,0.5841277,1.0000
46134,2,TAP,0.7153794,1.0000
46150,1,TAP,0.5966456,1.0000
46150,2,TAP,0.7288625,1.0000
46150,3,TAP,0.4778680,1.0000
46167,1,TAP,0.6091373,1.0000
46167,3,TAP,0.4887744,1.0000
46183,1,TAP,0.6216414,1.0000
46183,3,TAP,0.4999933,1.0000
46199,1,TAP,0.6341387,1.0000
46199,3,TAP,0.5115385,1.0000
46216,1,TAP,0.6476056,1.0000
46216,3,TAP,0.5230640,1.0000
46234,1,TAP,0.6601016,1.0000
46234,3,TAP,0.5346265,1.0000
46250,1,TAP,0.6735697,1.0000
46250,3,TAP,0.5469633,1.0000
46266,1,TAP,0.6870312,1.0000
46266,3,TAP,0.5586538,1.0000
46283,1,TAP,0.7004663,1.0000
46283,3,TAP,0.5706828,1.0000
46299,1,TAP,0.7139554,1.0000
46299,3,TAP,0.5831468,1.0000
46316,1,TAP,0.7278899,1.0000
46316,3,TAP,0.5951591,1.0000
46334,3,TAP,0.6076799,1.0000
46350,3,TAP,0.6201908,1.0000
46367,3,TAP,0.6331717,1.0000
46383,2,DOWN,0.5206731,0.8357
46383,3,TAP,0.6456663,1.0000
46400,2,DOWN,0.5322115,0.8396
46400,3,TAP,0.6590932,1.0000
46417,2,DOWN,0.5447115,0.8208
46417,3,TAP,0.6720538,1.0000
46433,2,DOWN,0.5562500,0.8302
46433,3,TAP,0.6851015,1.0000
46451,2,DOWN,0.5687500,0.8255
46451,3,TAP,0.6985577,1.0000
46467,2,DOWN,0.5812500,0.8188
46467,3,TAP,0.7125089,1.0000
46483,2,DOWN,0.5932692,0.8227
46483,3,TAP,0.7259686,1.0000
46500,2,DOWN,0.6062500,0.8274
46516,2,DOWN,0.6187500,0.8143
46533,2,DOWN,0.6317308,0.8238
46550,2,DOWN,0.6447115,0.8227
46550,3,TAP,0.5206933,1.0000
46567,2,DOWN,0.6581731,0.8199
46567,3,TAP,0.5322187,1.0000
46583,2,DOWN,0.6711538,0.8219
46583,3,TAP,0.5442049,1.0000
46600,2,DOWN,0.6850962,0.8029
46600,3,TAP,0.5562360,1.0000
46616,2,DOWN,0.6990385,0.7962
46616,3,TAP,0.5678740,1.0000
46633,2,DOWN,0.7120192,0.8282
46633,3,TAP,0.5802843,1.0000
46650,2,DOWN,0.7264423,0.8216
46650,3,TAP,0.5923000,1.0000
46666,3,TAP,0.6048062,1.0000
46683,3,TAP,0.6177734,1.0000
46700,3,TAP,0.6302844,1.0000
46716,3,TAP,0.6427885,1.0000
46734,3,TAP,0.6562366,1.0000
46750,1,UP,0.5423077,0.7796
46750,3,TAP,0.6687553,1.0000
46767,3,TAP,0.6822075,1.0000
46783,1,UP,0.5663462,0.7617
46783,3,TAP,0.6956612,1.0000
46800,1,UP,0.5783654,0.7721
46800,3,TAP,0.7096035,1.0000
46816,1,UP,0.5908654,0.7887
46816,3,TAP,0.7230675,1.0000
46833,1,UP,0.6033654,0.7830
46833,2,TAP,0.4836685,1.0000
46850,1,UP,0.6158654,0.7877
46850,2,TAP,0.4951874,1.0000
46866,1,UP,0.6288462,0.7877
46866,2,TAP,0.5063402,1.0000
46883,1,UP,0.6418269,0.8019
46883,2,TAP,0.5182596,1.0000
46899,1,UP,0.6552885,0.7714
46899,2,TAP,0.5298164,1.0000
46916,1,UP,0.6687500,0.8066
46916,2,TAP,0.5413517,1.0000
46933,1,UP,0.6822115,0.7770
46933,2,TAP,0.5533710,1.0000
46951,1,UP,0.6956731,0.7876
46951,2,TAP,0.5653478,1.0000
46967,1,UP,0.7091346,0.8066
46967,2,TAP,0.5774361,1.0000
46983,1,UP,0.7230769,0.7820
46983,2,TAP,0.5899038,1.0000
47000,2,TAP,0.6024011,1.0000
47000,3,DOWN,0.4807692,0.8833
47016,2,TAP,0.6148984,1.0000
47016,3,DOWN,0.4927885,0.8844
47033,2,TAP,0.6274038,1.0000
47033,3,DOWN,0.5038462,0.8910
47049,2,TAP,0.6399201,1.0000
47049,3,DOWN,0.5153846,0.8853
47067,2,TAP,0.6533480,1.0000
47067,3,DOWN,0.5274038,0.8782
47083,2,TAP,0.6658654,1.0000
47083,3,DOWN,0.5394231,0.8750
47100,2,TAP,0.6793269,1.0000
47100,3,DOWN,0.5514423,0.8618
47116,2,TAP,0.6927619,1.0000
47116,3,DOWN,0.5634615,0.8637
47133,2,TAP,0.7062513,1.0000
47133,3,DOWN,0.5754808,0.8618
47150,2,TAP,0.7201859,1.0000
47150,3,DOWN,0.5879808,0.8604
47167,2,TAP,0.7336591,1.0000
47167,2,TAP,0.4811972,1.0000
47167,3,DOWN,0.6004808,0.8485
47183,2,TAP,0.4923239,1.0000
47183,3,DOWN,0.6129808,0.8558
47200,2,TAP,0.5038453,1.0000
47200,3,DOWN,0.6259615,0.8538
47216,2,TAP,0.5153677,1.0000
47216,3,DOWN,0.6389423,0.8380
47232,2,TAP,0.5269294,0.9984
47232,3,DOWN,0.6519231,0.8387
47249,2,TAP,0.5384671,1.0000
47249,3,DOWN,0.6653846,0.8380
47266,2,TAP,0.5509474,1.0000
47266,3,DOWN,0.6788462,0.8102
47283,2,TAP,0.5624858,1.0000
47283,3,DOWN,0.6927885,0.8037
47299,2,TAP,0.5745404,1.0000
47299,3,DOWN,0.7062500,0.8038
47316,2,TAP,0.5870206,1.0000
47316,3,DOWN,0.7201923,0.7934
47334,1,TAP,0.4798135,1.0000
47334,2,TAP,0.5994904,1.0000
47350,1,TAP,0.4909648,1.0000
47350,2,TAP,0.6115316,0.9984
47367,1,TAP,0.5028789,1.0000
47367,2,TAP,0.6245124,1.0000
47383,1,TAP,0.5144134,1.0000
47383,2,TAP,0.6370315,1.0000
47400,1,TAP,0.5259575,1.0000
47400,2,TAP,0.6499246,1.0000
47416,1,TAP,0.5372239,1.0000
47416,2,TAP,0.6629808,1.0000
47433,1,TAP,0.5490456,1.0000
47433,2,TAP,0.6764423,1.0000
47450,1,TAP,0.5611700,1.0000
47450,2,TAP,0.6898972,1.0000
47467,1,TAP,0.5730800,1.0000
47467,2,TAP,0.7033470,1.0000
47483,1,TAP,0.5855684,1.0000
47483,2,TAP,0.7167563,1.0000
47500,1,TAP,0.5976252,1.0000
47500,2,TAP,0.7307745,1.0000
47500,3,TAP,0.4788015,1.0000
47517,1,TAP,0.6101071,1.0000
47517,3,TAP,0.4903714,1.0000
47533,1,TAP,0.6230579,1.0000
47533,3,TAP,0.5009509,1.0000
47551,1,TAP,0.6360563,1.0000
47551,3,TAP,0.5125171,1.0000
47584,1,TAP,0.6620125,1.0000
47584,3,TAP,0.5360549,1.0000
47600,1,TAP,0.6749934,1.0000
47600,3,TAP,0.5480864,1.0000
47616,1,TAP,0.6879940,1.0000
47616,3,TAP,0.5600597,1.0000
47633,1,TAP,0.7019284,1.0000
47633,3,TAP,0.5720851,1.0000
47650,1,TAP,0.7153988,1.0000
47650,3,TAP,0.5841346,1.0000
47666,1,TAP,0.7288579,1.0000
47666,2,DOWN,0.4759615,0.8160
47666,3,TAP,0.5966346,0.9986
47683,2,DOWN,0.4875000,0.8216
47683,3,TAP,0.6091181,1.0000
47700,2,DOWN,0.4990385,0.8171
47700,3,TAP,0.6216387,1.0000
47717,2,DOWN,0.5105769,0.8255
47717,3,TAP,0.6341251,1.0000
47733,2,DOWN,0.5216346,0.8349
47733,3,TAP,0.6476002,1.0000
47750,2,DOWN,0.5336538,0.8219
47750,3,TAP,0.6601056,1.0000
47766,2,DOWN,0.5456731,0.8255
47766,3,TAP,0.6735497,0.9986
47784,2,DOWN,0.5576923,0.8227
47784,3,TAP,0.6865457,1.0000
47800,2,DOWN,0.5701923,0.8282
47800,3,TAP,0.7004494,1.0000
47816,2,DOWN,0.5822115,0.8246
47816,3,TAP,0.7134827,1.0000
47833,2,DOWN,0.5951923,0.8115
47833,3,TAP,0.7274026,1.0000
47833,3,TAP,0.4759532,1.0000
47850,2,DOWN,0.6072115,0.8294
47850,3,TAP,0.4874861,1.0000
47867,2,DOWN,0.6201923,0.8246
47867,3,TAP,0.4990238,1.0000
47883,2,DOWN,0.6331731,0.8219
47883,3,TAP,0.5105576,1.0000
47900,2,DOWN,0.6461538,0.8171
47900,3,TAP,0.5217789,1.0000
47917,2,DOWN,0.6591346,0.8255
47917,3,TAP,0.5336156,1.0000
47933,2,DOWN,0.6730769,0.8048
47933,3,TAP,0.5451297,1.0000
47950,2,DOWN,0.6860577,0.8199
47950,3,TAP,0.5572186,1.0000
47966,2,DOWN,0.7000000,0.8132
47966,3,TAP,0.5691994,1.0000
47984,2,DOWN,0.7139423,0.8298
47984,3,TAP,0.5812612,1.0000
48000,2,DOWN,0.7278846,0.8188
48000,3,TAP,0.5937444,1.0000
48016,3,TAP,0.6062500,1.0000
48033,1,UP,0.4966346,0.7678
48033,3,TAP,0.6187555,1.0000
48050,3,TAP,0.6312432,1.0000
48066,3,TAP,0.6442308,1.0000
48083,3,TAP,0.6571981,1.0000
48100,1,UP,0.5432692,0.7692
48100,3,TAP,0.6706677,1.0000
48116,1,UP,0.5552885,0.7606
48116,3,TAP,0.6836544,1.0000
48133,1,UP,0.5673077,0.7617
48133,3,TAP,0.6971261,1.0000
48150,1,UP,0.5798077,0.7703
48150,3,TAP,0.7105769,1.0000
48167,1,UP,0.5923077,0.7887
48167,3,TAP,0.7245127,1.0000
48184,1,UP,0.6048077,0.7916
48184,2,TAP,0.4847739,1.0000
48200,1,UP,0.6173077,0.7906
48200,2,TAP,0.4961369,1.0000
48217,1,UP,0.6302885,0.7906
48217,2,TAP,0.5076770,1.0000
48233,1,UP,0.6432692,0.7963
48233,2,TAP,0.5191965,1.0000
48249,1,UP,0.6567308,0.7793
48249,2,TAP,0.5307661,1.0000
48266,1,UP,0.6697115,0.7943
48266,2,TAP,0.5423069,1.0000
48283,1,UP,0.6831731,0.7905
48283,2,TAP,0.5547506,1.0000
48300,1,UP,0.6971154,0.8057
48300,2,TAP,0.5663360,1.0000
48317,1,UP,0.7110577,0.8244
48317,2,TAP,0.5783819,1.0000
48334,1,UP,0.7250000,0.7733
48334,2,TAP,0.5908846,1.0000
48350,2,TAP,0.6033558,1.0000
48350,3,UP,0.4826923,0.9682
48366,2,TAP,0.6158640,1.0000
48366,3,UP,0.4937500,0.9593
48383,2,TAP,0.6283654,1.0000
48383,3,UP,0.5057692,0.9368
48400,2,TAP,0.6418215,1.0000
48400,3,UP,0.5168269,0.9371
48416,2,TAP,0.6543269,1.0000
48416,3,UP,0.5288462,0.9393
48433,2,TAP,0.6673077,1.0000
48433,3,UP,0.5403846,0.9349
48449,2,TAP,0.6807626,0.9988
48449,3,UP,0.5524038,0.9104
48466,2,TAP,0.6944550,1.0000
48466,3,UP,0.5644231,0.9070
48483,2,TAP,0.7077177,1.0000
48483,3,UP,0.5769231,0.9099
48500,2,TAP,0.7211609,1.0000
48500,3,UP,0.5894231,0.9231
48517,2,TAP,0.4826648,1.0000
48517,3,UP,0.6019231,0.9040
48533,2,TAP,0.4937205,1.0000
48533,3,UP,0.6149038,0.9014
48550,2,TAP,0.5048306,1.0000
48550,3,UP,0.6278846,0.8941
48566,2,TAP,0.5163437,1.0000
48566,3,UP,0.6408654,0.8904
48583,2,TAP,0.5278838,1.0000
48583,3,UP,0.6538462,0.8826
48600,2,TAP,0.5399152,1.0000
48600,3,UP,0.6668269,0.8571
48617,2,TAP,0.5519175,1.0000
48617,3,UP,0.6802885,0.8565
48633,2,TAP,0.5639367,1.0000
48633,3,UP,0.6937500,0.8598
48650,2,TAP,0.5759380,1.0000
48650,3,UP,0.7076923,0.8694
48666,2,TAP,0.5884120,0.9984
48666,3,UP,0.7211538,0.8578
48683,2,TAP,0.6004808,1.0000
48700,2,TAP,0.6129808,1.0000
48700,3,LEFT,0.4913462,0.8954
48717,2,TAP,0.6254808,1.0000
48734,2,TAP,0.6384394,1.0000
48734,3,LEFT,0.5144231,0.9064
48750,2,TAP,0.6514423,1.0000
48766,2,TAP,0.6644013,1.0000
48783,2,TAP,0.6773972,1.0000
48783,3,LEFT,0.5495192,0.9189
48800,2,TAP,0.6908654,1.0000
48800,3,LEFT,0.5620192,0.9104
48818,2,TAP,0.7047811,1.0000
48818,3,LEFT,0.5740385,0.9158
48834,2,TAP,0.7182692,1.0000
48834,3,LEFT,0.5865385,0.9158
48867,2,TAP,0.4913389,1.0000
48867,3,LEFT,0.6115385,0.9132
48883,2,TAP,0.5028342,1.0000
48883,3,LEFT,0.6245192,0.9158
48899,2,TAP,0.5144022,1.0000
48899,3,LEFT,0.6375000,0.9132
48917,2,TAP,0.5259607,1.0000
48917,3,LEFT,0.6504808,0.9177
48933,2,TAP,0.5371095,1.0000
48933,3,LEFT,0.6639423,0.9250
48950,2,TAP,0.5490496,1.0000
48950,3,LEFT,0.6769231,0.9296
48966,2,TAP,0.5614649,1.0000
48966,3,LEFT,0.6908654,0.9303
48983,2,TAP,0.5730714,1.0000
48983,3,LEFT,0.7038462,0.9296
48999,2,TAP,0.5855376,1.0000
48999,3,LEFT,0.7182692,0.9394
49017,2,TAP,0.5976017,1.0000
49033,2,TAP,0.6100962,1.0000
49050,2,TAP,0.6225948,1.0000
49067,1,DOWN,0.5115385,0.7636
49067,2,TAP,0.6355769,1.0000
49083,1,DOWN,0.5235577,0.7667
49083,2,TAP,0.6485311,1.0000
49100,1,DOWN,0.5350962,0.7824
49100,2,TAP,0.6618987,1.0000
49116,1,DOWN,0.5471154,0.7667
49116,2,TAP,0.6745192,1.0000
49134,1,DOWN,0.5591346,0.7780
49134,2,TAP,0.6879808,1.0000
49152,1,DOWN,0.5711538,0.7936
49152,2,TAP,0.7014344,1.0000
49183,1,DOWN,0.5961538,0.7870
49183,2,TAP,0.7288514,1.0000
49183,2,TAP,0.4772392,1.0000
49200,1,DOWN,0.6086538,0.7945
49200,2,TAP,0.4884583,1.0000
49216,1,DOWN,0.6211538,0.8083
49216,2,TAP,0.4999927,1.0000
49233,1,DOWN,0.6341346,0.8157
49233,2,TAP,0.5115183,1.0000
49250,1,DOWN,0.6475962,0.8009
49250,2,TAP,0.5230648,1.0000
49266,1,DOWN,0.6605769,0.8314
49266,2,TAP,0.5346107,1.0000
49283,1,DOWN,0.6740385,0.8399
49283,2,TAP,0.5461538,1.0000
49299,1,DOWN,0.6879808,0.8286
49299,2,TAP,0.5586538,1.0000
49316,1,DOWN,0.7009615,0.8341
49316,2,TAP,0.5702138,1.0000
49334,1,DOWN,0.7149038,0.8341
49334,2,TAP,0.5826746,1.0000
49350,1,DOWN,0.7293269,0.8349
49350,2,TAP,0.5946964,1.0000
49350,3,UP,0.4750000,0.9631
49367,2,TAP,0.6072115,1.0000
49367,3,UP,0.4860577,0.9444
49383,2,TAP,0.6197225,1.0000
49383,3,UP,0.4975962,0.9510
49399,2,TAP,0.6327195,1.0000
49399,3,UP,0.5096154,0.9510
49416,2,TAP,0.6456851,1.0000
49416,3,UP,0.5206731,0.9491
49433,2,TAP,0.6581851,1.0000
49433,3,UP,0.5326923,0.9535
49450,2,TAP,0.6716346,1.0000
49450,3,UP,0.5447115,0.9163
49466,2,TAP,0.6850030,0.9973
49466,3,UP,0.5562500,0.9176
49483,2,TAP,0.6985378,1.0000
49483,3,UP,0.5687500,0.9057
49499,2,TAP,0.7119562,1.0000
49499,3,UP,0.5812500,0.9065
49517,2,TAP,0.7259346,1.0000
49517,3,UP,0.5932692,0.8981
49534,2,TAP,0.4864291,1.0000
49534,3,UP,0.6062500,0.9234
49550,2,TAP,0.4971210,1.0000
49550,3,UP,0.6187500,0.8800
49566,2,TAP,0.5086506,1.0000
49566,3,UP,0.6317308,0.8946
49583,2,TAP,0.5201755,1.0000
49583,3,UP,0.6447115,0.8967
49599,2,TAP,0.5317395,1.0000
49599,3,UP,0.6581731,0.8800
49616,2,TAP,0.5437955,1.0000
49616,3,UP,0.6711538,0.8673
49633,2,TAP,0.5557740,1.0000
49633,3,UP,0.6850962,0.8726
49650,2,TAP,0.5674167,1.0000
49650,3,UP,0.6980769,0.8578
49666,2,TAP,0.5798007,1.0000
49666,3,UP,0.7120192,0.8538
49683,2,TAP,0.5922664,1.0000
49683,3,UP,0.7259615,0.8381
49700,2,TAP,0.6043379,1.0000
49700,3,UP,0.4836538,0.9707
49716,2,TAP,0.6168324,1.0000
49716,3,UP,0.4947115,0.9379
49733,2,TAP,0.6297139,1.0000
49733,3,UP,0.5067308,0.9442
49750,2,TAP,0.6428075,1.0000
49750,3,UP,0.5177885,0.9420
49767,2,TAP,0.6557692,1.0000
49783,2,TAP,0.6687500,1.0000
49800,2,TAP,0.6822115,1.0000
49800,3,UP,0.5538462,0.9040
49816,2,TAP,0.6956465,1.0000
49816,3,UP,0.5658654,0.9009
49833,2,TAP,0.7091451,1.0000
49833,3,UP,0.5783654,0.9188
49850,2,TAP,0.7230396,1.0000
49850,3,UP,0.5903846,0.9057
49867,2,TAP,0.4836393,1.0000
49867,3,UP,0.6033654,0.9091
49883,2,TAP,0.4951648,1.0000
49883,3,UP,0.6158654,0.8972
49900,2,TAP,0.5062365,1.0000
49900,3,UP,0.6288462,0.8988
49916,2,TAP,0.5180566,1.0000
49916,3,UP,0.6418269,0.8894
49933,2,TAP,0.5298021,1.0000
49933,3,UP,0.6548077,0.8806
49951,2,TAP,0.5413462,1.0000
49951,3,UP,0.6682692,0.8679
49967,2,TAP,0.5528846,1.0000
49967,3,UP,0.6817308,0.8685
49983,2,TAP,0.5652804,1.0000
49983,3,UP,0.6951923,0.8712
49999,2,TAP,0.5769419,1.0000
49999,3,UP,0.7091346,0.8667
50016,2,TAP,0.5893955,1.0000
50016,3,UP,0.7230769,0.8619
50033,2,TAP,0.6018414,1.0000
50050,2,TAP,0.6144024,1.0000
50067,2,TAP,0.6269077,1.0000
50083,2,TAP,0.6398985,1.0000
50101,2,TAP,0.6523972,1.0000
50133,2,TAP,0.6788462,1.0000
50133,3,LEFT,0.5509615,0.9118
50150,2,TAP,0.6925060,1.0000
50150,3,LEFT,0.5629808,0.9082
50167,2,TAP,0.7058296,0.9988
50167,3,LEFT,0.5754808,0.9208
50183,2,TAP,0.7196961,1.0000
50183,3,LEFT,0.5875000,0.9104
50199,2,TAP,0.4806902,0.9984
50199,3,LEFT,0.6004808,0.9227
50217,2,TAP,0.4922599,1.0000
50217,3,LEFT,0.6125000,0.9158
50233,2,TAP,0.5038198,1.0000
50233,3,LEFT,0.6254808,0.9185
50250,2,TAP,0.5153615,1.0000
50250,3,LEFT,0.6384615,0.9104
50267,2,TAP,0.5269144,1.0000
50267,3,LEFT,0.6514423,0.9154
50283,2,TAP,0.5384560,1.0000
50283,3,LEFT,0.6649038,0.9150
50299,2,TAP,0.5499921,1.0000
50299,3,LEFT,0.6783654,0.9150
50317,2,TAP,0.5624882,1.0000
50317,3,LEFT,0.6923077,0.9223
50333,2,TAP,0.5745164,1.0000
50333,3,LEFT,0.7057692,0.9300
50350,2,TAP,0.5865439,1.0000
50350,3,LEFT,0.7192308,0.9293
50367,2,TAP,0.5990109,1.0000
50367,3,LEFT,0.7341346,0.9327
50384,2,TAP,0.6114837,1.0000
50400,2,TAP,0.6244920,1.0000
50416,1,DOWN,0.5129808,0.7636
50416,2,TAP,0.6370058,1.0000
50433,1,DOWN,0.5245192,0.7696
50433,2,TAP,0.6495058,1.0000
50450,1,DOWN,0.5365385,0.7767
50450,2,TAP,0.6629808,1.0000
50467,1,DOWN,0.5480769,0.7696
50467,2,TAP,0.6764290,1.0000
50483,1,DOWN,0.5605769,0.7731
50483,2,TAP,0.6894394,1.0000
50499,1,DOWN,0.5725962,0.7872
50499,2,TAP,0.7028828,1.0000
50516,1,DOWN,0.5850962,0.7973
50516,2,TAP,0.7163473,1.0000
50533,1,DOWN,0.5971154,0.7786
50533,2,TAP,0.7307657,1.0000
50533,2,TAP,0.4788276,1.0000
50550,1,DOWN,0.6100962,0.8178
50550,2,TAP,0.4894247,1.0000
50567,1,DOWN,0.6230769,0.8203
50567,2,TAP,0.5009527,1.0000
50584,1,DOWN,0.6360577,0.8157
50584,2,TAP,0.5124879,1.0000
50616,1,DOWN,0.6620192,0.8268
50616,2,TAP,0.5355769,1.0000
50633,1,DOWN,0.6759615,0.8306
50633,2,TAP,0.5476018,1.0000
50649,1,DOWN,0.6889423,0.8286
50649,2,TAP,0.5596083,1.0000
50666,1,DOWN,0.7028846,0.8274
50666,2,TAP,0.5716123,1.0000
50684,1,DOWN,0.7168269,0.8314
50684,2,TAP,0.5841208,1.0000
50717,2,TAP,0.6086538,1.0000
50717,3,UP,0.4870192,0.9398
50733,2,TAP,0.6216346,1.0000
50733,3,UP,0.4985577,0.9541
50751,2,TAP,0.6341346,1.0000
50751,3,UP,0.5100962,0.9395
50767,2,TAP,0.6466481,1.0000
50767,3,UP,0.5216346,0.9355
50784,2,TAP,0.6600382,1.0000
50784,3,UP,0.5336538,0.9171
50800,2,TAP,0.6730703,0.9988
50800,3,UP,0.5456731,0.9167
50816,2,TAP,0.6865385,1.0000
50816,3,UP,0.5576923,0.9108
50833,2,TAP,0.6999886,1.0000
50833,3,UP,0.5701923,0.9249
50849,2,TAP,0.7134615,1.0000
50849,3,UP,0.5822115,0.9023
50867,2,TAP,0.7273143,1.0000
50867,2,TAP,0.4759251,1.0000
50867,3,UP,0.5947115,0.9007
50883,2,TAP,0.4874693,1.0000
50883,3,UP,0.6072115,0.9167
50900,2,TAP,0.4990027,1.0000
50900,3,UP,0.6201923,0.8726
50916,2,TAP,0.5100933,1.0000
50916,3,UP,0.6331731,0.9009
50933,2,TAP,0.5216260,1.0000
50933,3,UP,0.6461538,0.8847
50949,2,TAP,0.5331731,1.0000
50949,3,UP,0.6591346,0.8592
50966,2,TAP,0.5451485,0.9984
50966,3,UP,0.6725962,0.8747
50983,2,TAP,0.5567363,1.0000
50983,3,UP,0.6860577,0.8544
51000,2,TAP,0.5691716,1.0000
51000,3,UP,0.7000000,0.8605
51016,2,TAP,0.5812611,1.0000
51016,3,UP,0.7134615,0.8511
51033,2,TAP,0.5932731,1.0000
51033,3,UP,0.7274038,0.8381
51050,2,TAP,0.6062500,1.0000
51050,3,UP,0.4846154,0.9658
51066,2,TAP,0.6187363,1.0000
51066,3,UP,0.4966346,0.9606
51083,2,TAP,0.6312513,1.0000
51083,3,UP,0.5076923,0.9423
51100,2,TAP,0.6437688,1.0000
51100,3,UP,0.5197115,0.9607
51117,2,TAP,0.6571916,1.0000
51133,2,TAP,0.6704308,1.0000
51150,2,TAP,0.6831797,1.0000
51150,3,UP,0.5552885,0.9202
51167,2,TAP,0.6966346,1.0000
51167,3,UP,0.5673077,0.9112
51184,2,TAP,0.7105863,1.0000
51184,3,UP,0.5793269,0.9124
51200,2,TAP,0.7240490,1.0000
51200,3,UP,0.5923077,0.9074
51217,2,TAP,0.4846284,1.0000
51217,3,UP,0.6043269,0.9091
51233,2,TAP,0.4961130,1.0000
51233,3,UP,0.6173077,0.8993
51250,2,TAP,0.5076762,1.0000
51250,3,UP,0.6302885,0.8988
51266,2,TAP,0.5192004,1.0000
51266,3,UP,0.6432692,0.8868
51283,2,TAP,0.5307519,1.0000
51283,3,UP,0.6562500,0.8774
51300,2,TAP,0.5423045,1.0000
51300,3,UP,0.6697115,0.8726
51316,2,TAP,0.5538446,1.0000
51316,3,UP,0.6831731,0.8665
51333,2,TAP,0.5662895,1.0000
51333,3,UP,0.6971154,0.8545
51350,2,TAP,0.5783764,1.0000
51350,3,UP,0.7105769,0.8429
51367,2,TAP,0.5908764,1.0000
51367,3,UP,0.7245192,0.8700
51383,2,TAP,0.6033668,1.0000
51400,2,TAP,0.6153754,1.0000
51416,2,TAP,0.6283736,1.0000
51433,2,TAP,0.6408789,1.0000
51450,1,UP,0.5283654,0.7628
51450,2,TAP,0.6543350,1.0000
51466,2,TAP,0.6673023,1.0000
51483,1,UP,0.5524038,0.7671
51483,2,TAP,0.6802805,1.0000
51500,1,UP,0.5644231,0.7617
51500,2,TAP,0.6937380,1.0000
51516,1,UP,0.5764423,0.7786
51516,2,TAP,0.7072259,1.0000
51533,1,UP,0.5889423,0.7860
51533,2,TAP,0.7211538,1.0000
51550,1,UP,0.6014423,0.7617
51550,3,TAP,0.4818566,1.0000
51567,1,UP,0.6139423,0.7728
51567,3,TAP,0.4932851,1.0000
51583,1,UP,0.6269231,0.7765
51583,3,TAP,0.5047979,1.0000
51600,1,UP,0.6399038,0.8019
51600,3,TAP,0.5163494,1.0000
51617,1,UP,0.6533654,0.7743
51617,3,TAP,0.5278798,1.0000
51633,1,UP,0.6668269,0.8029
51633,3,TAP,0.5396609,1.0000
51650,1,UP,0.6802885,0.7847
51650,3,TAP,0.5514820,1.0000
51666,1,UP,0.6937500,0.7943
51666,3,TAP,0.5634436,1.0000
51683,1,UP,0.7072115,0.7762
51683,3,TAP,0.5754739,1.0000
51700,1,UP,0.7211538,0.7791
51700,3,TAP,0.5879601,1.0000
51717,2,LEFT,0.4793269,0.9652
51717,3,TAP,0.5999847,0.9968
51733,2,LEFT,0.4908654,0.9674
51733,3,TAP,0.6129849,1.0000
51749,2,LEFT,0.5024038,0.9600
51749,3,TAP,0.6254902,1.0000
51766,2,LEFT,0.5139423,0.9650
51766,3,TAP,0.6379929,1.0000
51784,2,LEFT,0.5259615,0.9648
51784,3,TAP,0.6514396,1.0000
51800,2,LEFT,0.5375000,0.9750
51800,3,TAP,0.6639544,1.0000
51816,2,LEFT,0.5495192,0.9650
51816,3,TAP,0.6773945,1.0000
51833,2,LEFT,0.5615385,0.9626
51833,3,TAP,0.6908786,1.0000
51849,2,LEFT,0.5735577,0.9574
51849,3,TAP,0.7043388,1.0000
51866,2,LEFT,0.5865385,0.9698
51866,3,TAP,0.7178002,1.0000
51883,2,LEFT,0.5985577,0.9669
51883,3,TAP,0.7317384,1.0000
51883,3,TAP,0.4798018,1.0000
51900,2,LEFT,0.6110577,0.9622
51900,3,TAP,0.4913404,1.0000
51916,2,LEFT,0.6240385,0.9648
51916,3,TAP,0.5024038,1.0000
51933,2,LEFT,0.6370192,0.9695
51933,3,TAP,0.5134615,1.0000
51950,2,LEFT,0.6500000,0.9643
51950,3,TAP,0.5254286,1.0000
51966,2,LEFT,0.6634615,0.9622
51966,3,TAP,0.5370305,1.0000
51983,2,LEFT,0.6769231,0.9671
51983,3,TAP,0.5490385,1.0000
52000,2,LEFT,0.6903846,0.9746
52000,3,TAP,0.5605699,1.0000
52017,2,LEFT,0.7043269,0.9671
52017,3,TAP,0.5730208,1.0000
52033,2,LEFT,0.7182692,0.9697
52033,3,TAP,0.5851044,1.0000
52049,2,LEFT,0.7322115,0.9697
52049,3,TAP,0.5976044,1.0000
52067,3,TAP,0.6100989,1.0000
52083,3,TAP,0.6226165,1.0000
52100,1,DOWN,0.5115385,0.7619
52100,3,TAP,0.6350962,1.0000
52117,1,DOWN,0.5225962,0.7778
52117,3,TAP,0.6485456,1.0000
52133,1,DOWN,0.5346154,0.7860
52133,3,TAP,0.6610671,1.0000
52150,1,DOWN,0.5466346,0.7685
52150,3,TAP,0.6745126,1.0000
52166,1,DOWN,0.5591346,0.7790
52166,3,TAP,0.6879874,1.0000
52183,1,DOWN,0.5711538,0.7908
52183,3,TAP,0.7014502,1.0000
52199,1,DOWN,0.5831731,0.7710
52199,3,TAP,0.7149169,1.0000
52217,1,DOWN,0.5961538,0.7842
52217,2,TAP,0.4769174,1.0000
52217,3,TAP,0.7288602,1.0000
52233,1,DOWN,0.6081731,0.8000
52233,2,TAP,0.4884126,1.0000
52250,1,DOWN,0.6211538,0.8047
52250,2,TAP,0.4999526,1.0000
52266,1,DOWN,0.6341346,0.8194
52266,2,TAP,0.5115025,1.0000
52283,1,DOWN,0.6471154,0.7944
52283,2,TAP,0.5230152,1.0000
52299,1,DOWN,0.6605769,0.8268
52299,2,TAP,0.5346209,1.0000
52317,1,DOWN,0.6740385,0.8318
52317,2,TAP,0.5461546,1.0000
52334,1,DOWN,0.6875000,0.8246
52334,2,TAP,0.5582013,1.0000
52352,1,DOWN,0.7009615,0.8294
52352,2,TAP,0.5701782,1.0000
52383,1,DOWN,0.7288462,0.8369
52383,2,TAP,0.5947061,1.0000
52400,2,TAP,0.6072061,1.0000
52400,3,UP,0.4860577,0.9469
52417,2,TAP,0.6197156,1.0000
52417,3,UP,0.4975962,0.9557
52433,2,TAP,0.6324697,1.0000
52433,3,UP,0.5086538,0.9374
52449,2,TAP,0.6456450,1.0000
52449,3,UP,0.5206731,0.9398
52466,2,TAP,0.6581717,1.0000
52466,3,UP,0.5326923,0.9559
52482,2,TAP,0.6716346,1.0000
52482,3,UP,0.5442308,0.9192
52500,2,TAP,0.6850762,1.0000
52500,3,UP,0.5562500,0.9176
52517,2,TAP,0.6981072,1.0000
52517,3,UP,0.5682692,0.9112
52533,2,TAP,0.7120114,1.0000
52533,3,UP,0.5802885,0.9145
52549,2,TAP,0.7255156,1.0000
52549,3,UP,0.5932692,0.9023
52567,2,TAP,0.4855818,1.0000
52567,3,UP,0.6057692,0.9188
52584,2,TAP,0.4970961,1.0000
52584,3,UP,0.6187500,0.8806
52600,2,TAP,0.5086595,1.0000
52600,3,UP,0.6312500,0.8779
52617,2,TAP,0.5201699,1.0000
52617,3,UP,0.6442308,0.8826
52633,2,TAP,0.5317268,1.0000
52633,3,UP,0.6576923,0.8873
52650,2,TAP,0.5432859,1.0000
52650,3,UP,0.6711538,0.8726
52666,2,TAP,0.5553932,1.0000
52666,3,UP,0.6846154,0.8759
52683,2,TAP,0.5672820,0.9984
52683,3,UP,0.6980769,0.8626
52699,2,TAP,0.5797906,1.0000
52699,3,UP,0.7120192,0.8491
52717,2,TAP,0.5917899,1.0000
52717,3,UP,0.7259615,0.8322
52734,1,TAP,0.4846154,1.0000
52734,2,TAP,0.6043255,1.0000
52750,1,TAP,0.4961262,1.0000
52750,2,TAP,0.6171864,1.0000
52766,1,TAP,0.5072115,1.0000
52766,2,TAP,0.6293269,1.0000
52783,1,TAP,0.5188797,1.0000
52783,2,TAP,0.6421470,1.0000
52800,1,TAP,0.5307621,1.0000
52800,2,TAP,0.6552885,1.0000
52816,1,TAP,0.5422934,1.0000
52816,2,TAP,0.6687367,1.0000
52834,1,TAP,0.5538407,1.0000
52834,2,TAP,0.6817308,1.0000
52850,1,TAP,0.5662512,1.0000
52850,2,TAP,0.6951929,1.0000
52866,1,TAP,0.5783654,1.0000
52866,2,TAP,0.7086757,1.0000
52883,1,TAP,0.5908668,1.0000
52883,2,TAP,0.7225962,1.0000
52900,1,TAP,0.6028755,1.0000
52900,3,TAP,0.4835039,1.0000
52916,1,TAP,0.6152422,0.9985
52916,3,TAP,0.4947071,1.0000
52934,1,TAP,0.6283519,1.0000
52934,3,TAP,0.5057595,1.0000
52950,1,TAP,0.6408640,1.0000
52950,3,TAP,0.5172578,1.0000
52966,1,TAP,0.6538417,1.0000
52966,3,TAP,0.5292792,0.9970
52983,1,TAP,0.6668323,1.0000
52983,3,TAP,0.5408512,1.0000
52999,1,TAP,0.6802978,1.0000
52999,3,TAP,0.5526156,1.0000
53016,1,TAP,0.6937421,1.0000
53016,3,TAP,0.5647801,1.0000
53033,1,TAP,0.7072115,1.0000
53033,3,TAP,0.5769060,1.0000
53050,1,TAP,0.7211515,1.0000
53050,3,TAP,0.5889688,1.0000
53067,2,UP,0.4807692,0.8238
53067,3,TAP,0.6015006,1.0000
53083,2,UP,0.4918269,0.8199
53083,3,TAP,0.6135994,1.0000
53100,2,UP,0.5038462,0.8294
53100,3,TAP,0.6264545,1.0000
53116,2,UP,0.5153846,0.8341
53116,3,TAP,0.6398345,1.0000
53134,2,UP,0.5269231,0.8258
53134,3,TAP,0.6524159,1.0000
53150,2,UP,0.5389423,0.8238
53150,3,TAP,0.6658255,1.0000
53166,2,UP,0.5504808,0.8199
53166,3,TAP,0.6788606,1.0000
53183,2,UP,0.5629808,0.8278
53183,3,TAP,0.6921450,1.0000
53200,2,UP,0.5750000,0.8314
53200,3,TAP,0.7057746,1.0000
53216,2,UP,0.5875000,0.8278
53216,3,TAP,0.7192296,1.0000
53233,2,UP,0.6000000,0.8241
53233,3,TAP,0.4807751,1.0000
53250,2,UP,0.6129808,0.8213
53250,3,TAP,0.4922953,1.0000
53266,2,UP,0.6254808,0.8136
53266,3,TAP,0.5036109,0.9947
53283,2,UP,0.6384615,0.8175
53283,3,TAP,0.5152333,1.0000
53299,2,UP,0.6519231,0.8175
53299,3,TAP,0.5265240,1.0000
53317,2,UP,0.6649038,0.8164
53317,3,TAP,0.5384592,1.0000
53333,2,UP,0.6783654,0.8078
53333,3,TAP,0.5499811,1.0000
53350,2,UP,0.6923077,0.8309
53350,3,TAP,0.5620516,1.0000
53367,2,UP,0.7057692,0.8232
53367,3,TAP,0.5740299,1.0000
53383,2,UP,0.7197115,0.8213
53383,3,TAP,0.5860605,1.0000
53399,3,TAP,0.5982868,1.0000
53417,3,TAP,0.6110632,1.0000
53434,3,TAP,0.6235563,1.0000
53450,3,TAP,0.6370111,1.0000
53466,1,DOWN,0.5245192,0.7639
53466,3,TAP,0.6495381,1.0000
53483,1,DOWN,0.5360577,0.7806
53483,3,TAP,0.6629901,1.0000
53499,1,DOWN,0.5480769,0.7661
53499,3,TAP,0.6755101,1.0000
53516,1,DOWN,0.5600962,0.7770
53516,3,TAP,0.6889556,1.0000
53533,1,DOWN,0.5721154,0.7880
53533,3,TAP,0.7024236,1.0000
53550,1,DOWN,0.5846154,0.7954
53550,3,TAP,0.7163650,1.0000
53567,1,DOWN,0.5971154,0.7804
53567,2,TAP,0.4781399,1.0000
53567,3,TAP,0.7298200,1.0000
53584,1,DOWN,0.6100962,0.8122
53584,2,TAP,0.4894288,1.0000
53600,1,DOWN,0.6225962,0.8287
53600,2,TAP,0.5009615,1.0000
53616,1,DOWN,0.6355769,0.8146
53616,2,TAP,0.5125000,1.0000
53633,1,DOWN,0.6485577,0.8333
53633,2,TAP,0.5240312,1.0000
53650,1,DOWN,0.6620192,0.8233
53650,2,TAP,0.5355612,1.0000
53666,1,DOWN,0.6750000,0.8353
53666,2,TAP,0.5471265,1.0000
53683,1,DOWN,0.6889423,0.8286
53683,2,TAP,0.5591346,1.0000
53699,1,DOWN,0.7028846,0.8169
53699,2,TAP,0.5716233,1.0000
53716,1,DOWN,0.7163462,0.8266
53716,2,TAP,0.5836484,1.0000
53733,1,DOWN,0.7302885,0.8389
53733,2,TAP,0.5960908,1.0000
53733,3,UP,0.4759615,0.9611
53750,2,TAP,0.6082049,1.0000
53750,3,UP,0.4870192,0.9491
53767,2,TAP,0.6206731,1.0000
53767,3,UP,0.4985577,0.9635
53783,2,TAP,0.6341224,1.0000
53783,3,UP,0.5100962,0.9444
53800,2,TAP,0.6466534,1.0000
53800,3,UP,0.5216346,0.9491
53816,2,TAP,0.6596347,1.0000
53816,3,UP,0.5336538,0.9213
53833,2,TAP,0.6726055,1.0000
53833,3,UP,0.5456731,0.9188
53850,2,TAP,0.6860577,1.0000
53850,3,UP,0.5576923,0.9202
53866,2,TAP,0.6995126,1.0000
53866,3,UP,0.5697115,0.9057
53882,2,TAP,0.7134528,1.0000
53882,3,UP,0.5822115,0.9061
53899,2,TAP,0.7269184,1.0000
53899,2,TAP,0.4758023,1.0000
53899,3,UP,0.5942308,0.8961
53917,2,TAP,0.4870527,1.0000
53917,3,UP,0.6072115,0.9234
53933,2,TAP,0.4980681,1.0000
53933,3,UP,0.6197115,0.8852
53951,2,TAP,0.5095937,1.0000
53951,3,UP,0.6326923,0.8972
53967,2,TAP,0.5211394,1.0000
53967,3,UP,0.6456731,0.8967
53983,2,TAP,0.5326790,1.0000
53983,3,UP,0.6591346,0.8612
53999,2,TAP,0.5446804,1.0000
53999,3,UP,0.6721154,0.8726
54016,2,TAP,0.5566979,1.0000
54016,3,UP,0.6860577,0.8800
54033,2,TAP,0.5687317,1.0000
54033,3,UP,0.7000000,0.8571
54049,2,TAP,0.5807839,1.0000
54049,3,UP,0.7134615,0.8524
54067,2,TAP,0.5932746,1.0000
54067,3,UP,0.7274038,0.8421
54083,2,TAP,0.6052995,1.0000
54099,2,TAP,0.6177885,1.0000
54116,2,TAP,0.6307769,1.0000
54133,2,TAP,0.6437635,1.0000
54133,3,LEFT,0.5192308,0.8954
54150,2,TAP,0.6562500,1.0000
54167,2,TAP,0.6697115,1.0000
54183,2,TAP,0.6831731,1.0000
54183,3,LEFT,0.5548077,0.9181
54199,2,TAP,0.6966399,1.0000
54199,3,LEFT,0.5668269,0.9132
54216,2,TAP,0.7101079,1.0000
54216,3,LEFT,0.5793269,0.9208
54233,2,TAP,0.7240490,1.0000
54233,3,LEFT,0.5913462,0.9132
54250,2,TAP,0.4845499,1.0000
54250,3,LEFT,0.6043269,0.9231
54267,2,TAP,0.4956282,1.0000
54267,3,LEFT,0.6163462,0.9132
54283,2,TAP,0.5070370,1.0000
54283,3,LEFT,0.6298077,0.9173
54300,2,TAP,0.5183484,1.0000
54300,3,LEFT,0.6423077,0.9280
54316,2,TAP,0.5305398,1.0000
54316,3,LEFT,0.6557692,0.9127
54333,2,TAP,0.5422780,1.0000
54333,3,LEFT,0.6692308,0.9303
54350,2,TAP,0.5538321,1.0000
54350,3,LEFT,0.6831731,0.8974
54368,2,TAP,0.5658584,1.0000
54368,3,LEFT,0.6961538,0.9426
54384,2,TAP,0.5778985,1.0000
54384,3,LEFT,0.7100962,0.9327
54400,2,TAP,0.5903777,1.0000
54400,3,LEFT,0.7240385,0.9327
54417,2,TAP,0.6028792,1.0000
54433,2,TAP,0.6153556,1.0000
54450,2,TAP,0.6283233,1.0000
54467,1,DOWN,0.5163462,0.7621
54467,2,TAP,0.6408748,1.0000
54483,1,DOWN,0.5283654,0.7604
54483,2,TAP,0.6536477,1.0000
54500,1,DOWN,0.5403846,0.7731
54500,2,TAP,0.6668269,1.0000
54516,1,DOWN,0.5519231,0.7936
54516,2,TAP,0.6802619,1.0000
54533,1,DOWN,0.5639423,0.7814
54533,2,TAP,0.6937090,1.0000
54550,1,DOWN,0.5764423,0.7870
54550,2,TAP,0.7072207,0.9919
54566,1,DOWN,0.5889423,0.7818
54566,2,TAP,0.7211538,1.0000
54583,1,DOWN,0.6009615,0.7972
54583,2,TAP,0.7346154,1.0000
54583,2,TAP,0.4817114,1.0000
54600,1,DOWN,0.6139423,0.8037
54600,2,TAP,0.4932459,1.0000
54616,1,DOWN,0.6269231,0.8129
54616,2,TAP,0.5047708,1.0000
54633,1,DOWN,0.6399038,0.8178
54633,2,TAP,0.5163079,1.0000
54649,1,DOWN,0.6528846,0.8260
54649,2,TAP,0.5278634,1.0000
54666,1,DOWN,0.6658654,0.8155
54666,2,TAP,0.5394318,1.0000
54684,1,DOWN,0.6798077,0.8318
54684,2,TAP,0.5514339,1.0000
54700,1,DOWN,0.6932692,0.8152
54700,2,TAP,0.5634482,1.0000
54716,1,DOWN,0.7072115,0.8436
54716,2,TAP,0.5754683,1.0000
54733,1,DOWN,0.7211538,0.8451
54733,2,TAP,0.5874977,1.0000
54750,2,TAP,0.5999885,1.0000
54750,3,UP,0.4793269,0.9498
54766,2,TAP,0.6124916,1.0000
54766,3,UP,0.4908654,0.9515
54783,2,TAP,0.6254576,1.0000
54783,3,UP,0.5024038,0.9703
54801,2,TAP,0.6379727,1.0000
54801,3,UP,0.5139423,0.9442
54817,2,TAP,0.6504915,1.0000
54817,3,UP,0.5254808,0.9447
54833,2,TAP,0.6639356,1.0000
54833,3,UP,0.5375000,0.9398
54849,2,TAP,0.6772866,1.0000
54849,3,UP,0.5495192,0.9306
54866,2,TAP,0.6903786,0.9975
54866,3,UP,0.5615385,0.9163
54883,2,TAP,0.7038556,1.0000
54883,3,UP,0.5735577,0.9070
54900,2,TAP,0.7173130,1.0000
54900,3,UP,0.5860577,0.8977
54916,2,TAP,0.7317325,1.0000
54916,2,TAP,0.4795976,1.0000
54916,3,UP,0.5985577,0.9049
54933,2,TAP,0.4903528,1.0000
54933,3,UP,0.6110577,0.8899
54950,2,TAP,0.5018952,1.0000
54950,3,UP,0.6240385,0.8842
54966,2,TAP,0.5134345,1.0000
54966,3,UP,0.6370192,0.8925
54984,2,TAP,0.5249953,1.0000
54984,3,UP,0.6500000,0.8732
55000,2,TAP,0.5365385,1.0000
55000,3,UP,0.6629808,0.8612
55016,2,TAP,0.5485647,1.0000
55016,3,UP,0.6769231,0.8873
55032,2,TAP,0.5605549,1.0000
55032,3,UP,0.6899038,0.8498
55050,2,TAP,0.5725739,1.0000
55050,3,UP,0.7038462,0.8706
55066,2,TAP,0.5846138,1.0000
55066,3,UP,0.7177885,0.8545
55083,2,TAP,0.5971016,1.0000
55083,3,UP,0.4769231,0.9658
55100,2,TAP,0.6100866,1.0000
55100,3,UP,0.4879808,0.9447
55116,2,TAP,0.6225934,1.0000
55116,3,UP,0.4995192,0.9493
55133,2,TAP,0.6350921,1.0000
55133,3,UP,0.5115385,0.9493
55150,2,TAP,0.6478376,1.0000
55167,2,TAP,0.6610577,1.0000
55183,2,TAP,0.6740385,1.0000
55183,3,UP,0.5466346,0.9163
55200,2,TAP,0.6874837,1.0000
55200,3,UP,0.5586538,0.9108
55217,2,TAP,0.7009782,1.0000
55217,3,UP,0.5711538,0.9234
55233,2,TAP,0.7144231,1.0000
55233,3,UP,0.5831731,0.9040
55249,2,TAP,0.7282959,1.0000
55249,2,TAP,0.4768506,1.0000
55249,3,UP,0.5956731,0.9049
55266,2,TAP,0.4882031,1.0000
55266,3,UP,0.6081731,0.9192
55283,2,TAP,0.4992117,1.0000
55283,3,UP,0.6211538,0.8747
55300,2,TAP,0.5106897,1.0000
55300,3,UP,0.6341346,0.8800
55316,2,TAP,0.5221010,1.0000
55316,3,UP,0.6471154,0.8920
55333,2,TAP,0.5340434,1.0000
55333,3,UP,0.6600962,0.8612
55350,2,TAP,0.5461413,1.0000
55350,3,UP,0.6740385,0.8826
55366,2,TAP,0.5576931,1.0000
55366,3,UP,0.6870192,0.8491
55383,2,TAP,0.5697242,1.0000
55383,3,UP,0.7009615,0.8652
55400,2,TAP,0.5821978,0.9929
55400,3,UP,0.7149038,0.8592
55416,2,TAP,0.5947212,1.0000
55416,3,UP,0.7288462,0.8416
55433,2,TAP,0.6067362,1.0000
55449,2,TAP,0.6192362,1.0000
55466,2,TAP,0.6322387,1.0000
55483,2,TAP,0.6447358,1.0000
55500,2,TAP,0.6581825,1.0000
55517,2,TAP,0.6711430,1.0000
55533,2,TAP,0.6843690,1.0000
55533,3,LEFT,0.5557692,0.9238
55551,2,TAP,0.6980817,1.0000
55551,3,LEFT,0.5677885,0.9082
55583,2,TAP,0.7250000,1.0000
55583,3,LEFT,0.5927885,0.9109
55600,2,TAP,0.4855794,1.0000
55600,3,LEFT,0.6052885,0.9181
55617,2,TAP,0.4971065,1.0000
55617,3,LEFT,0.6182692,0.9132
55633,2,TAP,0.5086020,0.9983
55633,3,LEFT,0.6312500,0.9204
55649,2,TAP,0.5197845,1.0000
55649,3,LEFT,0.6442308,0.9132
55666,2,TAP,0.5317173,1.0000
55666,3,LEFT,0.6572115,0.9132
55683,2,TAP,0.5432238,0.9984
55683,3,LEFT,0.6701923,0.9296
55700,2,TAP,0.5552800,1.0000
55700,3,LEFT,0.6841346,0.9250
55717,2,TAP,0.5672654,1.0000
55717,3,LEFT,0.6980769,0.9424
55734,2,TAP,0.5793408,1.0000
55734,3,LEFT,0.7115385,0.9300
55750,2,TAP,0.5918311,1.0000
55750,3,LEFT,0.7254808,0.9323
55766,2,TAP,0.6038462,1.0000
55783,2,TAP,0.6168201,1.0000
55800,2,TAP,0.6291688,1.0000
55817,2,TAP,0.6418514,1.0000
55833,1,DOWN,0.5293269,0.7639
55833,2,TAP,0.6552885,1.0000
55849,1,DOWN,0.5413462,0.7760
55849,2,TAP,0.6681753,1.0000
55866,1,DOWN,0.5533654,0.7918
55866,2,TAP,0.6812500,1.0000
55883,1,DOWN,0.5653846,0.7767
55883,2,TAP,0.6947115,1.0000
55900,1,DOWN,0.5774038,0.7842
55900,2,TAP,0.7086674,1.0000
55917,1,DOWN,0.5899038,0.7844
55917,2,TAP,0.7221207,1.0000
55934,1,DOWN,0.6024038,0.7897
55934,2,TAP,0.4831671,1.0000
55950,1,DOWN,0.6153846,0.7944
55950,2,TAP,0.4942275,1.0000
55967,1,DOWN,0.6283654,0.8131
55967,2,TAP,0.5057603,1.0000
55983,1,DOWN,0.6408654,0.8186
55983,2,TAP,0.5172916,1.0000
56000,1,DOWN,0.6543269,0.8150
56000,2,TAP,0.5288226,1.0000
56018,1,DOWN,0.6677885,0.8255
56018,2,TAP,0.5408386,1.0000
56049,1,DOWN,0.6947115,0.8124
56049,2,TAP,0.5644114,1.0000
56066,1,DOWN,0.7086538,0.8290
56066,2,TAP,0.5768193,1.0000
56083,1,DOWN,0.7221154,0.8545
56083,2,TAP,0.5889135,0.9986
56100,2,TAP,0.6017559,1.0000
56100,3,UP,0.4807692,0.9680
56117,2,TAP,0.6135856,1.0000
56117,3,UP,0.4918269,0.9616
56133,2,TAP,0.6264409,1.0000
56133,3,UP,0.5033654,0.9513
56150,2,TAP,0.6389600,1.0000
56150,3,UP,0.5149038,0.9192
56167,2,TAP,0.6523601,1.0000
56167,3,UP,0.5269231,0.9395
56183,2,TAP,0.6653519,1.0000
56183,3,UP,0.5384615,0.9324
56199,2,TAP,0.6784640,1.0000
56199,3,UP,0.5504808,0.9259
56217,2,TAP,0.6918269,1.0000
56217,3,UP,0.5625000,0.8998
56233,2,TAP,0.7053043,1.0000
56233,3,UP,0.5750000,0.9083
56249,2,TAP,0.7192308,1.0000
56249,3,UP,0.5875000,0.9053
56266,2,TAP,0.4807530,0.9983
56266,3,UP,0.6000000,0.8941
56283,2,TAP,0.4918415,1.0000
56283,3,UP,0.6125000,0.8894
56300,2,TAP,0.5029249,1.0000
56300,3,UP,0.6250000,0.8925
56316,2,TAP,0.5144190,1.0000
56316,3,UP,0.6379808,0.8779
56334,2,TAP,0.5259766,1.0000
56334,3,UP,0.6514423,0.8779
56350,2,TAP,0.5382992,1.0000
56350,3,UP,0.6649038,0.8785
56366,2,TAP,0.5499984,1.0000
56366,3,UP,0.6778846,0.8585
56383,2,TAP,0.5615377,1.0000
56383,3,UP,0.6918269,0.8565
56399,2,TAP,0.5740353,1.0000
56399,3,UP,0.7052885,0.8524
56416,2,TAP,0.5860673,1.0000
56416,3,UP,0.7192308,0.8504
56434,2,TAP,0.5981701,1.0000
56434,3,UP,0.7331731,0.8518
56434,3,UP,0.4778846,0.9615
56450,2,TAP,0.6110577,1.0000
56450,3,UP,0.4894231,0.9631
56466,2,TAP,0.6235509,1.0000
56466,3,UP,0.5009615,0.9466
56483,2,TAP,0.6360754,1.0000
56483,3,UP,0.5125000,0.9515
56500,2,TAP,0.6494980,1.0000
56500,3,UP,0.5245192,0.9398
56516,2,TAP,0.6620192,1.0000
56533,2,TAP,0.6754808,1.0000
56533,3,UP,0.5480769,0.9355
56550,2,TAP,0.6889423,1.0000
56550,3,UP,0.5600962,0.9374
56566,2,TAP,0.7024184,1.0000
56566,3,UP,0.5721154,0.9011
56583,2,TAP,0.7158706,1.0000
56583,3,UP,0.5841346,0.9044
56599,2,TAP,0.7298199,1.0000
56599,3,UP,0.5971154,0.9023
56617,3,UP,0.6096154,0.9163
56633,3,UP,0.6221154,0.8879
56650,3,UP,0.6350962,0.9014
56666,1,TAP,0.5240265,1.0000
56666,3,UP,0.6480769,0.8665
56683,1,TAP,0.5355595,1.0000
56683,3,UP,0.6620192,0.8692
56699,1,TAP,0.5471193,1.0000
56699,3,UP,0.6750000,0.8800
56716,1,TAP,0.5596037,0.8916
56716,3,UP,0.6889423,0.8592
56733,1,TAP,0.5711507,1.0000
56733,3,UP,0.7024038,0.8626
56750,1,TAP,0.5827000,0.9498
56750,3,UP,0.7163462,0.8491
56766,1,TAP,0.5961577,0.8903
56766,3,UP,0.7302885,0.8436
56784,1,TAP,0.6076931,0.8859
56800,1,TAP,0.6211554,0.8895
56816,1,TAP,0.6336447,0.8901
56816,1,TAP,0.5110577,0.8779
56834,1,TAP,0.6461592,0.8853
56834,1,TAP,0.5221146,1.0000
56850,1,TAP,0.6596207,0.8890
56850,1,TAP,0.5337529,0.9751
56866,1,TAP,0.6725908,1.0000
56866,1,TAP,0.5461531,0.9935
56883,1,TAP,0.6860656,0.9959
56883,1,TAP,0.5577041,0.9967
56899,1,TAP,0.6995323,0.9959
56899,1,TAP,0.5701923,0.8902
56916,1,TAP,0.7129939,1.0000
56916,1,TAP,0.5817214,0.8899
56934,1,TAP,0.7274064,0.9012
56934,1,TAP,0.5942308,0.8876
56934,1,TAP,0.4754694,0.8581
56950,1,TAP,0.6067192,0.9904
56950,1,TAP,0.4870155,0.8995
56967,1,TAP,0.6192308,0.9936
56967,1,TAP,0.4975888,0.8758
56983,1,TAP,0.6317216,0.8898
56983,1,TAP,0.5091291,0.8754
57000,1,TAP,0.6451923,0.8914
57000,1,TAP,0.5211475,0.9984
57016,1,TAP,0.6576870,0.8878
57016,1,TAP,0.5326701,0.9984
57033,1,TAP,0.6716293,0.9021
57033,1,TAP,0.5442026,0.8924
57050,1,TAP,0.6841346,0.9149
57050,1,TAP,0.5567174,1.0000
57066,1,TAP,0.6975909,0.9010
57066,1,TAP,0.5682598,1.0000
57083,1,TAP,0.7110577,0.9011
57083,1,TAP,0.5807638,1.0000
57100,1,TAP,0.7254756,0.9525
57100,1,TAP,0.5932615,0.8921
57117,1,TAP,0.6057592,0.8890
57134,1,TAP,0.6173077,0.8851
57152,1,TAP,0.6307639,0.9604
57183,1,TAP,0.6557632,0.8880
57183,2,TAP,0.5317135,0.9490
57199,1,TAP,0.6692308,0.8877
57199,2,TAP,0.5432559,1.0000
57216,1,TAP,0.6822129,0.9001
57216,2,TAP,0.5548881,1.0000
57233,1,TAP,0.6966346,0.9905
57233,2,TAP,0.5672913,0.8978
57250,1,TAP,0.7091346,0.9000
57250,2,TAP,0.5788624,0.8913
57267,1,TAP,0.7235485,0.9973
57267,2,TAP,0.5913608,0.9368
57283,2,TAP,0.6038462,0.9796
57299,2,TAP,0.6163462,0.8851
57317,2,TAP,0.6288607,0.9828
57333,2,TAP,0.6423229,0.8901
57333,2,TAP,0.5182501,1.0000
57351,2,TAP,0.6548077,0.8889
57351,2,TAP,0.5298077,1.0000
57367,2,TAP,0.6677885,1.0000
57367,2,TAP,0.5413891,0.9221
57383,2,TAP,0.6812500,1.0000
57383,2,TAP,0.5538375,0.9984
57400,2,TAP,0.6947155,0.9986
57400,2,TAP,0.5653776,1.0000
57416,2,TAP,0.7081901,1.0000
57416,2,TAP,0.5778854,1.0000
57433,2,TAP,0.7225962,0.9011
57433,2,TAP,0.5903792,0.8916
57450,2,TAP,0.6019223,0.8897
57467,2,TAP,0.6144246,0.8895
57483,2,TAP,0.6278869,0.8906
57483,2,TAP,0.5057692,0.9966
57500,2,TAP,0.6413530,0.8881
57516,2,TAP,0.6538446,0.8895
57516,2,TAP,0.5288406,1.0000
57533,2,TAP,0.6663462,0.8877
57533,2,TAP,0.5403846,1.0000
57550,2,TAP,0.6793269,0.9000
57550,2,TAP,0.5528846,0.8876
57567,2,TAP,0.6927885,0.9000
57567,2,TAP,0.5644231,0.9935
57583,2,TAP,0.7072181,0.9017
57583,2,TAP,0.5759615,0.8889
57600,2,TAP,0.7206731,0.9022
57600,2,TAP,0.5884794,0.9779
57600,2,TAP,0.4706359,0.8960
57616,2,TAP,0.6009615,0.8889
57616,2,TAP,0.4812227,0.8785
57634,2,TAP,0.6134615,0.8889
57634,2,TAP,0.4927610,0.8738
57650,2,TAP,0.6259615,0.8889
57650,2,TAP,0.5042995,0.9244
57666,2,TAP,0.6394368,0.8898
57666,2,TAP,0.5154065,0.9983
57683,2,TAP,0.6528899,0.8068
57683,2,TAP,0.5278665,1.0000
57700,2,TAP,0.6644231,0.8889
57700,2,TAP,0.5394082,0.9919
57716,2,TAP,0.6783654,1.0000
57716,2,TAP,0.5509537,1.0000
57733,2,TAP,0.6918269,1.0000
57733,2,TAP,0.5634545,0.8907
57749,1,TAP,0.4581731,0.9016
57749,2,TAP,0.7053002,0.9986
57749,2,TAP,0.5749914,1.0000
57767,1,TAP,0.4687462,0.8729
57767,2,TAP,0.7197063,0.8837
57767,2,TAP,0.5874861,1.0000
57784,1,TAP,0.4802885,0.8255
57784,2,TAP,0.5999853,0.8910
57800,1,TAP,0.4918176,0.8776
57800,2,TAP,0.6124946,0.9068
57817,1,TAP,0.5024038,0.8706
57817,2,TAP,0.6240408,0.8894
57833,1,TAP,0.5139423,0.8735
57833,2,TAP,0.6375061,0.8883
57849,1,TAP,0.5259544,0.9950
57849,2,TAP,0.6500000,0.8889
57867,1,TAP,0.5375024,0.9919
57867,2,TAP,0.6625000,0.8000
57883,1,TAP,0.5500032,0.9854
57883,2,TAP,0.6764423,0.9756
57899,1,TAP,0.5615369,1.0000
57899,2,TAP,0.6899038,0.9000
57916,1,TAP,0.5740439,0.8926
57916,2,TAP,0.7033759,0.9119
57933,1,TAP,0.5855769,0.8905
57933,2,TAP,0.7177885,0.9015
57950,1,TAP,0.5980885,0.9658
57967,1,TAP,0.6105885,0.9764
57984,1,TAP,0.6230884,0.8897
58000,1,TAP,0.6365446,0.8870
58017,1,TAP,0.6490476,0.8955
58017,2,TAP,0.5250096,1.0000
58033,1,TAP,0.6625114,0.8894
58033,2,TAP,0.5365329,1.0000
58050,1,TAP,0.6754887,1.0000
58050,2,TAP,0.5480769,0.8915
58067,1,TAP,0.6889556,0.9945
58067,2,TAP,0.5605769,0.9951
58083,1,TAP,0.7024158,0.9030
58083,2,TAP,0.5721122,0.9967
58099,1,TAP,0.7158654,0.9986
58099,2,TAP,0.5846200,0.9921
58117,1,TAP,0.7293256,0.9017
58117,2,TAP,0.5971054,0.9984
58133,2,TAP,0.6096100,0.8906
58150,2,TAP,0.6211546,0.8865
58166,2,TAP,0.6346108,0.9984
58166,2,TAP,0.5115409,1.0000
58183,2,TAP,0.6480769,0.9481
58200,2,TAP,0.6605769,0.8889
58200,2,TAP,0.5355588,1.0000
58216,2,TAP,0.6735577,1.0000
58216,2,TAP,0.5471083,0.9951
58233,2,TAP,0.6870192,1.0000
58233,2,TAP,0.5586445,0.8911
58249,2,TAP,0.7004808,0.9973
58249,2,TAP,0.5711460,1.0000
58266,2,TAP,0.7139423,0.9022
58266,2,TAP,0.5826954,0.9734
58266,2,TAP,0.4658353,0.8782
58283,2,TAP,0.7283667,0.9015
58283,2,TAP,0.5952016,0.9083
58283,2,TAP,0.4764479,0.8780
58299,2,TAP,0.6076962,0.8790
58299,2,TAP,0.4879771,0.9436
58316,2,TAP,0.6201885,0.8894
58316,2,TAP,0.4990385,0.9966
58333,2,TAP,0.6336577,0.8897
58333,2,TAP,0.5105745,0.9983
58350,2,TAP,0.6461720,0.9830
58350,2,TAP,0.5221002,0.9917
58366,2,TAP,0.6586538,0.8889
58366,2,TAP,0.5336546,1.0000
58384,2,TAP,0.6725962,0.9945
58384,2,TAP,0.5454522,1.0000
58400,2,TAP,0.6860577,0.9011
58400,2,TAP,0.5576837,0.9984
58416,2,TAP,0.6985604,0.9004
58416,2,TAP,0.5692229,0.8886
58432,2,TAP,0.7129808,0.9365
58432,2,TAP,0.5817238,1.0000
58449,2,TAP,0.7264423,0.9986
58449,2,TAP,0.5942277,0.8930
58449,3,TAP,0.4759178,0.9319
58466,2,TAP,0.6067362,0.8913
58483,2,TAP,0.6192362,0.9674
58500,2,TAP,0.6317300,0.8843
58516,2,TAP,0.6452014,0.8898
58516,3,TAP,0.5206620,0.8758
58533,2,TAP,0.6577036,0.8738
58533,3,TAP,0.5326803,1.0000
58550,2,TAP,0.6706731,1.0000
58550,3,TAP,0.5442355,1.0000
58566,2,TAP,0.6841346,0.9972
58566,3,TAP,0.5557684,0.8891
58584,2,TAP,0.6975962,1.0000
58584,3,TAP,0.5682661,1.0000
58600,2,TAP,0.7110681,1.0000
58600,3,TAP,0.5807638,0.9762
58617,2,TAP,0.7254703,0.9685
58617,3,TAP,0.5932692,0.8889
58633,3,TAP,0.6048131,0.8900
58650,3,TAP,0.6173077,0.8889
58667,3,TAP,0.6298077,0.8901
58683,3,TAP,0.6432692,0.8939
58683,3,TAP,0.5197005,0.8771
58700,3,TAP,0.6557602,0.8898
58700,3,TAP,0.5307748,1.0000
58716,3,TAP,0.6692308,0.8889
58716,3,TAP,0.5432523,0.9967
58733,3,TAP,0.6822115,0.9000
58733,3,TAP,0.5548323,1.0000
58751,3,TAP,0.6966227,0.9007
58751,3,TAP,0.5673014,0.8957
58783,3,TAP,0.7235473,0.9959
58783,3,TAP,0.5913430,0.9968
58799,3,TAP,0.7370336,0.9022
58799,3,TAP,0.6038392,0.9874
58817,3,TAP,0.6163446,0.9984
58834,3,TAP,0.6288446,0.8904
58867,3,TAP,0.6547964,0.8053
58867,3,TAP,0.5298077,1.0000
58883,3,TAP,0.6673077,0.8889
58883,3,TAP,0.5413422,0.9951
58901,3,TAP,0.6812500,0.9931
58901,3,TAP,0.5538462,0.9368
58917,3,TAP,0.6947115,0.9011
58917,3,TAP,0.5653720,1.0000
58933,3,TAP,0.7081731,1.0000
58933,3,TAP,0.5778846,1.0000
58933,3,TAP,0.4601020,0.9341
58949,3,TAP,0.7216642,1.0000
58949,3,TAP,0.5903846,0.8876
58949,3,TAP,0.4716231,0.8463
58966,3,TAP,0.6019285,0.8913
58966,3,TAP,0.4822115,0.8765
58983,3,TAP,0.6153846,0.8902
58983,3,TAP,0.4937386,0.8759
59000,3,TAP,0.6269284,0.8862
59000,3,TAP,0.5052885,0.8750
59017,3,TAP,0.6403938,0.8025
59017,3,TAP,0.5168214,0.8690
59033,3,TAP,0.6528808,0.8897
59033,3,TAP,0.5288438,0.9983
59049,3,TAP,0.6663462,0.8060
59049,3,TAP,0.5403727,1.0000
59066,3,TAP,0.6798024,0.8903
59066,3,TAP,0.5519231,0.8954
59083,3,TAP,0.6927937,1.0000
59083,3,TAP,0.5644105,1.0000
59100,3,TAP,0.7062526,0.8991
59100,3,TAP,0.5759584,0.8905
59117,3,TAP,0.7206911,0.9010
59117,3,TAP,0.5884584,1.0000
59133,1,TAP,0.4815610,1.0000
59133,3,TAP,0.6009669,1.0000
59150,3,TAP,0.6134654,0.8903
59167,1,TAP,0.5038518,1.0000
59167,3,TAP,0.6259707,0.8911
59183,1,TAP,0.5153862,1.0000
59183,3,TAP,0.6394322,0.8898
59200,1,TAP,0.5269743,1.0000
59200,3,TAP,0.6519321,0.8056
59217,1,TAP,0.5393828,1.0000
59217,3,TAP,0.6653937,0.8898
59233,1,TAP,0.5509615,1.0000
59233,3,TAP,0.6783521,0.9931
59249,1,TAP,0.5629724,1.0000
59249,3,TAP,0.6918388,0.9007
59266,1,TAP,0.5750000,1.0000
59266,3,TAP,0.7052937,0.9089
59282,1,TAP,0.5869971,1.0000
59282,3,TAP,0.7187605,0.8987
59300,1,TAP,0.5995234,1.0000
59300,2,UP,0.4788462,0.8210
59316,1,TAP,0.6120151,1.0000
59316,2,UP,0.4903846,0.8171
59334,1,TAP,0.6245260,1.0000
59334,2,UP,0.5019231,0.8219
59350,1,TAP,0.6370328,1.0000
59350,2,UP,0.5134615,0.8294
59367,1,TAP,0.6504875,1.0000
59367,2,UP,0.5254808,0.8361
59383,1,TAP,0.6635038,1.0000
59383,2,UP,0.5365385,0.8219
59399,1,TAP,0.6764397,1.0000
59399,2,UP,0.5490385,0.8153
59416,1,TAP,0.6899025,1.0000
59416,2,UP,0.5610577,0.8249
59433,1,TAP,0.7033746,1.0000
59433,2,UP,0.5730769,0.8246
59449,1,TAP,0.7173083,1.0000
59449,2,UP,0.5855769,0.8249
59466,1,TAP,0.7307722,1.0000
59466,1,TAP,0.4788363,1.0000
59466,2,UP,0.5980769,0.8193
59483,1,TAP,0.4903805,1.0000
59483,2,UP,0.6110577,0.8278
59500,1,TAP,0.5018797,1.0000
59500,2,UP,0.6235577,0.8269
59517,1,TAP,0.5133850,1.0000
59517,2,UP,0.6365385,0.8213
59533,1,TAP,0.5249596,1.0000
59533,2,UP,0.6495192,0.8184
59550,1,TAP,0.5365202,1.0000
59550,2,UP,0.6629808,0.8155
59567,1,TAP,0.5480761,1.0000
59567,2,UP,0.6759615,0.8175
59583,1,TAP,0.5600962,1.0000
59583,2,UP,0.6899038,0.8127
59600,1,TAP,0.5721005,1.0000
59600,2,UP,0.7038462,0.8357
59617,1,TAP,0.5845341,1.0000
59617,2,UP,0.7173077,0.8184
59633,1,TAP,0.5966332,1.0000
59633,2,UP,0.7312500,0.8184
59633,2,UP,0.4769231,0.8381
59649,1,TAP,0.6091292,1.0000
59649,2,UP,0.4879808,0.8401
59666,1,TAP,0.6216482,1.0000
59666,2,UP,0.4990385,0.8171
59683,1,TAP,0.6345616,1.0000
59683,2,UP,0.5105769,0.8219
59700,1,TAP,0.6475988,1.0000
59717,1,TAP,0.6601083,1.0000
59734,1,TAP,0.6735577,1.0000
59734,2,UP,0.5461538,0.8182
59750,1,TAP,0.6870192,1.0000
59750,2,UP,0.5581731,0.8258
59766,1,TAP,0.7004927,1.0000
59766,2,UP,0.5701923,0.8238
59783,1,TAP,0.7139554,1.0000
59783,2,UP,0.5826923,0.8278
59799,1,TAP,0.7278840,1.0000
59799,1,TAP,0.4762641,1.0000
59799,2,UP,0.5951923,0.8164
59817,1,TAP,0.4875048,1.0000
59817,2,UP,0.6076923,0.8193
59833,1,TAP,0.4990090,1.0000
59833,2,UP,0.6206731,0.8221
59850,1,TAP,0.5105650,1.0000
59850,2,UP,0.6331731,0.8087
59866,1,TAP,0.5219146,1.0000
59866,2,UP,0.6461538,0.8077
59883,1,TAP,0.5336562,1.0000
59883,2,UP,0.6600962,0.8184
59900,1,TAP,0.5451907,1.0000
59900,2,UP,0.6730769,0.8232
59917,1,TAP,0.5574033,1.0000
59917,2,UP,0.6870192,0.8078
59934,1,TAP,0.5692253,1.0000
59934,2,UP,0.7004808,0.8155
59950,1,TAP,0.5817052,1.0000
59950,2,UP,0.7144231,0.8184
59966,1,TAP,0.5937680,1.0000
59966,2,UP,0.7283654,0.8155
59983,1,TAP,0.6062431,1.0000
59983,2,UP,0.4855769,0.8305
60000,1,TAP,0.6187500,1.0000
60000,2,UP,0.4966346,0.8314
60017,1,TAP,0.6317050,1.0000
60017,2,UP,0.5081731,0.8238
60033,1,TAP,0.6443881,1.0000
60033,2,UP,0.5197115,0.8210
60050,1,TAP,0.6571914,1.0000
60066,1,TAP,0.6706478,1.0000
60082,1,TAP,0.6841346,1.0000
60082,2,UP,0.5552885,0.8219
60099,1,TAP,0.6975869,1.0000
60099,2,UP,0.5673077,0.8219
60116,1,TAP,0.7109637,1.0000
60116,2,UP,0.5802885,0.8297
60134,1,TAP,0.7249894,1.0000
60134,2,UP,0.5923077,0.8305
60150,1,TAP,0.4855344,1.0000
60150,2,UP,0.6048077,0.8164
60167,1,TAP,0.4961474,1.0000
60167,2,UP,0.6177885,0.8193
60183,1,TAP,0.5076851,1.0000
60183,2,UP,0.6307692,0.8241
60200,1,TAP,0.5192141,1.0000
60200,2,UP,0.6437500,0.8281
60216,1,TAP,0.5307917,0.9983
60216,2,UP,0.6567308,0.8175
60233,1,TAP,0.5432432,1.0000
60233,2,UP,0.6701923,0.8146
60250,1,TAP,0.5547936,1.0000
60250,2,UP,0.6841346,0.8232
60266,1,TAP,0.5668144,1.0000
60266,2,UP,0.6971154,0.8155
60283,1,TAP,0.5788275,1.0000
60283,2,UP,0.7110577,0.8184
60300,1,TAP,0.5913400,1.0000
60300,2,UP,0.7250000,0.8213
60317,1,TAP,0.6037983,1.0000
60317,2,UP,0.4826923,0.8238
60334,1,TAP,0.6158763,1.0000
60334,2,UP,0.4942308,0.8134
60352,1,TAP,0.6288443,1.0000
60352,2,UP,0.5057692,0.8294
60384,1,TAP,0.6543202,1.0000
60400,1,TAP,0.6677831,1.0000
60416,1,TAP,0.6811523,1.0000
60416,2,UP,0.5528846,0.8210
60433,1,TAP,0.6942373,1.0000
60433,2,UP,0.5649038,0.8249
60450,1,TAP,0.7081146,1.0000
60450,2,UP,0.5774038,0.8241
60466,1,TAP,0.7216437,1.0000
60466,2,UP,0.5894231,0.8230
60483,1,TAP,0.4826033,1.0000
60483,2,UP,0.6024038,0.8193
60499,1,TAP,0.4941869,1.0000
60499,2,UP,0.6149038,0.8221
60517,1,TAP,0.5057264,1.0000
60517,2,UP,0.6278846,0.8241
60534,1,TAP,0.5168658,1.0000
60534,2,UP,0.6408654,0.8289
60550,1,TAP,0.5283796,1.0000
60550,2,UP,0.6538462,0.8155
60566,1,TAP,0.5403577,1.0000
60566,2,UP,0.6673077,0.8146
60583,1,TAP,0.5519215,1.0000
60583,2,UP,0.6802885,0.8078
60599,1,TAP,0.5639256,1.0000
60599,2,UP,0.6942308,0.8127
60616,1,TAP,0.5759553,1.0000
60616,2,UP,0.7081731,0.8213
60633,1,TAP,0.5884102,1.0000
60633,2,UP,0.7221154,0.8213
60650,1,TAP,0.6005974,1.0000
60650,2,UP,0.7360577,0.8345
60650,2,DOWN,0.4798077,0.8263
60666,1,TAP,0.6129986,1.0000
60666,2,DOWN,0.4913462,0.8216
60683,1,TAP,0.6259105,1.0000
60683,2,DOWN,0.5028846,0.8255
60700,1,TAP,0.6389301,1.0000
60700,2,DOWN,0.5144231,0.8310
60716,1,TAP,0.6514598,1.0000
60716,2,DOWN,0.5259615,0.8219
60733,1,TAP,0.6649038,1.0000
60750,1,TAP,0.6780230,1.0000
60750,2,DOWN,0.5500000,0.8143
60766,1,TAP,0.6913616,1.0000
60766,2,DOWN,0.5625000,0.8171
60783,1,TAP,0.7051337,1.0000
60783,2,DOWN,0.5745192,0.8208
60800,1,TAP,0.7182629,0.9964
60800,2,DOWN,0.5870192,0.8216
60816,2,DOWN,0.5990385,0.8227
60816,3,UP,0.4788462,0.9636
60833,2,DOWN,0.6120192,0.8282
60833,3,UP,0.4899038,0.9398
60850,2,DOWN,0.6250000,0.8199
60850,3,UP,0.5019231,0.9466
60866,2,DOWN,0.6379808,0.8171
60866,3,UP,0.5134615,0.9563
60883,2,DOWN,0.6509615,0.8124
60883,3,UP,0.5250000,0.9343
60899,2,DOWN,0.6639423,0.8274
60899,3,UP,0.5365385,0.9284
60916,2,DOWN,0.6769231,0.8190
60916,3,UP,0.5485577,0.9188
60933,2,DOWN,0.6908654,0.8171
60933,3,UP,0.5610577,0.9346
60951,2,DOWN,0.7048077,0.8160
60951,3,UP,0.5730769,0.9057
60967,2,DOWN,0.7187500,0.8290
60967,3,UP,0.5850962,0.9070
60983,2,TAP,0.4788462,1.0000
60983,3,UP,0.5980769,0.9023
61000,2,TAP,0.4903846,1.0000
61000,3,UP,0.6110577,0.8993
61017,2,TAP,0.5019231,1.0000
61017,3,UP,0.6230769,0.8852
61033,2,TAP,0.5129894,1.0000
61033,3,UP,0.6360577,0.8821
61050,2,TAP,0.5245293,1.0000
61050,3,UP,0.6490385,0.8692
61066,2,TAP,0.5365329,1.0000
61066,3,UP,0.6629808,0.8718
61083,2,TAP,0.5480722,1.0000
61083,3,UP,0.6759615,0.8821
61099,2,TAP,0.5600822,1.0000
61099,3,UP,0.6899038,0.8612
61116,2,TAP,0.5720958,1.0000
61116,3,UP,0.7033654,0.8599
61133,2,TAP,0.5841183,0.9986
61133,3,UP,0.7173077,0.8511
61150,1,TAP,0.4778780,1.0000
61150,2,TAP,0.5966251,0.9986
61167,1,TAP,0.4887518,1.0000
61167,2,TAP,0.6091319,1.0000
61183,1,TAP,0.5000000,1.0000
61183,2,TAP,0.6216319,1.0000
61200,1,TAP,0.5115241,1.0000
61200,2,TAP,0.6341292,1.0000
61217,1,TAP,0.5230610,1.0000
61217,2,TAP,0.6476109,1.0000
61233,1,TAP,0.5346027,1.0000
61233,2,TAP,0.6600962,1.0000
61250,1,TAP,0.5467934,1.0000
61250,2,TAP,0.6735577,1.0000
61267,1,TAP,0.5586421,1.0000
61267,2,TAP,0.6870192,1.0000
61283,1,TAP,0.5708639,1.0000
61283,2,TAP,0.7004507,1.0000
61300,1,TAP,0.5828784,1.0000
61300,2,TAP,0.7139423,1.0000
61317,1,TAP,0.5951915,1.0000
61317,2,TAP,0.7278899,1.0000
61317,2,DOWN,0.4750000,0.8132
61333,1,TAP,0.6076668,1.0000
61333,2,DOWN,0.4860577,0.8227
61350,1,TAP,0.6201977,1.0000
61350,2,DOWN,0.4975962,0.8310
61367,1,TAP,0.6331609,1.0000
61367,2,DOWN,0.5096154,0.8227
61383,1,TAP,0.6456731,1.0000
61383,2,DOWN,0.5206731,0.8227
61399,1,TAP,0.6591292,1.0000
61399,2,DOWN,0.5326923,0.8199
61416,1,TAP,0.6716399,1.0000
61416,2,DOWN,0.5447115,0.8188
61433,1,TAP,0.6851015,1.0000
61433,2,DOWN,0.5567308,0.8171
61450,1,TAP,0.6985630,1.0000
61450,2,DOWN,0.5687500,0.8227
61466,1,TAP,0.7125041,1.0000
61466,2,DOWN,0.5812500,0.8246
61483,1,TAP,0.7259615,1.0000
61483,2,DOWN,0.5932692,0.8227
61500,2,DOWN,0.6062500,0.8274
61500,3,UP,0.4850962,0.9442
61516,2,DOWN,0.6187500,0.8322
61516,3,UP,0.4966346,0.9583
61534,2,DOWN,0.6317308,0.8219
61534,3,UP,0.5076923,0.9302
61550,2,DOWN,0.6447115,0.8199
61550,3,UP,0.5197115,0.9442
61567,2,DOWN,0.6581731,0.8227
61567,3,UP,0.5317308,0.9513
61583,2,DOWN,0.6711538,0.8219
61583,3,UP,0.5432692,0.9120
61600,2,DOWN,0.6850962,0.8086
61600,3,UP,0.5552885,0.9176
61616,2,DOWN,0.6990385,0.7990
61616,3,UP,0.5673077,0.9171
61633,2,DOWN,0.7129808,0.8169
61633,3,UP,0.5802885,0.9159
61650,2,DOWN,0.7259615,0.8227
61650,3,UP,0.5923077,0.8977
61666,2,TAP,0.4849098,0.9945
61666,3,UP,0.6048077,0.9163
61683,2,TAP,0.4961514,1.0000
61683,3,UP,0.6177885,0.9120
61700,2,TAP,0.5076770,1.0000
61700,3,UP,0.6307692,0.8941
61717,2,TAP,0.5191939,0.9967
61717,3,UP,0.6437500,0.9014
61733,2,TAP,0.5307795,1.0000
61733,3,UP,0.6567308,0.8852
61750,2,TAP,0.5428342,1.0000
61750,3,UP,0.6701923,0.8679
61766,2,TAP,0.5547982,1.0000
61766,3,UP,0.6836538,0.8706
61783,2,TAP,0.5668157,0.9971
61783,3,UP,0.6971154,0.8476
61800,2,TAP,0.5788594,1.0000
61800,3,UP,0.7110577,0.8431
61817,2,TAP,0.5908640,0.9972
61817,3,UP,0.7250000,0.8341
61833,2,TAP,0.6033709,1.0000
61833,3,UP,0.4826923,0.9589
61850,2,TAP,0.6158709,1.0000
61850,3,UP,0.4942308,0.9349
61867,2,TAP,0.6288462,1.0000
61867,3,UP,0.5057692,0.9401
61883,2,TAP,0.6418364,1.0000
61883,3,UP,0.5168269,0.9238
61900,2,TAP,0.6543269,1.0000
61916,2,TAP,0.6677685,1.0000
61933,2,TAP,0.6810700,1.0000
61933,3,UP,0.5524038,0.8998
61951,2,TAP,0.6942368,1.0000
61951,3,UP,0.5653846,0.9133
61984,2,TAP,0.7216346,1.0000
61984,3,UP,0.5894231,0.9167
62000,3,UP,0.6024038,0.9116
62016,3,UP,0.6149038,0.9044
62033,3,UP,0.6278846,0.8894
62050,1,TAP,0.5168179,0.7829
62050,3,UP,0.6408654,0.8925
62066,1,TAP,0.5288334,0.8922
62066,3,UP,0.6538462,0.8852
62083,1,TAP,0.5403593,0.9967
62083,3,UP,0.6668269,0.8599
62100,1,TAP,0.5519160,0.9984
62100,3,UP,0.6807692,0.8706
62116,1,TAP,0.5634452,0.8906
62116,3,UP,0.6942308,0.8759
62133,1,TAP,0.5759553,0.9968
62133,3,UP,0.7081731,0.8720
62150,1,TAP,0.5884553,1.0000
62150,3,UP,0.7221154,0.8646
62167,1,TAP,0.6009623,0.8919
62184,1,TAP,0.6134661,0.8917
62201,1,TAP,0.6259707,0.9906
62217,1,TAP,0.6394299,0.8900
62233,1,TAP,0.6519321,0.8911
62233,1,TAP,0.5269263,1.0000
62250,1,TAP,0.6644344,0.8823
62250,1,TAP,0.5384743,1.0000
62266,1,TAP,0.6783627,0.9377
62266,1,TAP,0.5509560,0.9886
62283,1,TAP,0.6908800,0.9030
62283,1,TAP,0.5624937,1.0000
62300,1,TAP,0.7052937,0.9017
62300,1,TAP,0.5740385,0.8902
62317,1,TAP,0.7187474,0.9029
62317,1,TAP,0.5865346,0.8897
62317,1,TAP,0.4687557,0.8528
62333,1,TAP,0.5990439,0.8900
62333,1,TAP,0.4802885,0.8981
62350,1,TAP,0.6125054,0.8900
62350,1,TAP,0.4908654,0.9791
62367,1,TAP,0.6240476,0.8898
62367,1,TAP,0.5024038,0.8750
62383,1,TAP,0.6375115,0.8897
62383,1,TAP,0.5144191,1.0000
62400,1,TAP,0.6500113,0.8884
62400,1,TAP,0.5259672,1.0000
62416,1,TAP,0.6634729,0.8909
62416,1,TAP,0.5374928,1.0000
62432,1,TAP,0.6769268,0.8909
62432,1,TAP,0.5490440,0.9984
62449,1,TAP,0.6899158,0.9905
62449,1,TAP,0.5615314,0.9807
62466,1,TAP,0.7033746,0.9986
62466,1,TAP,0.5730863,1.0000
62483,1,TAP,0.7168361,0.9042
62483,1,TAP,0.5855769,1.0000
62500,1,TAP,0.7312500,0.9011
62500,1,TAP,0.5980862,0.8911
62516,1,TAP,0.6105769,0.8917
62533,1,TAP,0.6230884,0.9813
62533,2,TAP,0.5014203,0.8779
62550,1,TAP,0.6355792,0.8897
62550,2,TAP,0.5124808,1.0000
62567,1,TAP,0.6490498,0.8894
62567,2,TAP,0.5240369,1.0000
62583,1,TAP,0.6625121,0.8785
62583,2,TAP,0.5365236,0.9001
62600,1,TAP,0.6745312,0.9004
62600,2,TAP,0.5480668,1.0000
62617,1,TAP,0.6879901,0.9918
62617,2,TAP,0.5596107,0.9003
62633,1,TAP,0.7014423,0.9011
62633,2,TAP,0.5720990,1.0000
62649,1,TAP,0.7158745,0.9009
62649,2,TAP,0.5836631,0.8911
62666,1,TAP,0.7293361,0.8878
62666,2,TAP,0.5961508,0.8845
62682,2,TAP,0.6086508,0.8908
62700,2,TAP,0.6211523,0.8895
62717,2,TAP,0.6336477,0.8895
62717,2,TAP,0.5115248,0.9983
62733,2,TAP,0.6480769,0.8901
62733,2,TAP,0.5230657,1.0000
62750,2,TAP,0.6596154,0.8889
62750,2,TAP,0.5346265,1.0000
62767,2,TAP,0.6735577,1.0000
62767,2,TAP,0.5461753,1.0000
62783,2,TAP,0.6870192,0.9013
62783,2,TAP,0.5586515,0.9919
62801,2,TAP,0.7004781,1.0000
62801,2,TAP,0.5701892,0.8892
62817,2,TAP,0.7139449,0.9027
62817,2,TAP,0.5826939,1.0000
62833,2,TAP,0.7274077,0.9973
62833,2,TAP,0.5951977,0.9952
62850,2,TAP,0.6076923,0.9921
62867,2,TAP,0.6201923,1.0000
62883,2,TAP,0.6326923,0.8867
62900,2,TAP,0.6461682,0.8909
62900,2,TAP,0.5217720,0.9736
62917,2,TAP,0.6596259,0.8812
62917,2,TAP,0.5336374,1.0000
62934,2,TAP,0.6716346,1.0000
62934,2,TAP,0.5451728,0.9952
62950,2,TAP,0.6850962,1.0000
62950,2,TAP,0.5567276,0.8993
62966,2,TAP,0.6985709,1.0000
62966,2,TAP,0.5692152,1.0000
62983,2,TAP,0.7120323,1.0000
62983,2,TAP,0.5817323,0.8914
62983,2,TAP,0.4639070,0.8193
63000,2,TAP,0.7264423,0.9013
63000,2,TAP,0.5932746,0.8906
63000,2,TAP,0.4745027,0.8663
63016,2,TAP,0.6057761,0.8906
63016,2,TAP,0.4860376,0.8767
63033,2,TAP,0.6182677,0.8895
63033,2,TAP,0.4975705,0.8809
63050,2,TAP,0.6307837,0.8900
63050,2,TAP,0.5086530,1.0000
63066,2,TAP,0.6442399,0.8155
63066,2,TAP,0.5201771,1.0000
63083,2,TAP,0.6567308,0.8852
63083,2,TAP,0.5326557,0.9034
63100,2,TAP,0.6701923,0.8696
63100,2,TAP,0.5441982,1.0000
63117,2,TAP,0.6831731,0.9011
63117,2,TAP,0.5557567,1.0000
63134,2,TAP,0.6966359,0.9001
63134,2,TAP,0.5673108,0.9683
63150,1,TAP,0.4629808,0.8705
63150,2,TAP,0.7110721,0.9018
63150,2,TAP,0.5798255,1.0000
63167,2,TAP,0.7245192,1.0000
63167,2,TAP,0.5923100,0.9968
63183,1,TAP,0.4850924,0.8767
63183,2,TAP,0.6048077,0.9873
63200,1,TAP,0.4956583,0.8767
63200,2,TAP,0.6173077,0.8276
63217,1,TAP,0.5072115,0.8750
63217,2,TAP,0.6298192,0.8906
63233,1,TAP,0.5187354,0.8767
63233,2,TAP,0.6432905,0.8904
63249,1,TAP,0.5307684,1.0000
63249,2,TAP,0.6557715,0.8013
63266,1,TAP,0.5423029,1.0000
63266,2,TAP,0.6682692,0.8889
63283,1,TAP,0.5547951,1.0000
63283,2,TAP,0.6822115,0.9986
63299,1,TAP,0.5663344,1.0000
63299,2,TAP,0.6956744,0.9931
63317,1,TAP,0.5788415,0.8931
63317,2,TAP,0.7091516,1.0000
63334,1,TAP,0.5913415,0.8905
63334,2,TAP,0.7226052,0.9013
63350,1,TAP,0.6028831,0.8842
63367,1,TAP,0.6163462,0.8902
63383,1,TAP,0.6278899,0.8900
63383,2,TAP,0.5067145,1.0000
63400,1,TAP,0.6413462,0.9419
63400,2,TAP,0.5182564,1.0000
63416,1,TAP,0.6538514,0.8863
63416,2,TAP,0.5297878,0.9983
63434,1,TAP,0.6673077,0.8020
63434,2,TAP,0.5413469,1.0000
63450,1,TAP,0.6802885,1.0000
63450,2,TAP,0.5528830,1.0000
63466,1,TAP,0.6937500,0.9011
63466,2,TAP,0.5653775,0.9871
63483,1,TAP,0.7072115,0.9000
63483,2,TAP,0.5769285,0.8900
63499,1,TAP,0.7216346,0.9011
63499,2,TAP,0.5894277,1.0000
63516,2,TAP,0.6019285,1.0000
63534,2,TAP,0.6144269,0.9936
63552,2,TAP,0.6269231,0.8864
63583,2,TAP,0.6519231,0.8020
63583,2,TAP,0.5278776,1.0000
63599,2,TAP,0.6653846,0.8889
63599,2,TAP,0.5403635,0.8965
63617,2,TAP,0.6793269,0.9959
63617,2,TAP,0.5519121,1.0000
63633,2,TAP,0.6927885,0.9972
63633,2,TAP,0.5634608,0.9015
63650,2,TAP,0.7062618,0.9041
63650,2,TAP,0.5759491,1.0000
63666,2,TAP,0.7197115,1.0000
63666,2,TAP,0.5884546,1.0000
63666,2,TAP,0.4697041,0.8569
63683,2,TAP,0.6009569,0.8905
63683,2,TAP,0.4812500,0.9056
63699,2,TAP,0.6124985,0.8892
63699,2,TAP,0.4927885,0.8795
63717,2,TAP,0.6250008,0.8894
63717,2,TAP,0.5038462,1.0000
63734,2,TAP,0.6384699,0.9323
63734,2,TAP,0.5153709,1.0000
63750,2,TAP,0.6519321,0.8898
63750,2,TAP,0.5269286,1.0000
63766,2,TAP,0.6634615,0.8050
63766,2,TAP,0.5384671,1.0000
63782,2,TAP,0.6774038,1.0000
63782,2,TAP,0.5509615,0.8968
63800,2,TAP,0.6908654,1.0000
63800,2,TAP,0.5625000,1.0000
63816,2,TAP,0.7043375,1.0000
63816,2,TAP,0.5749976,0.8904
63833,2,TAP,0.7187500,0.8860
63833,2,TAP,0.5865431,0.8911
63850,2,TAP,0.5990493,0.9984
63866,2,TAP,0.6115369,0.9952
63883,2,TAP,0.6240369,0.8892
63883,3,TAP,0.5024038,0.8750
63899,2,TAP,0.6365454,0.8894
63899,3,TAP,0.5139423,0.8619
63916,2,TAP,0.6500000,0.8625
63934,2,TAP,0.6625000,0.8889
63934,3,TAP,0.5372198,1.0000
63950,2,TAP,0.6764423,0.9945
63950,3,TAP,0.5490440,0.9984
63967,2,TAP,0.6899038,0.9173
63967,3,TAP,0.5605863,0.9000
63983,2,TAP,0.7033602,0.9021
63983,3,TAP,0.5730832,1.0000
63999,2,TAP,0.7168269,1.0000
63999,3,TAP,0.5855723,0.9810
64016,2,TAP,0.7302885,0.9011
64016,3,TAP,0.5971262,0.8898
64034,3,TAP,0.6105762,0.8906
64050,3,TAP,0.6221268,0.8909
64067,3,TAP,0.6355723,1.0000
64067,3,TAP,0.5120192,0.8750
64083,3,TAP,0.6490498,0.8897
64083,3,TAP,0.5240409,1.0000
64100,3,TAP,0.6615506,0.8895
64100,3,TAP,0.5355785,0.8909
64117,3,TAP,0.6740452,0.8893
64117,3,TAP,0.5480746,0.8930
64133,3,TAP,0.6879887,1.0000
64133,3,TAP,0.5596209,1.0000
64150,3,TAP,0.7014556,0.9959
64150,3,TAP,0.5721248,0.8899
64167,3,TAP,0.7149182,0.9306
64167,3,TAP,0.5836623,0.9003
64183,3,TAP,0.7283785,0.9017
64183,3,TAP,0.5961500,0.8919
64200,3,TAP,0.6086699,0.8872
64217,3,TAP,0.6211569,0.8908
64233,3,TAP,0.6346200,0.8892
64250,3,TAP,0.6471275,0.8983
64250,3,TAP,0.5230729,0.9983
64266,3,TAP,0.6605883,0.8894
64266,3,TAP,0.5346154,1.0000
64282,3,TAP,0.6730881,0.8677
64282,3,TAP,0.5461714,1.0000
64299,3,TAP,0.6870324,0.9010
64299,3,TAP,0.5586523,1.0000
64316,3,TAP,0.6995258,0.8984
64316,3,TAP,0.5702041,1.0000
64333,3,TAP,0.7139553,0.9011
64333,3,TAP,0.5826923,1.0000
64333,3,TAP,0.4649038,0.9255
64350,3,TAP,0.7274115,1.0000
64350,3,TAP,0.5942362,0.8900
64350,3,TAP,0.4764365,0.8799
64367,3,TAP,0.6067362,0.8900
64367,3,TAP,0.4870192,0.8765
64383,3,TAP,0.6201923,0.9735
64383,3,TAP,0.4985577,0.8720
64399,3,TAP,0.6326778,0.8059
64399,3,TAP,0.5100962,0.8056
64416,3,TAP,0.6451923,0.8827
64416,3,TAP,0.5221025,0.9342
64433,3,TAP,0.6586485,0.8903
64433,3,TAP,0.5336482,1.0000
64450,3,TAP,0.6711538,0.8815
64450,3,TAP,0.5451955,1.0000
64466,3,TAP,0.6850962,1.0000
64466,3,TAP,0.5567300,0.9984
64482,3,TAP,0.6985472,1.0000
64482,3,TAP,0.5692300,0.9984
64499,3,TAP,0.7120374,1.0000
64499,3,TAP,0.5807692,0.8902
64516,1,TAP,0.4749843,1.0000
64516,3,TAP,0.7264385,0.9026
64516,3,TAP,0.5932692,0.8889
64533,1,TAP,0.4863934,1.0000
64533,3,TAP,0.6057692,0.8902
64550,1,TAP,0.4971073,1.0000
64550,3,TAP,0.6182692,0.8902
64567,1,TAP,0.5086530,1.0000
64567,3,TAP,0.6307692,0.8852
64583,1,TAP,0.5201796,1.0000
64583,3,TAP,0.6442308,0.8864
64599,1,TAP,0.5317396,1.0000
64599,3,TAP,0.6567247,0.8895
64617,1,TAP,0.5437599,1.0000
64617,3,TAP,0.6701923,0.8122
64633,1,TAP,0.5557326,1.0000
64633,3,TAP,0.6831731,0.9986
64649,1,TAP,0.5675019,1.0000
64649,3,TAP,0.6975962,0.9011
64666,1,TAP,0.5797791,0.9952
64666,3,TAP,0.7101014,0.9077
64683,1,TAP,0.5922769,1.0000
64683,3,TAP,0.7245192,0.9117
64699,1,TAP,0.6043756,1.0000
64699,2,UP,0.4836538,0.8314
64716,1,TAP,0.6168324,1.0000
64716,2,UP,0.4951923,0.8294
64733,1,TAP,0.6297056,1.0000
64733,2,UP,0.5067308,0.8314
64749,1,TAP,0.6427763,1.0000
64749,2,UP,0.5177885,0.8294
64767,1,TAP,0.6552683,1.0000
64767,2,UP,0.5298077,0.8210
64783,1,TAP,0.6687500,1.0000
64783,2,UP,0.5418269,0.8238
64799,1,TAP,0.6822115,1.0000
64799,2,UP,0.5538462,0.8274
64816,1,TAP,0.6956731,1.0000
64816,2,UP,0.5658654,0.8269
64832,1,TAP,0.7091149,1.0000
64832,2,UP,0.5783654,0.8289
64850,1,TAP,0.7230343,1.0000
64850,2,UP,0.5903846,0.8125
64866,1,TAP,0.4836260,1.0000
64866,2,UP,0.6028846,0.8201
64883,1,TAP,0.4951826,1.0000
64883,2,UP,0.6158654,0.8173
64900,1,TAP,0.5062846,1.0000
64900,2,UP,0.6288462,0.8193
64916,1,TAP,0.5177671,1.0000
64916,2,UP,0.6418269,0.8184
64933,1,TAP,0.5295836,1.0000
64933,2,UP,0.6548077,0.8204
64949,1,TAP,0.5412919,1.0000
64949,2,UP,0.6682692,0.8175
64967,1,TAP,0.5528713,1.0000
64967,2,UP,0.6817308,0.8317
64983,1,TAP,0.5652792,1.0000
64983,2,UP,0.6956731,0.8204
64999,1,TAP,0.5769169,1.0000
64999,2,UP,0.7091346,0.8184
65016,1,TAP,0.5893823,1.0000
65016,2,UP,0.7230769,0.8213
65033,1,TAP,0.6014492,1.0000
65033,2,UP,0.4807692,0.8286
65049,1,TAP,0.6139450,1.0000
65049,2,UP,0.4927885,0.8314
65066,1,TAP,0.6268930,1.0000
65066,2,UP,0.5038462,0.8171
65083,1,TAP,0.6399093,1.0000
65083,2,UP,0.5158654,0.8305
65100,1,TAP,0.6524038,1.0000
65116,1,TAP,0.6658587,1.0000
65133,1,TAP,0.6789197,1.0000
65133,2,UP,0.5514423,0.8249
65151,1,TAP,0.6923172,1.0000
65151,2,UP,0.5634615,0.8353
65167,1,TAP,0.7057746,1.0000
65167,2,UP,0.5754808,0.8213
65184,1,TAP,0.7195528,1.0000
65184,2,UP,0.5875000,0.8096
65217,1,TAP,0.4923012,1.0000
65217,2,UP,0.6129808,0.8249
65233,1,TAP,0.5038300,1.0000
65233,2,UP,0.6259615,0.8241
65249,1,TAP,0.5153782,1.0000
65249,2,UP,0.6389423,0.8281
65266,1,TAP,0.5269095,1.0000
65266,2,UP,0.6519231,0.8184
65284,1,TAP,0.5384647,1.0000
65284,2,UP,0.6653846,0.8204
65300,1,TAP,0.5500103,1.0000
65300,2,UP,0.6788462,0.8289
65317,1,TAP,0.5624781,1.0000
65317,2,UP,0.6923077,0.8213
65333,1,TAP,0.5745151,1.0000
65333,2,UP,0.7062500,0.8213
65350,1,TAP,0.5865238,1.0000
65350,2,UP,0.7201923,0.8241
65367,1,TAP,0.5990431,1.0000
65367,2,UP,0.4788462,0.8389
65384,1,TAP,0.6114713,1.0000
65384,2,UP,0.4899038,0.8266
65400,1,TAP,0.6240098,1.0000
65400,2,UP,0.5014423,0.8305
65416,1,TAP,0.6370125,1.0000
65416,2,UP,0.5129808,0.8286
65433,1,TAP,0.6495381,1.0000
65449,1,TAP,0.6629888,1.0000
65466,1,TAP,0.6759555,1.0000
65466,2,UP,0.5485577,0.8258
65484,1,TAP,0.6894415,1.0000
65484,2,UP,0.5605769,0.8305
65500,1,TAP,0.7028893,1.0000
65500,2,UP,0.5725962,0.8193
65516,1,TAP,0.7163650,1.0000
65516,2,UP,0.5850962,0.8381
65533,1,TAP,0.7307692,1.0000
65533,1,TAP,0.4788274,1.0000
65533,2,UP,0.5971154,0.8153
65550,1,TAP,0.4894231,1.0000
65550,2,UP,0.6100962,0.8173
65567,1,TAP,0.5009575,1.0000
65567,2,UP,0.6230769,0.8213
65583,1,TAP,0.5124944,1.0000
65583,2,UP,0.6360577,0.8184
65600,1,TAP,0.5241667,1.0000
65600,2,UP,0.6490385,0.8184
65616,1,TAP,0.5355761,1.0000
65616,2,UP,0.6620192,0.8193
65633,1,TAP,0.5476131,1.0000
65633,2,UP,0.6759615,0.8232
65649,1,TAP,0.5596123,1.0000
65649,2,UP,0.6889423,0.8204
65666,1,TAP,0.5716248,1.0000
65666,2,UP,0.7028846,0.8184
65683,1,TAP,0.5836406,1.0000
65683,2,UP,0.7168269,0.8213
65700,1,TAP,0.5961484,1.0000
65700,2,UP,0.7307692,0.8241
65700,2,UP,0.4759615,0.8443
65717,1,TAP,0.6086469,1.0000
65717,2,UP,0.4875000,0.8333
65733,1,TAP,0.6216208,1.0000
65733,2,UP,0.4985577,0.8238
65749,1,TAP,0.6341265,1.0000
65749,2,UP,0.5100962,0.8182
65766,1,TAP,0.6466386,1.0000
65766,2,UP,0.5216346,0.8266
65783,1,TAP,0.6599584,1.0000
65800,1,TAP,0.6726213,0.9973
65816,1,TAP,0.6865474,1.0000
65816,2,UP,0.5576923,0.8219
65833,1,TAP,0.6998430,1.0000
65833,2,UP,0.5701923,0.8325
65850,1,TAP,0.7134763,1.0000
65850,2,UP,0.5822115,0.8269
65866,1,TAP,0.7273587,1.0000
65866,1,TAP,0.4754902,1.0000
65866,2,UP,0.5951923,0.8269
65883,1,TAP,0.4874943,1.0000
65883,2,UP,0.6072115,0.8201
65900,1,TAP,0.4987649,1.0000
65900,2,UP,0.6201923,0.8184
65917,1,TAP,0.5100933,1.0000
65917,2,UP,0.6331731,0.8213
65933,1,TAP,0.5216318,1.0000
65933,2,UP,0.6461538,0.8204
65950,1,TAP,0.5331731,1.0000
65950,2,UP,0.6591346,0.8164
65967,1,TAP,0.5451923,1.0000
65967,2,UP,0.6725962,0.8068
65983,1,TAP,0.5567458,1.0000
65983,2,UP,0.6860577,0.8127
66000,1,TAP,0.5692095,1.0000
66000,2,UP,0.7000000,0.8317
66017,1,TAP,0.5812306,0.9986
66017,2,UP,0.7139423,0.8213
66033,1,TAP,0.5932206,1.0000
66033,2,UP,0.7278846,0.8241
66050,1,TAP,0.6062070,1.0000
66050,2,DOWN,0.4846154,0.8216
66066,1,TAP,0.6187335,1.0000
66066,2,DOWN,0.4956731,0.8282
66083,1,TAP,0.6312446,1.0000
66083,2,DOWN,0.5076923,0.8255
66100,1,TAP,0.6437554,1.0000
66100,2,DOWN,0.5192308,0.8337
66117,1,TAP,0.6571673,0.9986
66133,1,TAP,0.6703806,1.0000
66150,1,TAP,0.6831691,1.0000
66150,2,DOWN,0.5552885,0.8216
66167,1,TAP,0.6966254,1.0000
66167,2,DOWN,0.5673077,0.8171
66183,1,TAP,0.7105757,1.0000
66183,2,DOWN,0.5793269,0.8188
66200,1,TAP,0.7240674,1.0000
66200,2,DOWN,0.5918269,0.8255
66217,2,DOWN,0.6043269,0.8274
66233,2,DOWN,0.6173077,0.8171
66250,2,DOWN,0.6298077,0.8219
66266,2,DOWN,0.6427885,0.8199
66283,2,DOWN,0.6562500,0.8171
66300,2,DOWN,0.6692308,0.8219
66317,2,DOWN,0.6831731,0.8058
66317,3,TAP,0.5533654,0.9000
66333,2,DOWN,0.6971154,0.7990
66333,3,TAP,0.5653846,0.9000
66350,2,DOWN,0.7105769,0.8188
66350,3,TAP,0.5778846,0.9000
66366,2,DOWN,0.7240385,0.8337
66366,3,TAP,0.5899038,0.9000
66384,3,TAP,0.6028846,0.9000
66400,3,TAP,0.6158654,0.9000
66417,3,TAP,0.6283654,0.9000
66433,3,TAP,0.6418269,0.9000
66450,3,TAP,0.6548077,0.9000
66466,3,TAP,0.6677885,0.9000
66483,3,TAP,0.6812500,0.9000
66500,3,TAP,0.6947115,0.9000
66517,3,TAP,0.7086538,0.9000
66534,3,TAP,0.7225962,0.9000
67234,3,UP,0.4899038,0.9083
67250,3,UP,0.4985577,0.9661
67266,3,UP,0.5100962,0.9491
67283,3,UP,0.5216346,0.9423
67299,3,UP,0.5336538,0.9192
67317,3,UP,0.5456731,0.9192
67333,3,UP,0.5576923,0.9155
67350,3,UP,0.5697115,0.9129
67367,3,UP,0.5822115,0.9070
67383,2,TAP,0.4755478,1.0000
67383,3,UP,0.5942308,0.8961
67400,2,TAP,0.4874421,1.0000
67400,3,UP,0.6072115,0.9213
67416,2,TAP,0.4980672,1.0000
67416,3,UP,0.6197115,0.8806
67434,2,TAP,0.5095865,1.0000
67434,3,UP,0.6326923,0.8972
67466,2,TAP,0.5331591,1.0000
67466,3,UP,0.6591346,0.8826
67483,2,TAP,0.5451455,1.0000
67483,3,UP,0.6721154,0.8726
67500,2,TAP,0.5567080,0.9984
67500,3,UP,0.6860577,0.8538
67516,2,TAP,0.5687444,1.0000
67516,3,UP,0.7000000,0.8618
67533,2,TAP,0.5807940,1.0000
67533,3,UP,0.7134615,0.8605
67549,2,TAP,0.5932554,1.0000
67549,3,UP,0.7274038,0.8463
67568,2,TAP,0.6052995,1.0000
67600,2,TAP,0.6312282,0.9986
67616,1,TAP,0.5201883,1.0000
67616,2,TAP,0.6437770,1.0000
67633,1,TAP,0.5317252,1.0000
67633,2,TAP,0.6571862,1.0000
67650,1,TAP,0.5432676,1.0000
67650,2,TAP,0.6697115,1.0000
67666,1,TAP,0.5552941,1.0000
67666,2,TAP,0.6831731,1.0000
67683,1,TAP,0.5673006,1.0000
67683,2,TAP,0.6966226,1.0000
67699,1,TAP,0.5797752,1.0000
67699,2,TAP,0.7100831,0.9986
67716,1,TAP,0.5918186,1.0000
67716,2,TAP,0.7240437,1.0000
67733,1,TAP,0.6043145,1.0000
67750,1,TAP,0.6168269,1.0000
67767,1,TAP,0.6293133,1.0000
67783,1,TAP,0.6421879,1.0000
67783,3,TAP,0.5186371,1.0000
67799,1,TAP,0.6552644,0.9986
67799,3,TAP,0.5307692,1.0000
67817,1,TAP,0.6686918,1.0000
67817,3,TAP,0.5422799,1.0000
67833,1,TAP,0.6817580,1.0000
67833,3,TAP,0.5538454,1.0000
67850,1,TAP,0.6951977,1.0000
67850,3,TAP,0.5662971,1.0000
67867,1,TAP,0.7086861,1.0000
67867,3,TAP,0.5783612,1.0000
67900,3,TAP,0.6028609,1.0000
67916,3,TAP,0.6153541,1.0000
67933,2,UP,0.5048077,0.8219
67933,3,TAP,0.6283573,1.0000
67951,2,UP,0.5168269,0.8258
67951,3,TAP,0.6408762,1.0000
67967,2,UP,0.5283654,0.8190
67967,3,TAP,0.6538304,1.0000
67983,2,UP,0.5403846,0.8182
67983,3,TAP,0.6668229,1.0000
68000,2,UP,0.5524038,0.8221
68000,3,TAP,0.6802885,1.0000
68016,2,UP,0.5644231,0.8341
68016,3,TAP,0.6937447,1.0000
68033,2,UP,0.5764423,0.8213
68033,3,TAP,0.7072115,1.0000
68049,2,UP,0.5889423,0.8325
68049,3,TAP,0.7211486,1.0000
68067,2,UP,0.6014423,0.8116
68067,3,TAP,0.7346294,1.0000
68067,3,TAP,0.4820229,1.0000
68083,2,UP,0.6139423,0.8201
68083,3,TAP,0.4932552,1.0000
68100,2,UP,0.6269231,0.8241
68100,3,TAP,0.5048077,1.0000
68116,2,UP,0.6399038,0.8164
68116,3,TAP,0.5163405,1.0000
68133,2,UP,0.6528846,0.8221
68133,3,TAP,0.5278846,1.0000
68150,2,UP,0.6668269,0.8155
68150,3,TAP,0.5394136,1.0000
68167,2,UP,0.6798077,0.8261
68167,3,TAP,0.5514423,1.0000
68184,2,UP,0.6937500,0.8078
68184,3,TAP,0.5634490,1.0000
68200,2,UP,0.7072115,0.8184
68200,3,TAP,0.5754738,1.0000
68216,2,UP,0.7211538,0.8184
68216,3,TAP,0.5879724,1.0000
68233,3,TAP,0.5999939,1.0000
68250,3,TAP,0.6129904,1.0000
68267,3,TAP,0.6254754,1.0000
68283,1,DOWN,0.5139423,0.7650
68283,3,TAP,0.6379565,1.0000
68300,1,DOWN,0.5254808,0.7703
68300,3,TAP,0.6510079,1.0000
68316,1,DOWN,0.5375000,0.7796
68316,3,TAP,0.6639557,1.0000
68333,3,TAP,0.6773919,0.9986
68352,1,DOWN,0.5615385,0.7714
68352,3,TAP,0.6903374,1.0000
68384,1,DOWN,0.5860577,0.7973
68384,3,TAP,0.7178568,0.9987
68417,1,DOWN,0.6110577,0.8093
68417,2,TAP,0.4909854,1.0000
68433,1,DOWN,0.6240385,0.8194
68433,2,TAP,0.5019150,1.0000
68449,1,DOWN,0.6370192,0.8111
68449,2,TAP,0.5134535,1.0000
68467,1,DOWN,0.6500000,0.8326
68467,2,TAP,0.5249803,1.0000
68483,1,DOWN,0.6629808,0.8230
68483,2,TAP,0.5370192,1.0000
68500,1,DOWN,0.6769231,0.8364
68500,2,TAP,0.5490056,1.0000
68516,1,DOWN,0.6903846,0.8160
68516,2,TAP,0.5605753,1.0000
68533,1,DOWN,0.7038462,0.8294
68533,2,TAP,0.5728955,1.0000
68550,1,DOWN,0.7177885,0.8612
68550,2,TAP,0.5850893,0.9986
68566,2,TAP,0.5976016,1.0000
68566,3,UP,0.4769231,0.9658
68584,2,TAP,0.6100893,1.0000
68584,3,UP,0.4884615,0.9655
68600,2,TAP,0.6225962,1.0000
68600,3,UP,0.5000000,0.9491
68616,2,TAP,0.6350894,1.0000
68616,3,UP,0.5115385,0.9515
68633,2,TAP,0.6483424,1.0000
68633,3,UP,0.5225962,0.9376
68650,2,TAP,0.6610577,1.0000
68650,3,UP,0.5346154,0.9213
68666,2,TAP,0.6744927,1.0000
68666,3,UP,0.5466346,0.9138
68683,2,TAP,0.6874934,1.0000
68683,3,UP,0.5586538,0.9159
68700,2,TAP,0.7009645,1.0000
68700,3,UP,0.5711538,0.9227
68716,2,TAP,0.7144231,1.0000
68716,3,UP,0.5831731,0.9044
68733,2,TAP,0.7288473,1.0000
68733,2,TAP,0.4769345,1.0000
68733,3,UP,0.5961538,0.9049
68750,2,TAP,0.4884615,1.0000
68750,3,UP,0.6081731,0.9007
68767,2,TAP,0.4995633,1.0000
68767,3,UP,0.6211538,0.8826
68783,2,TAP,0.5110322,1.0000
68783,3,UP,0.6341346,0.8826
68800,2,TAP,0.5225261,1.0000
68800,3,UP,0.6471154,0.8879
68817,2,TAP,0.5345492,1.0000
68817,3,UP,0.6600962,0.8747
68833,2,TAP,0.5461467,1.0000
68833,3,UP,0.6740385,0.8774
68850,2,TAP,0.5576923,1.0000
68850,3,UP,0.6875000,0.8505
68866,2,TAP,0.5701017,1.0000
68866,3,UP,0.7009615,0.8626
68883,2,TAP,0.5822074,1.0000
68883,3,UP,0.7149038,0.8357
68900,2,TAP,0.5947170,1.0000
68900,3,UP,0.7288462,0.8329
68917,2,TAP,0.6071895,1.0000
68933,2,TAP,0.6197115,1.0000
68950,1,DOWN,0.5086538,0.7654
68950,2,TAP,0.6323704,1.0000
68966,2,TAP,0.6447290,1.0000
68966,3,TAP,0.4129808,1.0000
68984,1,DOWN,0.5322115,0.7689
68984,2,TAP,0.6581731,1.0000
69000,1,DOWN,0.5442308,0.7770
69000,2,TAP,0.6711538,1.0000
69017,1,DOWN,0.5562500,0.7826
69017,2,TAP,0.6843936,1.0000
69033,1,DOWN,0.5682692,0.7664
69033,2,TAP,0.6980847,1.0000
69049,1,DOWN,0.5802885,0.8055
69049,2,TAP,0.7115561,1.0000
69066,1,DOWN,0.5927885,0.7908
69066,2,TAP,0.7250053,1.0000
69066,3,TAP,0.4743723,1.0000
69084,1,DOWN,0.6052885,0.8028
69084,3,TAP,0.4855828,1.0000
69100,1,DOWN,0.6182692,0.7925
69100,3,TAP,0.4971154,1.0000
69117,1,DOWN,0.6312500,0.8287
69117,3,TAP,0.5086424,1.0000
69150,1,DOWN,0.6572115,0.8384
69150,3,TAP,0.5317364,1.0000
69166,1,DOWN,0.6706731,0.8485
69166,3,TAP,0.5432676,1.0000
69183,1,DOWN,0.6841346,0.8255
69183,3,TAP,0.5553097,1.0000
69200,1,DOWN,0.6980769,0.8104
69200,3,TAP,0.5672904,1.0000
69216,1,DOWN,0.7120192,0.8376
69216,3,TAP,0.5793311,1.0000
69233,1,DOWN,0.7254808,0.8409
69233,3,TAP,0.5918144,1.0000
69250,3,TAP,0.6043173,1.0000
69267,3,TAP,0.6168434,1.0000
69283,1,DOWN,0.5057692,0.7724
69283,3,TAP,0.6292660,1.0000
69300,3,TAP,0.6422811,1.0000
69316,1,DOWN,0.5293269,0.7770
69316,3,TAP,0.6552764,1.0000
69333,1,DOWN,0.5413462,0.7749
69333,3,TAP,0.6682528,1.0000
69350,1,DOWN,0.5533654,0.7918
69350,3,TAP,0.6812500,1.0000
69366,1,DOWN,0.5653846,0.7786
69366,3,TAP,0.6947115,1.0000
69383,1,DOWN,0.5774038,0.7850
69383,3,TAP,0.7086538,1.0000
69400,1,DOWN,0.5899038,0.7862
69400,3,TAP,0.7221207,1.0000
69417,1,DOWN,0.6028846,0.7925
69417,2,TAP,0.4836090,1.0000
69433,1,DOWN,0.6153846,0.7972
69433,2,TAP,0.4942203,1.0000
69450,1,DOWN,0.6278846,0.8037
69450,2,TAP,0.5057532,1.0000
69466,1,DOWN,0.6408654,0.8159
69466,2,TAP,0.5172845,1.0000
69483,1,DOWN,0.6543269,0.8197
69483,2,TAP,0.5288430,1.0000
69500,1,DOWN,0.6677885,0.8255
69500,2,TAP,0.5408399,1.0000
69517,1,DOWN,0.6812500,0.8282
69517,2,TAP,0.5525219,1.0000
69533,1,DOWN,0.6947115,0.8384
69533,2,TAP,0.5644191,1.0000
69550,1,DOWN,0.7086538,0.8329
69550,2,TAP,0.5769137,1.0000
69567,1,DOWN,0.7221154,0.8565
69567,2,TAP,0.5889478,1.0000
69583,2,TAP,0.6014979,1.0000
69583,3,UP,0.4807692,0.9593
69600,2,TAP,0.6139478,1.0000
69600,3,UP,0.4918269,0.9640
69617,2,TAP,0.6264409,1.0000
69617,3,UP,0.5038462,0.9515
69633,2,TAP,0.6389972,1.0000
69633,3,UP,0.5153846,0.9609
69650,2,TAP,0.6523892,1.0000
69650,3,UP,0.5269231,0.9371
69666,2,TAP,0.6653629,1.0000
69666,3,UP,0.5384615,0.9330
69683,2,TAP,0.6785095,1.0000
69683,3,UP,0.5504808,0.9238
69700,2,TAP,0.6918269,1.0000
69700,3,UP,0.5625000,0.8977
69717,2,TAP,0.7057799,1.0000
69717,3,UP,0.5750000,0.9083
69733,2,TAP,0.7192255,1.0000
69733,3,UP,0.5875000,0.9057
69750,2,TAP,0.4806649,1.0000
69750,3,UP,0.6000000,0.8993
69767,2,TAP,0.4921464,1.0000
69767,3,UP,0.6125000,0.8873
69783,2,TAP,0.5029371,1.0000
69783,3,UP,0.6254808,0.8920
69799,2,TAP,0.5144031,1.0000
69799,3,UP,0.6384615,0.8774
69816,2,TAP,0.5260819,1.0000
69816,3,UP,0.6519231,0.8774
69832,2,TAP,0.5381511,1.0000
69832,3,UP,0.6649038,0.8811
69849,2,TAP,0.5500000,1.0000
69849,3,UP,0.6783654,0.8538
69866,2,TAP,0.5615385,1.0000
69866,3,UP,0.6918269,0.8565
69883,2,TAP,0.5740385,1.0000
69883,3,UP,0.7057692,0.8599
69899,2,TAP,0.5860522,1.0000
69899,3,UP,0.7192308,0.8504
69917,2,TAP,0.5983005,1.0000
69917,3,UP,0.7331731,0.8504
69917,3,UP,0.4778846,0.9613
69933,2,TAP,0.6110577,1.0000
69933,3,UP,0.4894231,0.9607
69951,2,TAP,0.6235577,1.0000
69951,3,UP,0.5009615,0.9442
69983,2,TAP,0.6495059,1.0000
69983,3,UP,0.5245192,0.9447
70000,2,TAP,0.6620299,1.0000
70017,2,TAP,0.6754808,1.0000
70033,2,TAP,0.6889356,1.0000
70033,3,UP,0.5600962,0.9374
70049,2,TAP,0.7024065,1.0000
70049,3,UP,0.5721154,0.9032
70066,2,TAP,0.7163268,1.0000
70066,3,UP,0.5846154,0.9065
70083,2,TAP,0.7298141,1.0000
70083,2,TAP,0.4778765,1.0000
70083,3,UP,0.5971154,0.9028
70100,2,TAP,0.4894038,1.0000
70100,3,UP,0.6100962,0.8972
70116,2,TAP,0.5009422,1.0000
70116,3,UP,0.6225962,0.8925
70133,2,TAP,0.5124807,1.0000
70133,3,UP,0.6355769,0.8879
70150,2,TAP,0.5240233,1.0000
70150,3,UP,0.6485577,0.8685
70166,2,TAP,0.5355722,1.0000
70166,3,UP,0.6620192,0.8698
70183,2,TAP,0.5471154,1.0000
70183,3,UP,0.6750000,0.8800
70200,2,TAP,0.5591304,1.0000
70200,3,UP,0.6889423,0.8545
70217,2,TAP,0.5711445,1.0000
70217,3,UP,0.7028846,0.8665
70233,2,TAP,0.5832419,0.9983
70233,3,UP,0.7163462,0.8531
70249,2,TAP,0.5956744,1.0000
70249,3,UP,0.7302885,0.8416
70267,2,TAP,0.6081703,1.0000
70283,2,TAP,0.6206717,1.0000
70299,2,TAP,0.6331772,1.0000
70317,2,TAP,0.6466001,1.0000
70317,3,TAP,0.4139423,1.0000
70334,1,DOWN,0.5331731,0.7842
70334,2,TAP,0.6596154,1.0000
70350,1,DOWN,0.5451923,0.7724
70350,2,TAP,0.6725962,1.0000
70366,1,DOWN,0.5572115,0.7862
70366,2,TAP,0.6860114,1.0000
70383,1,DOWN,0.5692308,0.7664
70383,2,TAP,0.6994679,1.0000
70400,1,DOWN,0.5812500,0.8018
70400,2,TAP,0.7129574,1.0000
70416,1,DOWN,0.5942308,0.7889
70416,2,TAP,0.7269231,1.0000
70416,3,TAP,0.4757739,1.0000
70433,1,DOWN,0.6067308,0.8018
70433,3,TAP,0.4868899,1.0000
70450,1,DOWN,0.6197115,0.8101
70450,3,TAP,0.4980728,1.0000
70466,1,DOWN,0.6322115,0.8233
70466,3,TAP,0.5096154,1.0000
70482,1,DOWN,0.6451923,0.8330
70482,3,TAP,0.5211442,1.0000
70499,1,DOWN,0.6586538,0.8306
70499,3,TAP,0.5326867,1.0000
70516,1,DOWN,0.6721154,0.8431
70516,3,TAP,0.5446944,1.0000
70534,1,DOWN,0.6860577,0.8294
70534,3,TAP,0.5566623,1.0000
70551,1,DOWN,0.6990385,0.8369
70551,3,TAP,0.5682732,1.0000
70567,1,DOWN,0.7129808,0.8349
70567,3,TAP,0.5807607,1.0000
70583,1,DOWN,0.7269231,0.8416
70583,3,TAP,0.5928024,1.0000
70600,2,DOWN,0.4841346,0.8199
70600,3,TAP,0.6052871,1.0000
70616,2,DOWN,0.4956731,0.8255
70616,3,TAP,0.6177871,1.0000
70634,2,DOWN,0.5067308,0.8282
70634,3,TAP,0.6307373,1.0000
70650,2,DOWN,0.5187500,0.8274
70650,3,TAP,0.6437446,1.0000
70666,2,DOWN,0.5307692,0.8143
70666,3,TAP,0.6562473,1.0000
70683,2,DOWN,0.5423077,0.8199
70683,3,TAP,0.6696929,1.0000
70699,2,DOWN,0.5543269,0.8282
70699,3,TAP,0.6827141,1.0000
70716,2,DOWN,0.5663462,0.8246
70716,3,TAP,0.6966346,1.0000
70734,2,DOWN,0.5788462,0.8219
70734,3,TAP,0.7096261,1.0000
70751,2,DOWN,0.5913462,0.8199
70751,3,TAP,0.7235642,1.0000
70767,1,TAP,0.4841122,1.0000
70767,2,DOWN,0.6038462,0.8227
70783,1,TAP,0.4956383,1.0000
70783,2,DOWN,0.6168269,0.8274
70800,1,TAP,0.5070938,1.0000
70800,2,DOWN,0.6293269,0.8199
70816,1,TAP,0.5182765,1.0000
70816,2,DOWN,0.6427885,0.8227
70834,1,TAP,0.5298133,1.0000
70834,2,DOWN,0.6557692,0.8227
70850,1,TAP,0.5422094,1.0000
70850,2,DOWN,0.6687500,0.8274
70866,1,TAP,0.5538517,1.0000
70866,2,DOWN,0.6826923,0.8263
70883,1,TAP,0.5658500,1.0000
70883,2,DOWN,0.6961538,0.8076
70900,1,TAP,0.5778846,1.0000
70900,2,DOWN,0.7100962,0.8216
70917,1,TAP,0.5899262,1.0000
70917,2,DOWN,0.7240385,0.8282
70933,1,TAP,0.6024038,1.0000
70933,3,DOWN,0.4817308,0.8818
70950,1,TAP,0.6152115,1.0000
70950,3,DOWN,0.4927885,0.8864
70967,1,TAP,0.6278642,1.0000
70967,3,DOWN,0.5048077,0.8782
70984,1,TAP,0.6408210,1.0000
70984,3,DOWN,0.5163462,0.8818
71000,1,TAP,0.6533573,1.0000
71000,3,DOWN,0.5278846,0.8718
71016,1,TAP,0.6668269,1.0000
71016,3,DOWN,0.5399038,0.8750
71033,1,TAP,0.6802871,1.0000
71033,3,DOWN,0.5519231,0.8657
71050,1,TAP,0.6932651,1.0000
71050,3,DOWN,0.5639423,0.8624
71066,1,TAP,0.7067361,1.0000
71066,3,DOWN,0.5759615,0.8721
71083,1,TAP,0.7206731,1.0000
71083,3,DOWN,0.5884615,0.8670
71100,2,TAP,0.4817308,1.0000
71100,3,DOWN,0.6009615,0.8584
71116,2,TAP,0.4932692,1.0000
71116,3,DOWN,0.6139423,0.8605
71134,2,TAP,0.5048077,1.0000
71134,3,DOWN,0.6269231,0.8513
71150,2,TAP,0.5162754,1.0000
71150,3,DOWN,0.6399038,0.8349
71167,2,TAP,0.5278366,1.0000
71167,3,DOWN,0.6528846,0.8349
71183,2,TAP,0.5394128,0.9967
71183,3,DOWN,0.6658654,0.8380
71199,2,TAP,0.5509671,1.0000
71199,3,DOWN,0.6793269,0.8129
71216,2,TAP,0.5629878,1.0000
71216,3,DOWN,0.6927885,0.8295
71233,2,TAP,0.5754369,1.0000
71233,3,DOWN,0.7067308,0.7896
71250,2,TAP,0.5875000,1.0000
71250,3,DOWN,0.7206731,0.8140
71267,1,TAP,0.4807618,1.0000
71267,2,TAP,0.5998254,1.0000
71283,1,TAP,0.4921398,0.9983
71283,2,TAP,0.6124656,1.0000
71300,1,TAP,0.5029424,1.0000
71300,2,TAP,0.6254616,1.0000
71316,1,TAP,0.5144263,1.0000
71316,2,TAP,0.6379794,1.0000
71334,1,TAP,0.5262170,1.0000
71334,2,TAP,0.6504754,1.0000
71350,1,TAP,0.5381951,1.0000
71350,2,TAP,0.6639423,1.0000
71367,1,TAP,0.5499500,0.9984
71367,2,TAP,0.6773562,1.0000
71400,1,TAP,0.5740099,1.0000
71400,2,TAP,0.7038710,1.0000
71416,1,TAP,0.5860688,1.0000
71416,2,TAP,0.7173183,1.0000
71433,1,TAP,0.5981325,1.0000
71433,2,TAP,0.7317308,1.0000
71433,3,UP,0.4778846,0.9615
71450,1,TAP,0.6110536,1.0000
71450,3,UP,0.4894231,0.9583
71466,1,TAP,0.6235699,1.0000
71466,3,UP,0.5009615,0.9466
71483,1,TAP,0.6361163,1.0000
71483,3,UP,0.5125000,0.9469
71499,1,TAP,0.6495327,1.0000
71499,3,UP,0.5245192,0.9376
71517,1,TAP,0.6620435,1.0000
71517,3,UP,0.5365385,0.9349
71533,1,TAP,0.6754861,1.0000
71533,3,UP,0.5480769,0.9306
71551,1,TAP,0.6889489,1.0000
71551,3,UP,0.5600962,0.9395
71567,1,TAP,0.7023920,1.0000
71567,3,UP,0.5721154,0.8935
71583,1,TAP,0.7158901,1.0000
71583,3,UP,0.5846154,0.9035
71599,1,TAP,0.7298287,1.0000
71599,1,TAP,0.4778772,1.0000
71599,3,UP,0.5971154,0.9044
71616,1,TAP,0.4893867,0.9983
71616,3,UP,0.6100962,0.8946
71633,1,TAP,0.5009478,1.0000
71633,3,UP,0.6225962,0.8904
71649,1,TAP,0.5122687,1.0000
71649,3,UP,0.6355769,0.8832
71667,1,TAP,0.5239354,1.0000
71667,3,UP,0.6485577,0.8753
71683,1,TAP,0.5355714,1.0000
71683,3,UP,0.6620192,0.8744
71699,1,TAP,0.5471217,1.0000
71699,3,UP,0.6750000,0.8605
71716,1,TAP,0.5591416,1.0000
71716,3,UP,0.6889423,0.8571
71733,1,TAP,0.5711351,1.0000
71733,3,UP,0.7024038,0.8626
71750,1,TAP,0.5836056,1.0000
71750,3,UP,0.7163462,0.8511
71767,1,TAP,0.5956717,1.0000
71767,3,UP,0.7302885,0.8416
71767,3,UP,0.4759615,0.9660
71783,1,TAP,0.6081648,1.0000
71783,3,UP,0.4870192,0.9491
71800,1,TAP,0.6206676,1.0000
71800,3,UP,0.4985577,0.9609
71816,1,TAP,0.6331704,1.0000
71816,3,UP,0.5096154,0.9395
71833,1,TAP,0.6466131,1.0000
71833,3,UP,0.5216346,0.9398
71850,1,TAP,0.6591400,1.0000
71866,1,TAP,0.6725935,1.0000
71883,1,TAP,0.6860617,1.0000
71883,3,UP,0.5572115,0.9231
71899,1,TAP,0.6995166,1.0000
71899,3,UP,0.5692308,0.9070
71916,1,TAP,0.7129926,1.0000
71916,3,UP,0.5817308,0.9002
71933,1,TAP,0.7269254,1.0000
71933,1,TAP,0.4758304,1.0000
71933,3,UP,0.5942308,0.8981
71950,1,TAP,0.4866166,1.0000
71950,3,UP,0.6067308,0.9188
71967,1,TAP,0.4980826,1.0000
71967,3,UP,0.6197115,0.8873
71984,1,TAP,0.5096210,1.0000
71984,3,UP,0.6326923,0.8972
72017,1,TAP,0.5326979,1.0000
72017,3,UP,0.6586538,0.8612
72033,1,TAP,0.5445234,1.0000
72033,3,UP,0.6721154,0.8800
72049,1,TAP,0.5566715,1.0000
72049,3,UP,0.6860577,0.8806
72066,1,TAP,0.5682692,1.0000
72066,3,UP,0.6990385,0.8605
72083,1,TAP,0.5807344,1.0000
72083,3,UP,0.7129808,0.8538
72100,1,TAP,0.5927871,1.0000
72100,3,UP,0.7269231,0.8409
72117,1,TAP,0.6052843,1.0000
72117,3,UP,0.4841346,0.9567
72133,1,TAP,0.6177939,1.0000
72133,3,UP,0.4956731,0.9515
72150,1,TAP,0.6305544,1.0000
72150,3,UP,0.5076923,0.9561
72166,1,TAP,0.6437500,1.0000
72166,3,UP,0.5187500,0.9444
72184,1,TAP,0.6562379,1.0000
72200,1,TAP,0.6697062,1.0000
72216,1,TAP,0.6826977,1.0000
72216,3,UP,0.5543269,0.9065
72233,1,TAP,0.6965427,0.9987
72233,3,UP,0.5663462,0.9070
72249,1,TAP,0.7096477,1.0000
72249,3,UP,0.5793269,0.9213
72266,1,TAP,0.7235551,1.0000
72266,3,UP,0.5913462,0.9002
72283,1,TAP,0.4845656,1.0000
72283,3,UP,0.6043269,0.9138
72300,1,TAP,0.4955598,1.0000
72300,3,UP,0.6168269,0.9116
72317,1,TAP,0.5068349,1.0000
72317,3,UP,0.6298077,0.8993
72333,1,TAP,0.5182588,1.0000
72333,3,UP,0.6427885,0.8998
72349,1,TAP,0.5302412,1.0000
72349,3,UP,0.6557692,0.8832
72366,1,TAP,0.5421738,1.0000
72366,3,UP,0.6692308,0.8706
72384,1,TAP,0.5538095,1.0000
72384,3,UP,0.6826923,0.8659
72400,1,TAP,0.5658640,1.0000
72400,3,UP,0.6961538,0.8456
72416,1,TAP,0.5778737,1.0000
72416,3,UP,0.7100962,0.8424
72433,1,TAP,0.5899080,1.0000
72433,3,UP,0.7240385,0.8571
72450,1,TAP,0.6024038,1.0000
72450,3,UP,0.4817308,0.9682
72466,1,TAP,0.6153298,1.0000
72466,3,UP,0.4932692,0.9654
72483,1,TAP,0.6278521,1.0000
72483,3,UP,0.5048077,0.9327
72500,1,TAP,0.6408545,1.0000
72500,3,UP,0.5163462,0.9515
72517,1,TAP,0.6533654,1.0000
72533,1,TAP,0.6668216,1.0000
72549,1,TAP,0.6798077,1.0000
72549,3,UP,0.5524038,0.9425
72566,1,TAP,0.6932895,1.0000
72566,3,UP,0.5639423,0.9087
72583,1,TAP,0.7067403,1.0000
72583,3,UP,0.5764423,0.9167
72600,1,TAP,0.7206783,1.0000
72600,3,UP,0.5884615,0.8986
72617,1,TAP,0.4817291,1.0000
72617,3,UP,0.6009615,0.8998
72633,1,TAP,0.4932692,0.9983
72633,3,UP,0.6139423,0.8972
72650,1,TAP,0.5048077,1.0000
72650,3,UP,0.6269231,0.8993
72666,1,TAP,0.5161366,1.0000
72666,3,UP,0.6399038,0.8894
72683,1,TAP,0.5278727,1.0000
72683,3,UP,0.6528846,0.8806
72700,1,TAP,0.5394168,1.0000
72700,3,UP,0.6658654,0.8718
72716,1,TAP,0.5509545,1.0000
72716,3,UP,0.6798077,0.8712
72733,1,TAP,0.5629752,1.0000
72733,3,UP,0.6932692,0.8732
72749,1,TAP,0.5754725,1.0000
72749,3,UP,0.7072115,0.8779
72766,1,TAP,0.5874769,1.0000
72766,3,UP,0.7211538,0.8619
72784,1,TAP,0.5999992,1.0000
72784,3,UP,0.4793269,0.9519
72800,1,TAP,0.6120691,1.0000
72800,3,UP,0.4908654,0.9510
72817,1,TAP,0.6250080,1.0000
72817,3,UP,0.5019231,0.9417
72833,1,TAP,0.6379876,1.0000
72833,3,UP,0.5134615,0.9466
72850,1,TAP,0.6504888,1.0000
72866,1,TAP,0.6639064,1.0000
72883,1,TAP,0.6769285,1.0000
72883,3,UP,0.5495192,0.9259
72901,1,TAP,0.6900630,1.0000
72901,3,UP,0.5615385,0.9249
72917,1,TAP,0.7038450,1.0000
72917,3,UP,0.5735577,0.9040
72933,1,TAP,0.7173042,0.9988
72933,3,UP,0.5860577,0.9023
72949,1,TAP,0.7312552,1.0000
72949,1,TAP,0.4796655,1.0000
72949,3,UP,0.5980769,0.9028
72967,1,TAP,0.4903863,1.0000
72967,3,UP,0.6110577,0.8894
72983,1,TAP,0.5019288,1.0000
72983,3,UP,0.6240385,0.8847
73000,1,TAP,0.5134431,1.0000
73000,3,UP,0.6370192,0.8904
73017,1,TAP,0.5249801,1.0000
73017,3,UP,0.6500000,0.8712
73033,1,TAP,0.5365289,1.0000
73033,3,UP,0.6629808,0.8685
73049,1,TAP,0.5485619,1.0000
73049,3,UP,0.6769231,0.8873
73066,1,TAP,0.5605574,1.0000
73066,3,UP,0.6899038,0.8471
73083,1,TAP,0.5725177,1.0000
73083,3,UP,0.7038462,0.8712
73100,1,TAP,0.5846193,1.0000
73100,3,UP,0.7177885,0.8458
73117,1,TAP,0.5971177,1.0000
73117,3,UP,0.4769231,0.9705
73134,1,TAP,0.6091678,1.0000
73134,3,UP,0.4879808,0.9444
73151,1,TAP,0.6221246,1.0000
73151,3,UP,0.4995192,0.9585
73184,1,TAP,0.6477399,1.0000
73200,1,TAP,0.6610296,1.0000
73216,1,TAP,0.6741229,0.9987
73216,3,UP,0.5466346,0.9184
73233,1,TAP,0.6870166,0.9986
73233,3,UP,0.5586538,0.9129
73250,1,TAP,0.7009604,1.0000
73250,3,UP,0.5706731,0.9133
73266,1,TAP,0.7144378,1.0000
73266,3,UP,0.5831731,0.9070
73282,1,TAP,0.7278934,0.9915
73282,1,TAP,0.4768431,1.0000
73282,3,UP,0.5951923,0.9028
73300,1,TAP,0.4881508,1.0000
73300,3,UP,0.6081731,0.9074
73316,1,TAP,0.4992371,1.0000
73316,3,UP,0.6211538,0.8821
73333,1,TAP,0.5105825,1.0000
73333,3,UP,0.6341346,0.8779
73350,1,TAP,0.5221034,1.0000
73350,3,UP,0.6471154,0.8894
73366,1,TAP,0.5336491,1.0000
73366,3,UP,0.6600962,0.8565
73383,1,TAP,0.5460135,1.0000
73383,3,UP,0.6735577,0.8732
73399,1,TAP,0.5577018,1.0000
73399,3,UP,0.6870192,0.8463
73417,1,TAP,0.5697172,1.0000
73417,3,UP,0.7009615,0.8659
73433,1,TAP,0.5821990,1.0000
73433,3,UP,0.7149038,0.8558
73450,1,TAP,0.5942308,1.0000
73450,3,UP,0.7288462,0.8416
73450,3,UP,0.4740385,0.9515
73466,1,TAP,0.6067308,1.0000
73466,3,UP,0.4855769,0.9607
73483,1,TAP,0.6192308,1.0000
73483,3,UP,0.4966346,0.9447
73499,1,TAP,0.6322156,1.0000
73499,3,UP,0.5086538,0.9471
73517,1,TAP,0.6447115,1.0000
73517,3,UP,0.5201923,0.9374
73533,1,TAP,0.6581677,1.0000
73549,1,TAP,0.6711593,1.0000
73566,1,TAP,0.6841346,1.0000
73566,3,UP,0.5562500,0.9249
73583,1,TAP,0.6975830,1.0000
73583,3,UP,0.5682692,0.9234
73600,1,TAP,0.7110669,1.0000
73600,3,UP,0.5802885,0.9167
73617,1,TAP,0.7252682,0.9987
73617,1,TAP,0.4740360,1.0000
73617,3,UP,0.5927885,0.9023
73633,1,TAP,0.4855638,1.0000
73633,3,UP,0.6052885,0.9145
73650,1,TAP,0.4971154,1.0000
73650,3,UP,0.6182692,0.9014
73666,1,TAP,0.5080558,1.0000
73666,3,UP,0.6312500,0.8983
73683,1,TAP,0.5193339,1.0000
73683,3,UP,0.6442308,0.8821
73700,1,TAP,0.5317116,1.0000
73700,3,UP,0.6572115,0.8806
73717,1,TAP,0.5432486,1.0000
73717,3,UP,0.6706731,0.8706
73734,1,TAP,0.5548077,1.0000
73734,3,UP,0.6841346,0.8732
73766,1,TAP,0.5793269,1.0000
73766,3,UP,0.7115385,0.8483
73784,1,TAP,0.5913462,1.0000
73784,3,UP,0.7254808,0.8409
73800,1,TAP,0.6038338,1.0000
73800,3,UP,0.4831731,0.9587
73817,1,TAP,0.6163186,1.0000
73817,3,UP,0.4947115,0.9583
73834,1,TAP,0.6293283,1.0000
73834,3,UP,0.5062500,0.9561
73867,1,TAP,0.6552750,1.0000
73883,1,TAP,0.6677885,1.0000
73899,1,TAP,0.6812433,1.0000
73899,3,UP,0.5533654,0.9108
73917,1,TAP,0.6947115,1.0000
73917,3,UP,0.5653846,0.8967
73934,1,TAP,0.7081731,1.0000
73934,3,UP,0.5774038,0.9142
73967,2,TAP,0.4828520,1.0000
73967,3,UP,0.6024038,0.8977
73983,2,TAP,0.4942162,1.0000
73983,3,UP,0.6153846,0.8915
74000,2,TAP,0.5057603,1.0000
74000,3,UP,0.6278846,0.8920
74016,2,TAP,0.5172788,1.0000
74016,3,UP,0.6408654,0.8847
74033,2,TAP,0.5288406,1.0000
74033,3,UP,0.6543269,0.8785
74050,2,TAP,0.5403902,1.0000
74050,3,UP,0.6677885,0.8685
74066,2,TAP,0.5523968,0.9971
74066,3,UP,0.6807692,0.8659
74083,2,TAP,0.5644231,1.0000
74083,3,UP,0.6947115,0.8638
74099,2,TAP,0.5764479,1.0000
74099,3,UP,0.7081731,0.8381
74117,2,TAP,0.5887766,1.0000
74117,3,UP,0.7221154,0.8504
74134,1,TAP,0.4817308,1.0000
74134,2,TAP,0.6009546,1.0000
74150,1,TAP,0.4932635,1.0000
74150,2,TAP,0.6139108,1.0000
74166,1,TAP,0.5042831,1.0000
74166,2,TAP,0.6264423,1.0000
74183,1,TAP,0.5157880,1.0000
74183,2,TAP,0.6389464,1.0000
74200,1,TAP,0.5278790,1.0000
74200,2,TAP,0.6519031,1.0000
74216,1,TAP,0.5394191,1.0000
74216,2,TAP,0.6648972,1.0000
74233,1,TAP,0.5509592,1.0000
74233,2,TAP,0.6783587,1.0000
74250,1,TAP,0.5629627,0.9971
74250,2,TAP,0.6918269,1.0000
74266,1,TAP,0.5749775,1.0000
74266,2,TAP,0.7053004,1.0000
74283,1,TAP,0.5874984,1.0000
74283,2,TAP,0.7187735,1.0000
74299,1,TAP,0.5995316,1.0000
74299,2,TAP,0.7327029,1.0000
74299,3,DOWN,0.4788462,0.8818
74317,1,TAP,0.6121162,1.0000
74317,3,DOWN,0.4903846,0.8833
74334,1,TAP,0.6245644,1.0000
74334,3,DOWN,0.5019231,0.8904
74350,1,TAP,0.6379482,1.0000
74350,3,DOWN,0.5134615,0.8961
74366,1,TAP,0.6504741,1.0000
74366,3,DOWN,0.5254808,0.8704
74383,1,TAP,0.6634706,1.0000
74383,3,DOWN,0.5365385,0.8802
74400,1,TAP,0.6764476,1.0000
74400,3,DOWN,0.5490385,0.8637
74416,1,TAP,0.6903918,1.0000
74416,3,DOWN,0.5610577,0.8690
74434,1,TAP,0.7037283,1.0000
74434,3,DOWN,0.5730769,0.8664
74450,1,TAP,0.7173148,1.0000
74450,3,DOWN,0.5855769,0.8664
74466,2,TAP,0.4788543,1.0000
74466,3,DOWN,0.5980769,0.8650
74483,2,TAP,0.4903645,1.0000
74483,3,DOWN,0.6110577,0.8453
74500,2,TAP,0.5019029,1.0000
74500,3,DOWN,0.6235577,0.8499
74516,2,TAP,0.5134115,1.0000
74516,3,DOWN,0.6365385,0.8519
74533,2,TAP,0.5249992,1.0000
74533,3,DOWN,0.6500000,0.8241
74550,2,TAP,0.5365172,1.0000
74550,3,DOWN,0.6629808,0.8333
74566,2,TAP,0.5485179,1.0000
74566,3,DOWN,0.6764423,0.8197
74583,2,TAP,0.5605176,1.0000
74583,3,DOWN,0.6899038,0.8047
74599,2,TAP,0.5721498,1.0000
74599,3,DOWN,0.7038462,0.7944
74616,2,TAP,0.5846084,1.0000
74616,3,DOWN,0.7173077,0.7887
74633,2,TAP,0.5970688,1.0000
74633,3,DOWN,0.7312500,0.7877
74650,2,TAP,0.6091401,1.0000
74667,2,TAP,0.6216401,1.0000
74683,1,DOWN,0.5105769,0.7636
74683,2,TAP,0.6350800,1.0000
74700,2,TAP,0.6479714,1.0000
74700,3,TAP,0.4144231,1.0000
74717,1,DOWN,0.5346154,0.7806
74717,2,TAP,0.6610523,1.0000
74733,1,DOWN,0.5461538,0.7724
74733,2,TAP,0.6735391,1.0000
74751,1,DOWN,0.5581731,0.7798
74751,2,TAP,0.6870192,1.0000
74783,1,DOWN,0.5831731,0.8064
74783,2,TAP,0.7144102,1.0000
74800,1,DOWN,0.5951923,0.7804
74800,2,TAP,0.7278993,1.0000
74800,3,TAP,0.4769156,1.0000
74816,1,DOWN,0.6081731,0.7963
74816,3,TAP,0.4879808,1.0000
74833,1,DOWN,0.6211538,0.8019
74833,3,TAP,0.4990385,1.0000
74850,1,DOWN,0.6336538,0.8192
74850,3,TAP,0.5105769,1.0000
74867,1,DOWN,0.6466346,0.8311
74867,3,TAP,0.5220704,0.9983
74883,1,DOWN,0.6600962,0.8244
74883,3,TAP,0.5336531,1.0000
74900,1,DOWN,0.6730769,0.8438
74900,3,TAP,0.5459332,1.0000
74917,1,DOWN,0.6870192,0.8258
74917,3,TAP,0.5577018,1.0000
74933,1,DOWN,0.7004808,0.8396
74933,3,TAP,0.5697115,1.0000
74950,1,DOWN,0.7144231,0.8349
74950,3,TAP,0.5817051,1.0000
74967,1,DOWN,0.7288462,0.8337
74967,3,TAP,0.5941700,0.9984
74983,2,DOWN,0.4850962,0.8227
74983,3,TAP,0.6067184,1.0000
75000,2,DOWN,0.4966346,0.8282
75000,3,TAP,0.6191543,1.0000
75016,2,DOWN,0.5086538,0.8199
75016,3,TAP,0.6322115,1.0000
75033,2,DOWN,0.5197115,0.8282
75033,3,TAP,0.6443418,1.0000
75050,2,DOWN,0.5317308,0.8227
75050,3,TAP,0.6580481,1.0000
75066,2,DOWN,0.5432692,0.8246
75066,3,TAP,0.6706584,1.0000
75083,2,DOWN,0.5552885,0.8282
75083,3,TAP,0.6841400,1.0000
75099,2,DOWN,0.5673077,0.8219
75099,3,TAP,0.6976014,1.0000
75116,2,DOWN,0.5802885,0.8152
75116,3,TAP,0.7110760,1.0000
75133,1,TAP,0.4739721,0.9983
75133,2,DOWN,0.5923077,0.8227
75133,3,TAP,0.7253915,1.0000
75150,1,TAP,0.4855041,1.0000
75150,2,DOWN,0.6052885,0.8219
75167,1,TAP,0.4961866,1.0000
75167,2,DOWN,0.6182692,0.8095
75183,1,TAP,0.5077320,1.0000
75183,2,DOWN,0.6307692,0.8282
75200,1,TAP,0.5192419,1.0000
75200,2,DOWN,0.6437500,0.8227
75216,1,TAP,0.5315954,1.0000
75216,2,DOWN,0.6572115,0.8115
75232,1,TAP,0.5432447,1.0000
75232,2,DOWN,0.6701923,0.8219
75249,1,TAP,0.5549084,1.0000
75249,2,DOWN,0.6841346,0.8115
75266,1,TAP,0.5668172,1.0000
75266,2,DOWN,0.6971154,0.8199
75283,1,TAP,0.5791285,1.0000
75283,2,DOWN,0.7110577,0.8282
75299,1,TAP,0.5913438,1.0000
75299,2,DOWN,0.7250000,0.8255
75317,1,TAP,0.6038323,1.0000
75317,3,TAP,0.4844855,1.0000
75333,1,TAP,0.6163308,1.0000
75333,3,TAP,0.4954504,1.0000
75350,1,TAP,0.6293148,1.0000
75350,3,TAP,0.5067365,1.0000
75367,1,TAP,0.6418269,1.0000
75367,3,TAP,0.5182515,1.0000
75383,1,TAP,0.6548241,1.0000
75383,3,TAP,0.5298061,1.0000
75399,1,TAP,0.6677885,1.0000
75399,3,TAP,0.5413342,1.0000
75416,1,TAP,0.6812367,1.0000
75416,3,TAP,0.5538367,1.0000
75433,1,TAP,0.6946905,0.9986
75433,3,TAP,0.5653697,1.0000
75450,1,TAP,0.7081731,1.0000
75450,3,TAP,0.5778791,1.0000
75467,1,TAP,0.7221107,1.0000
75467,3,TAP,0.5899094,1.0000
75483,2,UP,0.4817308,0.8246
75483,3,TAP,0.6023970,1.0000
75499,2,UP,0.4927885,0.8294
75499,3,TAP,0.6149038,1.0000
75517,2,UP,0.5048077,0.8314
75517,3,TAP,0.6274093,1.0000
75533,2,UP,0.5163462,0.8361
75533,3,TAP,0.6403834,1.0000
75550,2,UP,0.5278846,0.8278
75550,3,TAP,0.6533654,1.0000
75567,2,UP,0.5394231,0.8201
75567,3,TAP,0.6668216,1.0000
75583,2,UP,0.5514423,0.8182
75583,3,TAP,0.6798059,1.0000
75599,2,UP,0.5639423,0.8241
75599,3,TAP,0.6932692,1.0000
75616,2,UP,0.5764423,0.8241
75616,3,TAP,0.7067260,1.0000
75633,2,UP,0.5884615,0.8164
75633,3,TAP,0.7202349,1.0000
75650,1,TAP,0.4817308,1.0000
75650,2,UP,0.6009615,0.8193
75666,1,TAP,0.4931498,1.0000
75666,2,UP,0.6139423,0.8193
75683,1,TAP,0.5039517,1.0000
75683,2,UP,0.6264423,0.8193
75699,1,TAP,0.5153984,0.9983
75699,2,UP,0.6399038,0.8329
75716,1,TAP,0.5269287,1.0000
75716,2,UP,0.6528846,0.8175
75733,1,TAP,0.5394103,1.0000
75733,2,UP,0.6658654,0.8193
75750,1,TAP,0.5509615,1.0000
75750,2,UP,0.6798077,0.8261
75767,1,TAP,0.5629836,1.0000
75767,2,UP,0.6932692,0.8309
75783,1,TAP,0.5749860,1.0000
75783,2,UP,0.7067308,0.8204
75799,1,TAP,0.5870192,1.0000
75799,2,UP,0.7206731,0.8213
75817,1,TAP,0.5995288,1.0000
75817,2,UP,0.4788462,0.8458
75833,1,TAP,0.6120233,1.0000
75833,2,UP,0.4908654,0.8278
75850,1,TAP,0.6245261,1.0000
75850,2,UP,0.5019231,0.8210
75866,1,TAP,0.6379794,1.0000
75866,2,UP,0.5134615,0.8294
75883,1,TAP,0.6504808,1.0000
75900,1,TAP,0.6634822,1.0000
75916,1,TAP,0.6767756,1.0000
75916,2,UP,0.5490385,0.8305
75933,1,TAP,0.6899171,1.0000
75933,2,UP,0.5610577,0.8221
75950,1,TAP,0.7033667,1.0000
75950,2,UP,0.5730769,0.8274
75966,1,TAP,0.7173171,1.0000
75966,2,UP,0.5855769,0.8249
75983,1,TAP,0.7312526,1.0000
75983,1,TAP,0.4788519,1.0000
75983,2,UP,0.5980769,0.8193
76000,1,TAP,0.4903846,1.0000
76000,2,UP,0.6110577,0.8193
76017,1,TAP,0.5019206,1.0000
76017,2,UP,0.6235577,0.8249
76050,1,TAP,0.5249596,1.0000
76050,2,UP,0.6500000,0.8175
76066,1,TAP,0.5365329,1.0000
76066,2,UP,0.6629808,0.8164
76084,1,TAP,0.5480856,1.0000
76084,2,UP,0.6764423,0.8117
76100,1,TAP,0.5601003,1.0000
76100,2,UP,0.6899038,0.8175
76116,1,TAP,0.5720882,1.0000
76116,2,UP,0.7038462,0.8301
76133,1,TAP,0.5845382,0.9937
76133,2,UP,0.7173077,0.8127
76150,1,TAP,0.5966456,1.0000
76150,2,UP,0.4769231,0.8219
76167,1,TAP,0.6091155,1.0000
76167,2,UP,0.4879808,0.8314
76184,1,TAP,0.6216537,1.0000
76184,2,UP,0.4995192,0.8396
76200,1,TAP,0.6345581,1.0000
76200,2,UP,0.5110577,0.8238
76216,1,TAP,0.6476083,1.0000
76233,1,TAP,0.6605678,1.0000
76249,1,TAP,0.6735630,1.0000
76249,2,UP,0.5466346,0.8230
76266,1,TAP,0.6870325,1.0000
76266,2,UP,0.5581731,0.8286
76283,1,TAP,0.7004939,1.0000
76283,2,UP,0.5706731,0.8193
76300,1,TAP,0.7144071,1.0000
76300,2,UP,0.5831731,0.8373
76316,1,TAP,0.7278864,1.0000
76316,1,TAP,0.4767956,0.9983
76316,2,UP,0.5951923,0.8173
76334,1,TAP,0.4875760,1.0000
76334,2,UP,0.6081731,0.8173
76352,1,TAP,0.4990272,1.0000
76352,2,UP,0.6206731,0.8249
76384,1,TAP,0.5221027,1.0000
76384,2,UP,0.6471154,0.8175
76400,1,TAP,0.5336507,1.0000
76400,2,UP,0.6600962,0.8213
76416,1,TAP,0.5455507,1.0000
76416,2,UP,0.6730769,0.8175
76433,1,TAP,0.5576939,1.0000
76433,2,UP,0.6870192,0.8232
76449,1,TAP,0.5692245,1.0000
76449,2,UP,0.7009615,0.8329
76466,1,TAP,0.5817184,1.0000
76466,2,UP,0.7144231,0.8127
76484,1,TAP,0.5937528,1.0000
76484,2,UP,0.7283654,0.8155
76500,1,TAP,0.6062404,1.0000
76500,2,UP,0.4850962,0.8190
76516,1,TAP,0.6188168,1.0000
76516,2,UP,0.4966346,0.8266
76533,1,TAP,0.6320403,1.0000
76533,2,UP,0.5086538,0.8361
76550,1,TAP,0.6443506,1.0000
76550,2,UP,0.5197115,0.8182
76567,1,TAP,0.6576433,1.0000
76583,1,TAP,0.6706731,1.0000
76600,1,TAP,0.6841346,1.0000
76600,2,UP,0.5557692,0.8322
76616,1,TAP,0.6975830,1.0000
76616,2,UP,0.5677885,0.8213
76632,1,TAP,0.7110669,1.0000
76632,2,UP,0.5802885,0.8297
76649,1,TAP,0.7250846,1.0000
76649,1,TAP,0.4740161,1.0000
76649,2,UP,0.5923077,0.8305
76667,1,TAP,0.4854769,1.0000
76667,2,UP,0.6052885,0.8261
76683,1,TAP,0.4963484,1.0000
76683,2,UP,0.6177885,0.8193
76700,1,TAP,0.5077149,1.0000
76700,2,UP,0.6307692,0.8241
76717,1,TAP,0.5192348,1.0000
76717,2,UP,0.6437500,0.8309
76733,1,TAP,0.5308409,1.0000
76733,2,UP,0.6567308,0.8193
76750,1,TAP,0.5432557,1.0000
76750,2,UP,0.6701923,0.8127
76766,1,TAP,0.5548022,1.0000
76766,2,UP,0.6841346,0.8232
76783,1,TAP,0.5668241,1.0000
76783,2,UP,0.6975962,0.8155
76800,1,TAP,0.5793214,1.0000
76800,2,UP,0.7110577,0.8184
76817,1,TAP,0.5913113,1.0000
76817,2,UP,0.7250000,0.8213
76833,1,TAP,0.6037286,1.0000
76833,2,UP,0.4826923,0.8182
76849,1,TAP,0.6162446,1.0000
76849,2,UP,0.4942308,0.8199
76867,1,TAP,0.6293215,1.0000
76867,2,UP,0.5057692,0.8219
76883,1,TAP,0.6418202,1.0000
76883,2,UP,0.5173077,0.8369
76900,1,TAP,0.6543472,1.0000
76917,1,TAP,0.6677831,1.0000
76933,1,TAP,0.6812500,1.0000
76933,2,UP,0.5533654,0.8249
76950,1,TAP,0.6942415,1.0000
76950,2,UP,0.5653846,0.8325
76966,1,TAP,0.7079588,1.0000
76966,2,UP,0.5774038,0.8184
76983,1,TAP,0.7216346,1.0000
76983,2,UP,0.5894231,0.8278
77000,1,TAP,0.4826555,0.9899
77000,2,UP,0.6024038,0.8201
77017,1,TAP,0.4942234,1.0000
77017,2,UP,0.6149038,0.8201
77033,1,TAP,0.5057692,1.0000
77033,2,UP,0.6278846,0.8241
77049,1,TAP,0.5172853,1.0000
77049,2,UP,0.6408654,0.8136
77066,1,TAP,0.5288398,1.0000
77066,2,UP,0.6538462,0.8164
77083,1,TAP,0.5403719,1.0000
77083,2,UP,0.6673077,0.8117
77100,1,TAP,0.5524067,1.0000
77100,2,UP,0.6807692,0.8261
77117,1,TAP,0.5643897,1.0000
77117,2,UP,0.6942308,0.8127
77133,1,TAP,0.5763661,1.0000
77133,2,UP,0.7081731,0.8155
77150,1,TAP,0.5884484,1.0000
77150,2,UP,0.7221154,0.8213
77167,1,TAP,0.6008875,1.0000
77167,2,UP,0.4802885,0.8210
77183,1,TAP,0.6129903,1.0000
77183,2,UP,0.4918269,0.8369
77200,1,TAP,0.6263083,1.0000
77200,2,UP,0.5028846,0.8190
77217,1,TAP,0.6389450,1.0000
77217,2,UP,0.5149038,0.8314
77233,1,TAP,0.6519273,1.0000
77250,1,TAP,0.6649132,1.0000
77266,1,TAP,0.6783429,1.0000
77266,2,UP,0.5504808,0.8258
77283,1,TAP,0.6913557,1.0000
77283,2,UP,0.5625000,0.8353
77300,1,TAP,0.7048599,1.0000
77300,2,UP,0.5745192,0.8221
77317,1,TAP,0.7187513,1.0000
77317,2,UP,0.5870192,0.8241
77333,1,TAP,0.4800855,1.0000
77333,2,UP,0.5995192,0.8230
77350,1,TAP,0.4913388,1.0000
77350,2,UP,0.6120192,0.8201
77367,1,TAP,0.5028676,1.0000
77367,2,UP,0.6250000,0.8269
77383,1,TAP,0.5144175,1.0000
77383,2,UP,0.6379808,0.8164
77399,1,TAP,0.5259520,1.0000
77399,2,UP,0.6509615,0.8213
77417,1,TAP,0.5374645,0.9984
77417,2,UP,0.6639423,0.8107
77433,1,TAP,0.5493789,1.0000
77433,2,UP,0.6778846,0.8289
77449,1,TAP,0.5615135,1.0000
77449,2,UP,0.6913462,0.8317
77466,1,TAP,0.5735800,1.0000
77466,2,UP,0.7048077,0.8184
77483,1,TAP,0.5855761,1.0000
77483,2,UP,0.7192308,0.8241
77500,1,TAP,0.5980885,1.0000
77500,2,UP,0.4778846,0.8162
77517,1,TAP,0.6105762,1.0000
77517,2,UP,0.4889423,0.8266
77533,1,TAP,0.6230884,1.0000
77533,2,UP,0.5004808,0.8258
77550,1,TAP,0.6360713,1.0000
77550,2,UP,0.5125000,0.8409
77567,1,TAP,0.6485752,1.0000
77583,1,TAP,0.6620259,1.0000
77599,1,TAP,0.6747704,1.0000
77599,2,UP,0.5475962,0.8230
77617,1,TAP,0.6884819,1.0000
77617,2,UP,0.5596154,0.8219
77633,1,TAP,0.7019142,1.0000
77633,2,UP,0.5716346,0.8201
77649,1,TAP,0.7153988,1.0000
77649,2,UP,0.5841346,0.8269
77666,1,TAP,0.7293348,1.0000
77666,1,TAP,0.4778271,1.0000
77666,2,UP,0.5961538,0.8190
77683,1,TAP,0.4885925,0.9948
77683,2,UP,0.6091346,0.8221
77700,1,TAP,0.5000138,1.0000
77700,2,UP,0.6221154,0.8213
77717,1,TAP,0.5115481,1.0000
77717,2,UP,0.6350962,0.8164
77733,1,TAP,0.5230809,1.0000
77733,2,UP,0.6480769,0.8155
77750,1,TAP,0.5346273,1.0000
77750,2,UP,0.6610577,0.8136
77766,1,TAP,0.5470870,1.0000
77766,2,UP,0.6750000,0.8232
77783,1,TAP,0.5586609,1.0000
77783,2,UP,0.6879808,0.8213
77799,1,TAP,0.5706731,1.0000
77799,2,UP,0.7019231,0.8241
77816,1,TAP,0.5830445,1.0000
77816,2,UP,0.7158654,0.8213
77833,1,TAP,0.5951923,1.0000
77833,2,UP,0.7298077,0.8241
77833,2,UP,0.4750000,0.8369
77850,1,TAP,0.6076799,1.0000
77850,2,UP,0.4865385,0.8219
77866,1,TAP,0.6206676,1.0000
77866,2,UP,0.4980769,0.8266
77883,1,TAP,0.6331744,1.0000
77883,2,UP,0.5096154,0.8341
77899,1,TAP,0.6456785,1.0000
77899,2,UP,0.5211538,0.8201
77917,1,TAP,0.6591346,1.0000
77933,1,TAP,0.6720924,1.0000
77951,1,TAP,0.6855811,1.0000
77951,2,UP,0.5572115,0.8278
77983,1,TAP,0.7125147,1.0000
77983,2,UP,0.5812500,0.8269
78000,1,TAP,0.7259621,1.0000
78000,1,TAP,0.4751003,1.0000
78000,2,UP,0.5937500,0.8193
78016,1,TAP,0.4864980,1.0000
78016,2,UP,0.6062500,0.8210
78033,1,TAP,0.4980648,1.0000
78033,2,UP,0.6192308,0.8184
78050,1,TAP,0.5096138,1.0000
78050,2,UP,0.6322115,0.8289
78066,1,TAP,0.5206845,1.0000
78066,2,UP,0.6451923,0.8155
78083,1,TAP,0.5326731,1.0000
78083,2,UP,0.6581731,0.8107
78099,1,TAP,0.5442220,1.0000
78099,2,UP,0.6716346,0.8184
78116,1,TAP,0.5562175,1.0000
78116,2,UP,0.6850962,0.8146
78134,1,TAP,0.5678689,1.0000
78134,2,UP,0.6990385,0.8309
78150,1,TAP,0.5802940,1.0000
78150,2,UP,0.7129808,0.8155
78167,1,TAP,0.5923069,1.0000
78167,2,UP,0.7269231,0.8269
78183,1,TAP,0.6052830,1.0000
78183,2,TAP,0.4848136,1.0000
78200,1,TAP,0.6177721,1.0000
78200,2,TAP,0.4961538,1.0000
78216,1,TAP,0.6302736,1.0000
78216,2,TAP,0.5076923,1.0000
78233,1,TAP,0.6428941,1.0000
78233,2,TAP,0.5192308,1.0000
78249,1,TAP,0.6562312,1.0000
78249,2,TAP,0.5307748,1.0000
78266,1,TAP,0.6687500,1.0000
78266,2,TAP,0.5429204,1.0000
78283,1,TAP,0.6822115,1.0000
78283,2,TAP,0.5546860,1.0000
78300,1,TAP,0.6956731,1.0000
78300,2,TAP,0.5668269,1.0000
78316,1,TAP,0.7099872,1.0000
78316,2,TAP,0.5788016,1.0000
78333,1,TAP,0.7230909,1.0000
78333,2,TAP,0.5912718,1.0000
78350,1,TAP,0.7374590,1.0000
78350,2,TAP,0.6033709,1.0000
78350,3,TAP,0.4836833,1.0000
78367,2,TAP,0.6159323,1.0000
78367,3,TAP,0.4951825,1.0000
78383,2,TAP,0.6283804,1.0000
78383,3,TAP,0.5067308,1.0000
78399,2,TAP,0.6418310,1.0000
78399,3,TAP,0.5182692,1.0000
78416,2,TAP,0.6543269,1.0000
78416,3,TAP,0.5298133,1.0000
78433,2,TAP,0.6677685,1.0000
78433,3,TAP,0.5413326,1.0000
78450,2,TAP,0.6811958,0.9986
78450,3,TAP,0.5533272,1.0000
78467,2,TAP,0.6943881,1.0000
78467,3,TAP,0.5653479,1.0000
78500,2,TAP,0.7216216,1.0000
78500,3,TAP,0.5899025,1.0000
78516,1,TAP,0.4826882,1.0000
78516,3,TAP,0.6024011,1.0000
78533,1,TAP,0.4942023,1.0000
78533,3,TAP,0.6144816,1.0000
78550,1,TAP,0.5057524,1.0000
78550,3,TAP,0.6274038,1.0000
78567,1,TAP,0.5168298,1.0000
78567,3,TAP,0.6399161,1.0000
78583,1,TAP,0.5283725,1.0000
78583,3,TAP,0.6533479,1.0000
78600,1,TAP,0.5403703,1.0000
78600,3,TAP,0.6658600,1.0000
78616,1,TAP,0.5519231,1.0000
78616,3,TAP,0.6793229,1.0000
78633,1,TAP,0.5639200,1.0000
78633,3,TAP,0.6927977,1.0000
78650,1,TAP,0.5759183,1.0000
78650,3,TAP,0.7062421,1.0000
78667,1,TAP,0.5884592,1.0000
78667,3,TAP,0.7201993,1.0000
78683,1,TAP,0.6005209,1.0000
78683,2,TAP,0.4817122,1.0000
78699,1,TAP,0.6129987,1.0000
78699,2,TAP,0.4924361,1.0000
78717,1,TAP,0.6259501,1.0000
78717,2,TAP,0.5038437,1.0000
78733,1,TAP,0.6389559,1.0000
78733,2,TAP,0.5153670,1.0000
78750,1,TAP,0.6514665,1.0000
78750,2,TAP,0.5269215,1.0000
78767,1,TAP,0.6648759,1.0000
78767,2,TAP,0.5384702,1.0000
78783,1,TAP,0.6779142,1.0000
78783,2,TAP,0.5509427,1.0000
78799,1,TAP,0.6913557,1.0000
78799,2,TAP,0.5624890,1.0000
78816,1,TAP,0.7048024,1.0000
78816,2,TAP,0.5745192,1.0000
78833,1,TAP,0.7182692,1.0000
78833,2,TAP,0.5869988,1.0000
78850,2,TAP,0.5995124,1.0000
78850,3,TAP,0.4802885,1.0000
78866,2,TAP,0.6120151,1.0000
78866,3,TAP,0.4913404,1.0000
78883,2,TAP,0.6245179,1.0000
78883,3,TAP,0.5028846,1.0000
78899,2,TAP,0.6370434,1.0000
78899,3,TAP,0.5144174,1.0000
78916,2,TAP,0.6504996,1.0000
78916,3,TAP,0.5259384,1.0000
78933,2,TAP,0.6631077,1.0000
78933,3,TAP,0.5374881,1.0000
78950,2,TAP,0.6764423,1.0000
78950,3,TAP,0.5495192,1.0000
78967,2,TAP,0.6899038,1.0000
78967,3,TAP,0.5615314,1.0000
78984,2,TAP,0.7033535,1.0000
78984,3,TAP,0.5730777,1.0000
79016,1,TAP,0.4788462,1.0000
79016,2,TAP,0.7307710,1.0000
79016,3,TAP,0.5976126,1.0000
79034,1,TAP,0.4903748,1.0000
79034,3,TAP,0.6105367,1.0000
79050,1,TAP,0.5019231,1.0000
79050,3,TAP,0.6230739,1.0000
79066,1,TAP,0.5129979,1.0000
79066,3,TAP,0.6360659,1.0000
79083,1,TAP,0.5245682,1.0000
79083,3,TAP,0.6485752,1.0000
79099,1,TAP,0.5365039,1.0000
79099,3,TAP,0.6619899,0.9986
79116,1,TAP,0.5480841,1.0000
79116,3,TAP,0.6746782,1.0000
79133,1,TAP,0.5600906,1.0000
79133,3,TAP,0.6881417,1.0000
79150,1,TAP,0.5721030,1.0000
79150,3,TAP,0.7019396,1.0000
79167,1,TAP,0.5841374,1.0000
79167,3,TAP,0.7153993,1.0000
79183,1,TAP,0.5966442,1.0000
79183,2,TAP,0.4776662,1.0000
79183,3,TAP,0.7288584,1.0000
79200,1,TAP,0.6091319,1.0000
79200,2,TAP,0.4884844,1.0000
79217,1,TAP,0.6216468,1.0000
79217,2,TAP,0.4999911,1.0000
79233,1,TAP,0.6341050,1.0000
79233,2,TAP,0.5115336,1.0000
79249,1,TAP,0.6475827,1.0000
79249,2,TAP,0.5230672,1.0000
79249,3,TAP,0.4144231,1.0000
79266,1,TAP,0.6601016,1.0000
79266,2,TAP,0.5346107,1.0000
79283,1,TAP,0.6735604,1.0000
79283,2,TAP,0.5466374,1.0000
79299,1,TAP,0.6865511,1.0000
79299,2,TAP,0.5586420,1.0000
79316,1,TAP,0.7001286,1.0000
79316,2,TAP,0.5706717,1.0000
79333,1,TAP,0.7139554,1.0000
79333,2,TAP,0.5831594,1.0000
79350,1,TAP,0.7278846,1.0000
79350,2,TAP,0.5951588,1.0000
79350,3,TAP,0.4761983,1.0000
79367,2,TAP,0.6076536,1.0000
79367,3,TAP,0.4874706,1.0000
79384,2,TAP,0.6201672,1.0000
79384,3,TAP,0.4990319,1.0000
79416,2,TAP,0.6456771,1.0000
79416,3,TAP,0.5217108,1.0000
79433,2,TAP,0.6590818,1.0000
79433,3,TAP,0.5336458,1.0000
79449,2,TAP,0.6717380,0.9973
79449,3,TAP,0.5451931,1.0000
79466,2,TAP,0.6850895,1.0000
79466,3,TAP,0.5574333,1.0000
79483,2,TAP,0.6985683,1.0000
79483,3,TAP,0.5692041,1.0000
79500,2,TAP,0.7125070,1.0000
79500,3,TAP,0.5817230,1.0000
79516,1,TAP,0.4749933,1.0000
79516,2,TAP,0.7259720,1.0000
79516,3,TAP,0.5937376,0.9971
79533,1,TAP,0.4865166,1.0000
79533,3,TAP,0.6062459,1.0000
79551,1,TAP,0.4980055,1.0000
79551,3,TAP,0.6187473,1.0000
79584,1,TAP,0.5201899,1.0000
79584,3,TAP,0.6447115,1.0000
79600,1,TAP,0.5322474,1.0000
79600,3,TAP,0.6572102,1.0000
79616,1,TAP,0.5441819,1.0000
79616,3,TAP,0.6706677,1.0000
79633,1,TAP,0.5557684,1.0000
79633,3,TAP,0.6836413,1.0000
79650,1,TAP,0.5675313,1.0000
79650,3,TAP,0.6971374,0.9975
79666,1,TAP,0.5798953,1.0000
79666,3,TAP,0.7105858,1.0000
79684,1,TAP,0.5923061,1.0000
79684,3,TAP,0.7244999,1.0000
79700,1,TAP,0.6048062,1.0000
79700,2,TAP,0.4847694,1.0000
79717,1,TAP,0.6177514,1.0000
79717,2,TAP,0.4961482,1.0000
79733,1,TAP,0.6302885,1.0000
79733,2,TAP,0.5076939,1.0000
79750,1,TAP,0.6427885,1.0000
79750,2,TAP,0.5192139,1.0000
79766,1,TAP,0.6557747,1.0000
79766,2,TAP,0.5307637,1.0000
79784,1,TAP,0.6687367,1.0000
79784,2,TAP,0.5423469,1.0000
79800,1,TAP,0.6822115,1.0000
79800,2,TAP,0.5547724,1.0000
79816,1,TAP,0.6956731,1.0000
79816,2,TAP,0.5663462,1.0000
79832,1,TAP,0.7091425,1.0000
79832,2,TAP,0.5788508,1.0000
79849,1,TAP,0.7230816,1.0000
79849,2,TAP,0.5908819,1.0000
79866,2,TAP,0.6033681,1.0000
79866,3,TAP,0.4836505,1.0000
79883,2,TAP,0.6158531,0.9986
79883,3,TAP,0.4951782,1.0000
79900,2,TAP,0.6283870,1.0000
79900,3,TAP,0.5066363,1.0000
79916,2,TAP,0.6418364,1.0000
79916,3,TAP,0.5182596,1.0000
79933,2,TAP,0.6543269,1.0000
79933,3,TAP,0.5298069,1.0000
79949,2,TAP,0.6673077,1.0000
79949,3,TAP,0.5413366,1.0000
79966,2,TAP,0.6807420,1.0000
79966,3,TAP,0.5528822,1.0000
79983,2,TAP,0.6946073,1.0000
79983,3,TAP,0.5653279,1.0000
80000,2,TAP,0.7077123,1.0000
80000,3,TAP,0.5774038,1.0000
80016,2,TAP,0.7211603,1.0000
80016,3,TAP,0.5894231,1.0000
80033,2,TAP,0.4826737,1.0000
80033,3,TAP,0.6019078,1.0000
80049,2,TAP,0.4942050,1.0000
80049,3,TAP,0.6143819,1.0000
80066,2,TAP,0.5048166,1.0000
80066,3,TAP,0.6273917,1.0000
80083,2,TAP,0.5163445,1.0000
80083,3,TAP,0.6399093,1.0000
80100,2,TAP,0.5278998,1.0000
80100,3,TAP,0.6528706,1.0000
80117,2,TAP,0.5400808,1.0000
80117,3,TAP,0.6658707,1.0000
80133,2,TAP,0.5518878,1.0000
80133,3,TAP,0.6793137,1.0000
80150,2,TAP,0.5639367,1.0000
80150,3,TAP,0.6927885,1.0000
80166,2,TAP,0.5759450,1.0000
80166,3,TAP,0.7062553,1.0000
80183,2,TAP,0.5883545,1.0000
80183,3,TAP,0.7197115,1.0000
80200,2,TAP,0.6004863,1.0000
80200,3,TAP,0.7336591,1.0000
80200,3,TAP,0.4808047,1.0000
80216,2,TAP,0.6129808,1.0000
80216,3,TAP,0.4923036,1.0000
80233,2,TAP,0.6254808,1.0000
80233,3,TAP,0.5038462,1.0000
80249,2,TAP,0.6383621,1.0000
80249,3,TAP,0.5153790,1.0000
80266,2,TAP,0.6514092,1.0000
80266,3,TAP,0.5269231,1.0000
80283,2,TAP,0.6643794,1.0000
80283,3,TAP,0.5384671,1.0000
80300,2,TAP,0.6774038,1.0000
80300,3,TAP,0.5504864,1.0000
80317,2,TAP,0.6908654,1.0000
80317,3,TAP,0.5624914,1.0000
80333,2,TAP,0.7048106,1.0000
80333,3,TAP,0.5745234,1.0000
80349,2,TAP,0.7182692,1.0000
80349,3,TAP,0.5870123,1.0000
80366,2,TAP,0.7322115,1.0000
80366,2,TAP,0.4797237,1.0000
80366,3,TAP,0.5990539,1.0000
80383,2,TAP,0.4912200,1.0000
80383,3,TAP,0.6115500,1.0000
80400,2,TAP,0.5027934,1.0000
80400,3,TAP,0.6245260,1.0000
80417,2,TAP,0.5140277,1.0000
80417,3,TAP,0.6370328,1.0000
80433,2,TAP,0.5259178,1.0000
80433,3,TAP,0.6499985,1.0000
80449,2,TAP,0.5370964,1.0000
80449,3,TAP,0.6629875,1.0000
80466,2,TAP,0.5490314,1.0000
80466,3,TAP,0.6764370,1.0000
80483,2,TAP,0.5610521,1.0000
80483,3,TAP,0.6894380,1.0000
80500,2,TAP,0.5730535,1.0000
80500,3,TAP,0.7028911,1.0000
80516,2,TAP,0.5855249,1.0000
80516,3,TAP,0.7168075,1.0000
80532,2,TAP,0.5975865,1.0000
80532,3,TAP,0.7306260,1.0000
80550,2,TAP,0.6100893,1.0000
80566,2,TAP,0.6225962,1.0000
80583,2,TAP,0.6355542,1.0000
80600,2,TAP,0.6485577,1.0000
80617,2,TAP,0.6614332,1.0000
80650,2,TAP,0.6879808,1.0000
80666,2,TAP,0.7014397,1.0000
80682,2,TAP,0.7149851,0.9974
80699,2,TAP,0.7288462,1.0000
80699,3,UP,0.4759615,0.9638
80716,3,UP,0.4875000,0.9631
80733,3,UP,0.4990385,0.9515
80749,3,UP,0.5105769,0.9469
80766,3,UP,0.5221154,0.9374
80783,3,UP,0.5336538,0.9192
80799,3,UP,0.5456731,0.9091
80816,3,UP,0.5581731,0.9274
80834,3,UP,0.5701923,0.9249
80866,2,TAP,0.4759640,1.0000
80866,3,UP,0.5951923,0.9095
80882,2,TAP,0.4874992,1.0000
80882,3,UP,0.6072115,0.9167
80899,2,TAP,0.4990320,1.0000
80899,3,UP,0.6201923,0.8747
80916,2,TAP,0.5103780,0.9968
80916,3,UP,0.6331731,0.8852
80933,2,TAP,0.5220050,1.0000
80933,3,UP,0.6461538,0.8858
80950,2,TAP,0.5336427,1.0000
80950,3,UP,0.6591346,0.8565
80966,2,TAP,0.5452034,1.0000
80966,3,UP,0.6730769,0.8826
80983,2,TAP,0.5567363,1.0000
80983,3,UP,0.6860577,0.8416
81000,2,TAP,0.5692284,1.0000
81000,3,UP,0.7000000,0.8638
81016,2,TAP,0.5812500,1.0000
81016,3,UP,0.7139423,0.8551
81032,1,TAP,0.4749975,1.0000
81032,2,TAP,0.5937555,1.0000
81032,3,UP,0.7278846,0.8376
81050,1,TAP,0.4859495,1.0000
81050,2,TAP,0.6062445,1.0000
81066,1,TAP,0.4971383,1.0000
81066,2,TAP,0.6187486,1.0000
81083,1,TAP,0.5087401,1.0000
81083,2,TAP,0.6312635,1.0000
81099,1,TAP,0.5201971,1.0000
81099,2,TAP,0.6437715,1.0000
81099,3,TAP,0.4120192,1.0000
81117,1,TAP,0.5317531,1.0000
81117,2,TAP,0.6572115,1.0000
81133,1,TAP,0.5438030,1.0000
81133,2,TAP,0.6702195,1.0000
81151,1,TAP,0.5557426,1.0000
81151,2,TAP,0.6836538,1.0000
81183,1,TAP,0.5798015,1.0000
81183,2,TAP,0.7105875,1.0000
81200,1,TAP,0.5922846,1.0000
81200,2,TAP,0.7240449,1.0000
81217,1,TAP,0.6043475,1.0000
81217,3,TAP,0.4846330,1.0000
81233,1,TAP,0.6168516,1.0000
81233,3,TAP,0.4961465,1.0000
81250,1,TAP,0.6298047,1.0000
81250,3,TAP,0.5076923,1.0000
81266,1,TAP,0.6427885,1.0000
81266,3,TAP,0.5192300,1.0000
81282,1,TAP,0.6557674,1.0000
81282,3,TAP,0.5307692,1.0000
81300,1,TAP,0.6687500,1.0000
81300,3,TAP,0.5422950,1.0000
81317,1,TAP,0.6822076,1.0000
81317,3,TAP,0.5543269,1.0000
81334,1,TAP,0.6956731,1.0000
81334,3,TAP,0.5663273,0.9984
81350,1,TAP,0.7091255,1.0000
81350,3,TAP,0.5783710,1.0000
81366,1,TAP,0.7230371,1.0000
81366,3,TAP,0.5908654,1.0000
81383,2,UP,0.4822115,0.8153
81383,3,TAP,0.6033531,1.0000
81400,2,UP,0.4937500,0.8238
81400,3,TAP,0.6158585,1.0000
81416,2,UP,0.5052885,0.8286
81416,3,TAP,0.6283411,0.9903
81433,2,UP,0.5168269,0.8230
81433,3,TAP,0.6408871,1.0000
81449,2,UP,0.5283654,0.8286
81449,3,TAP,0.6543216,1.0000
81466,2,UP,0.5403846,0.8153
81466,3,TAP,0.6673131,1.0000
81483,2,UP,0.5524038,0.8258
81483,3,TAP,0.6802738,1.0000
81500,2,UP,0.5644231,0.8246
81500,3,TAP,0.6937712,1.0000
81516,2,UP,0.5769231,0.8353
81516,3,TAP,0.7073074,1.0000
81534,2,UP,0.5889423,0.8269
81534,3,TAP,0.7211591,1.0000
81550,2,UP,0.6019231,0.8241
81550,3,TAP,0.4825064,1.0000
81566,2,UP,0.6139423,0.8125
81566,3,TAP,0.4933215,1.0000
81583,2,UP,0.6269231,0.8213
81583,3,TAP,0.5048077,1.0000
81599,2,UP,0.6399038,0.8173
81599,3,TAP,0.5163462,1.0000
81616,2,UP,0.6533654,0.8078
81616,3,TAP,0.5278846,1.0000
81634,2,UP,0.6668269,0.8184
81634,3,TAP,0.5399137,1.0000
81650,2,UP,0.6802885,0.8175
81650,3,TAP,0.5519089,1.0000
81666,2,UP,0.6937500,0.8127
81666,3,TAP,0.5639240,1.0000
81683,2,UP,0.7076923,0.8309
81683,3,TAP,0.5759328,1.0000
81700,2,UP,0.7211538,0.8087
81700,3,TAP,0.5879615,1.0000
81717,3,TAP,0.6004931,1.0000
81734,3,TAP,0.6129917,1.0000
81750,3,TAP,0.6254537,1.0000
81767,1,DOWN,0.5139423,0.7714
81767,3,TAP,0.6379930,1.0000
81783,1,DOWN,0.5254808,0.7806
81783,3,TAP,0.6514490,1.0000
81800,1,DOWN,0.5375000,0.7778
81800,3,TAP,0.6639664,1.0000
81816,1,DOWN,0.5495192,0.7604
81816,3,TAP,0.6774038,1.0000
81833,1,DOWN,0.5615385,0.7869
81833,3,TAP,0.6908627,0.9986
81851,1,DOWN,0.5740385,0.7798
81851,3,TAP,0.7043388,1.0000
81882,1,DOWN,0.5990385,0.7767
81882,2,TAP,0.4796983,1.0000
81899,1,DOWN,0.6110577,0.8085
81899,2,TAP,0.4909138,1.0000
81916,1,DOWN,0.6240385,0.8131
81916,2,TAP,0.5025410,1.0000
81933,1,DOWN,0.6370192,0.8083
81933,2,TAP,0.5138981,1.0000
81950,1,DOWN,0.6500000,0.8268
81950,2,TAP,0.5254723,1.0000
81966,1,DOWN,0.6639423,0.8186
81966,2,TAP,0.5369887,1.0000
81982,1,DOWN,0.6769231,0.8357
81982,2,TAP,0.5490275,1.0000
82000,1,DOWN,0.6908654,0.8238
82000,2,TAP,0.5610098,1.0000
82016,1,DOWN,0.7043269,0.8341
82016,2,TAP,0.5730411,1.0000
82033,1,DOWN,0.7182692,0.8190
82033,2,TAP,0.5851045,1.0000
82050,1,DOWN,0.7322115,0.8314
82050,2,TAP,0.5975879,1.0000
82050,3,UP,0.4769231,0.9616
82066,2,TAP,0.6100879,1.0000
82066,3,UP,0.4884615,0.9559
82083,2,TAP,0.6225948,1.0000
82083,3,UP,0.5000000,0.9442
82100,2,TAP,0.6352498,1.0000
82100,3,UP,0.5115385,0.9469
82116,2,TAP,0.6485631,1.0000
82116,3,UP,0.5235577,0.9493
82133,2,TAP,0.6610630,1.0000
82133,3,UP,0.5355769,0.9374
82149,2,TAP,0.6745192,1.0000
82149,3,UP,0.5471154,0.9330
82166,2,TAP,0.6879808,1.0000
82166,3,UP,0.5591346,0.9299
82182,2,TAP,0.7014371,1.0000
82182,3,UP,0.5711538,0.9138
82200,2,TAP,0.7149104,1.0000
82200,3,UP,0.5836538,0.8998
82216,2,TAP,0.7288555,1.0000
82216,2,TAP,0.4769492,1.0000
82216,3,UP,0.5961538,0.8977
82233,2,TAP,0.4884478,1.0000
82233,3,UP,0.6086538,0.9057
82250,2,TAP,0.4999911,1.0000
82250,3,UP,0.6216346,0.8925
82266,2,TAP,0.5115248,1.0000
82266,3,UP,0.6346154,0.8832
82283,2,TAP,0.5230585,1.0000
82283,3,UP,0.6475962,0.9065
82300,2,TAP,0.5345966,1.0000
82300,3,UP,0.6610577,0.8638
82316,2,TAP,0.5461336,1.0000
82316,3,UP,0.6740385,0.8700
82333,2,TAP,0.5581592,1.0000
82333,3,UP,0.6879808,0.8551
82351,2,TAP,0.5701821,1.0000
82351,3,UP,0.7009615,0.8632
82367,2,TAP,0.5822714,1.0000
82367,3,UP,0.7149038,0.8443
82383,1,TAP,0.4755409,1.0000
82383,2,TAP,0.5947143,1.0000
82383,3,UP,0.7293269,0.8531
82400,1,TAP,0.4874943,1.0000
82400,2,TAP,0.6072088,1.0000
82416,1,TAP,0.4987847,1.0000
82416,2,TAP,0.6197047,1.0000
82433,1,TAP,0.5100962,1.0000
82433,2,TAP,0.6323009,1.0000
82449,1,TAP,0.5216261,1.0000
82449,2,TAP,0.6456825,1.0000
82466,1,TAP,0.5331787,1.0000
82466,2,TAP,0.6581878,1.0000
82483,1,TAP,0.5451101,1.0000
82483,2,TAP,0.6716213,1.0000
82499,1,TAP,0.5567253,1.0000
82499,2,TAP,0.6850630,1.0000
82516,1,TAP,0.5690680,1.0000
82516,2,TAP,0.6981196,1.0000
82533,1,TAP,0.5807677,1.0000
82533,2,TAP,0.7118556,1.0000
82549,1,TAP,0.5932677,1.0000
82549,2,TAP,0.7259580,1.0000
82549,3,TAP,0.4749873,1.0000
82567,1,TAP,0.6062019,1.0000
82567,3,TAP,0.4855828,1.0000
82583,1,TAP,0.6187145,1.0000
82583,3,TAP,0.4971088,1.0000
82599,1,TAP,0.6312446,1.0000
82599,3,TAP,0.5086514,1.0000
82616,1,TAP,0.6437500,1.0000
82616,3,TAP,0.5201850,1.0000
82633,1,TAP,0.6572115,1.0000
82633,3,TAP,0.5317252,1.0000
82650,1,TAP,0.6697115,1.0000
82650,3,TAP,0.5437387,1.0000
82667,1,TAP,0.6831731,1.0000
82667,3,TAP,0.5557488,1.0000
82684,1,TAP,0.6966293,1.0000
82684,3,TAP,0.5677857,1.0000
82700,1,TAP,0.7105716,1.0000
82700,3,TAP,0.5797699,1.0000
82717,1,TAP,0.7240302,1.0000
82717,3,TAP,0.5922373,1.0000
82734,2,UP,0.4836538,0.8381
82734,3,TAP,0.6043242,1.0000
82751,2,UP,0.4947115,0.8294
82751,3,TAP,0.6169052,1.0000
82767,2,UP,0.5067308,0.8361
82767,3,TAP,0.6293228,1.0000
82784,2,UP,0.5177885,0.8182
82784,3,TAP,0.6427776,1.0000
82800,2,UP,0.5298077,0.8286
82800,3,TAP,0.6552804,1.0000
82816,2,UP,0.5418269,0.8201
82816,3,TAP,0.6687447,1.0000
82833,2,UP,0.5533654,0.8246
82833,3,TAP,0.6817308,1.0000
82850,2,UP,0.5663462,0.8269
82850,3,TAP,0.6951923,1.0000
82867,2,UP,0.5783654,0.8345
82867,3,TAP,0.7088504,1.0000
82884,2,UP,0.5903846,0.8145
82884,3,TAP,0.7225897,1.0000
82900,2,UP,0.6028846,0.8221
82900,3,TAP,0.4834818,1.0000
82916,2,UP,0.6158654,0.8221
82916,3,TAP,0.4949207,1.0000
82933,2,UP,0.6288462,0.8309
82933,3,TAP,0.5062558,1.0000
82950,2,UP,0.6418269,0.8213
82950,3,TAP,0.5177813,1.0000
82966,2,UP,0.6548077,0.8204
82966,3,TAP,0.5293269,1.0000
82984,2,UP,0.6682692,0.8232
82984,3,TAP,0.5413120,1.0000
83000,2,UP,0.6817308,0.8317
83000,3,TAP,0.5528846,1.0000
83016,2,UP,0.6951923,0.8184
83016,3,TAP,0.5648996,1.0000
83033,2,UP,0.7091346,0.8213
83033,3,TAP,0.5769231,1.0000
83049,2,UP,0.7230769,0.8241
83049,3,TAP,0.5893813,1.0000
83067,3,TAP,0.6016231,0.9970
83083,3,TAP,0.6139409,1.0000
83100,3,TAP,0.6269216,1.0000
83117,1,DOWN,0.5153846,0.7696
83117,3,TAP,0.6398809,1.0000
83133,1,DOWN,0.5269231,0.7816
83133,3,TAP,0.6524092,1.0000
83149,1,DOWN,0.5384615,0.7767
83149,3,TAP,0.6658707,1.0000
83166,1,DOWN,0.5504808,0.7621
83166,3,TAP,0.6791598,1.0000
83183,1,DOWN,0.5629808,0.7814
83183,3,TAP,0.6923053,1.0000
83200,1,DOWN,0.5750000,0.7788
83200,3,TAP,0.7057585,1.0000
83216,1,DOWN,0.5875000,0.7918
83216,3,TAP,0.7197115,1.0000
83234,1,DOWN,0.6000000,0.8276
83234,2,TAP,0.4807342,1.0000
83266,1,DOWN,0.6254808,0.8197
83266,2,TAP,0.5038157,1.0000
83283,1,DOWN,0.6389423,0.8235
83283,2,TAP,0.5153275,1.0000
83300,1,DOWN,0.6519231,0.8235
83300,2,TAP,0.5268879,1.0000
83316,1,DOWN,0.6649038,0.8157
83316,2,TAP,0.5384459,1.0000
83333,1,DOWN,0.6783654,0.8376
83333,2,TAP,0.5499812,1.0000
83350,1,DOWN,0.6918269,0.8219
83350,2,TAP,0.5620081,1.0000
83367,1,DOWN,0.7057692,0.8357
83367,2,TAP,0.5740283,1.0000
83384,1,DOWN,0.7197115,0.8518
83384,2,TAP,0.5865277,1.0000
83400,2,TAP,0.5985401,0.9972
83400,3,UP,0.4788462,0.9727
83416,2,TAP,0.6113324,1.0000
83416,3,UP,0.4899038,0.9515
83433,2,TAP,0.6236299,1.0000
83433,3,UP,0.5014423,0.9655
83450,2,TAP,0.6370098,1.0000
83450,3,UP,0.5129808,0.9486
83467,2,TAP,0.6495246,1.0000
83467,3,UP,0.5245192,0.9425
83483,2,TAP,0.6629149,1.0000
83483,3,UP,0.5365385,0.9374
83500,2,TAP,0.6759135,1.0000
83500,3,UP,0.5485577,0.9259
83516,2,TAP,0.6889423,1.0000
83516,3,UP,0.5600962,0.9324
83533,2,TAP,0.7028852,1.0000
83533,3,UP,0.5725962,0.8951
83550,2,TAP,0.7163462,1.0000
83550,3,UP,0.5850962,0.9159
83566,2,TAP,0.7302820,1.0000
83566,2,TAP,0.4785856,1.0000
83566,3,UP,0.5971154,0.9002
83583,2,TAP,0.4894223,1.0000
83583,3,UP,0.6100962,0.8925
83600,2,TAP,0.5009399,1.0000
83600,3,UP,0.6230769,0.8821
83617,2,TAP,0.5124690,1.0000
83617,3,UP,0.6360577,0.8852
83633,2,TAP,0.5240163,1.0000
83633,3,UP,0.6490385,0.8652
83649,2,TAP,0.5355636,1.0000
83649,3,UP,0.6620192,0.8659
83666,2,TAP,0.5475976,1.0000
83666,3,UP,0.6754808,0.8832
83683,2,TAP,0.5596068,1.0000
83683,3,UP,0.6889423,0.8518
83700,2,TAP,0.5716304,1.0000
83700,3,UP,0.7028846,0.8679
83717,2,TAP,0.5836631,1.0000
83717,3,UP,0.7168269,0.8471
83733,2,TAP,0.5961316,1.0000
83733,3,UP,0.7307692,0.8456
83750,2,TAP,0.6081951,1.0000
83767,2,TAP,0.6207061,1.0000
83783,2,TAP,0.6341211,1.0000
83783,3,LEFT,0.5100962,0.8976
83800,2,TAP,0.6466561,1.0000
83800,3,LEFT,0.5216346,0.8993
83817,2,TAP,0.6593192,1.0000
83850,2,TAP,0.6860577,1.0000
83850,3,LEFT,0.5576923,0.9158
83867,2,TAP,0.6995297,1.0000
83867,3,LEFT,0.5697115,0.9109
83883,2,TAP,0.7134562,1.0000
83883,3,LEFT,0.5822115,0.9208
83900,2,TAP,0.7269231,1.0000
83900,2,TAP,0.4755634,1.0000
83900,3,LEFT,0.5942308,0.9212
83917,2,TAP,0.4874895,1.0000
83917,3,LEFT,0.6072115,0.9185
83933,2,TAP,0.4980745,1.0000
83933,3,LEFT,0.6197115,0.9127
83950,2,TAP,0.5096105,1.0000
83950,3,LEFT,0.6331731,0.9303
83966,2,TAP,0.5211418,1.0000
83966,3,LEFT,0.6456731,0.9104
83983,2,TAP,0.5331334,1.0000
83983,3,LEFT,0.6591346,0.9132
84000,2,TAP,0.5451805,1.0000
84000,3,LEFT,0.6721154,0.9273
84017,2,TAP,0.5567316,1.0000
84017,3,LEFT,0.6860577,0.9227
84033,2,TAP,0.5687458,1.0000
84033,3,LEFT,0.6995192,0.9323
84050,2,TAP,0.5807839,1.0000
84050,3,LEFT,0.7134615,0.9273
84066,2,TAP,0.5932592,1.0000
84066,3,LEFT,0.7274038,0.9350
84083,2,TAP,0.6053105,1.0000
84083,3,LEFT,0.7413462,0.9450
84100,2,TAP,0.6182470,1.0000
84100,3,LEFT,0.7557692,0.9231
84117,2,TAP,0.6312622,1.0000
84117,3,LEFT,0.7701923,0.9380
84133,1,DOWN,0.5187500,0.7610
84133,2,TAP,0.6437756,1.0000
84133,3,LEFT,0.7826923,0.9458
84149,1,DOWN,0.5307692,0.7742
84149,2,TAP,0.6567326,1.0000
84166,1,DOWN,0.5427885,0.7770
84166,2,TAP,0.6697115,1.0000
84183,1,DOWN,0.5548077,0.7972
84183,2,TAP,0.6831731,1.0000
84200,1,DOWN,0.5673077,0.7635
84200,2,TAP,0.6966452,1.0000
84217,1,DOWN,0.5793269,0.7678
84217,2,TAP,0.7101558,1.0000
84233,1,DOWN,0.5918269,0.7926
84233,2,TAP,0.7240320,1.0000
84250,1,DOWN,0.6043269,0.8129
84250,2,TAP,0.4846032,1.0000
84266,1,DOWN,0.6168269,0.8009
84266,2,TAP,0.4956988,1.0000
84283,1,DOWN,0.6298077,0.8268
84283,2,TAP,0.5072518,1.0000
84299,1,DOWN,0.6427885,0.8140
84299,2,TAP,0.5186239,1.0000
84317,1,DOWN,0.6557692,0.8222
84317,2,TAP,0.5307692,1.0000
84333,1,DOWN,0.6692308,0.8274
84333,2,TAP,0.5423077,1.0000
84351,1,DOWN,0.6826923,0.8337
84351,2,TAP,0.5538462,1.0000
84367,1,DOWN,0.6966346,0.8314
84367,2,TAP,0.5663109,1.0000
84400,1,DOWN,0.7100962,0.8436
84400,2,TAP,0.5783779,1.0000
84417,1,DOWN,0.7110577,0.8361
84417,2,TAP,0.5788423,1.0000
84433,1,DOWN,0.7129808,0.8302
84433,2,TAP,0.5808256,1.0000
84450,1,DOWN,0.7158654,0.8592
84450,2,TAP,0.5827966,1.0000
84466,1,DOWN,0.7192308,0.8518
84466,2,TAP,0.5860632,1.0000
84483,1,DOWN,0.7221154,0.8518
84483,2,TAP,0.5889423,1.0000
84499,1,DOWN,0.7250000,0.8369
84499,2,TAP,0.5908709,1.0000
84517,1,DOWN,0.7259615,0.8329
84517,2,TAP,0.5923008,1.0000
84533,1,DOWN,0.7254808,0.8369
84533,2,TAP,0.5918159,1.0000
84550,1,DOWN,0.7230769,0.8349
84550,2,TAP,0.5889533,1.0000
84566,1,DOWN,0.7173077,0.8498
84566,2,TAP,0.5845674,1.0000
84583,1,DOWN,0.7086538,0.8349
84583,2,TAP,0.5769223,1.0000
84600,1,DOWN,0.6961538,0.8274
84600,2,TAP,0.5658654,1.0000
84617,1,DOWN,0.6798077,0.8364
84617,2,TAP,0.5514423,1.0000
84634,1,DOWN,0.6596154,0.8252
84634,2,TAP,0.5336538,1.0000
84667,1,DOWN,0.6100962,0.8178
84667,2,TAP,0.4894231,1.0000
84683,1,DOWN,0.5903846,0.7844
84699,1,DOWN,0.5759615,0.7991
84717,1,DOWN,0.5649038,0.7767
84733,1,DOWN,0.5572115,0.7826
84750,1,DOWN,0.5524038,0.7926
84766,1,DOWN,0.5500000,0.7650
84783,1,DOWN,0.5495192,0.7632
84800,1,DOWN,0.5504808,0.7650
84816,1,DOWN,0.5524038,0.7739
84834,1,DOWN,0.5552885,0.7908
84850,1,DOWN,0.5581731,0.7816
84866,1,DOWN,0.5605769,0.7778
84883,1,DOWN,0.5625000,0.7804
84899,1,DOWN,0.5634615,0.7814
84916,1,DOWN,0.5634615,0.7814
84934,1,DOWN,0.5634615,0.7814
84951,1,DOWN,0.5634615,0.7814
84967,1,DOWN,0.5634615,0.7814
84983,1,DOWN,0.5634615,0.7786
85000,1,DOWN,0.5634615,0.7757
85016,1,DOWN,0.5634615,0.7757
85034,1,DOWN,0.5634615,0.7728
85050,1,DOWN,0.5634615,0.7765
