time_ms,gameplay,notes,processing_ms,hud_visible
0,false,0,23.782,false
16,false,0,3.481,false
32,false,0,4.454,false
50,false,0,3.956,false
66,false,0,3.670,false
82,false,0,3.704,false
98,false,0,3.615,false
116,false,0,3.862,false
132,false,0,4.661,false
149,false,0,3.560,false
166,false,0,3.649,false
182,false,0,3.593,false
199,false,0,4.317,false
215,false,0,3.603,false
233,false,0,3.002,false
259,false,0,1.619,false
275,false,0,2.983,false
292,false,0,2.897,false
309,false,0,3.999,false
325,false,0,2.781,false
342,false,0,2.854,false
359,false,0,2.929,false
375,false,0,0.083,false
392,false,0,0.081,false
409,false,0,0.086,false
442,false,0,0.080,false
459,false,0,0.082,false
476,false,0,0.082,false
492,false,0,0.106,false
508,false,0,0.071,false
526,true,0,7.216,true
542,true,0,1.658,true
558,true,0,1.639,true
575,true,0,2.112,true
592,true,0,2.037,true
608,true,0,2.096,true
625,true,0,1.494,true
641,true,0,1.041,true
659,true,0,0.566,true
675,true,0,0.523,true
692,true,0,0.452,true
709,true,0,0.522,true
725,true,0,0.516,true
742,true,0,0.621,true
759,true,0,0.494,true
776,true,0,0.473,true
793,true,0,0.523,true
826,true,0,0.553,true
842,true,0,0.527,true
859,true,0,0.724,true
877,true,0,0.728,true
893,true,0,0.569,true
926,true,0,0.709,true
943,true,0,0.605,true
959,true,0,0.621,true
976,true,0,0.589,true
1009,true,0,0.749,true
1026,true,0,0.628,true
1059,true,0,0.758,true
1076,true,0,0.599,true
1092,true,0,0.708,true
1109,true,0,0.627,true
1126,true,0,0.696,true
1142,true,0,0.601,true
1159,true,0,0.727,true
1176,true,0,0.429,true
1192,true,0,0.391,true
1208,true,0,0.452,true
1226,true,0,0.372,true
1259,true,0,0.433,true
1276,true,0,0.397,true
1293,true,0,0.460,true
1310,true,0,0.435,true
1326,true,0,0.269,true
1342,true,0,0.232,true
1359,true,0,0.226,true
1375,true,0,0.226,true
1393,true,0,0.233,true
1409,true,0,0.236,true
1425,true,0,0.260,true
1441,true,0,0.228,true
1458,true,0,0.256,true
1476,true,0,0.267,true
1492,true,0,0.236,true
1509,true,0,0.232,true
1526,true,0,0.179,true
1544,true,0,0.273,true
1576,true,0,0.258,true
1592,true,0,0.236,true
1608,true,0,0.258,true
1625,true,0,0.226,true
1642,true,0,0.229,true
1659,true,0,0.229,true
1691,true,0,0.233,true
1708,true,0,0.233,true
1724,true,0,0.183,true
1741,true,0,0.171,true
1758,true,0,0.168,true
1775,true,0,0.169,true
1791,true,0,0.191,true
1809,true,0,0.280,true
1841,true,0,0.234,true
1859,true,0,0.208,true
1875,true,0,0.166,true
1892,true,0,0.165,true
1910,true,0,0.158,true
1926,true,0,0.159,true
1942,true,0,0.160,true
1959,true,0,0.157,true
1976,true,0,0.169,true
1992,true,0,0.160,true
2008,true,0,0.197,true
2024,true,0,0.161,true
2041,true,0,0.183,true
2058,true,0,0.219,true
2075,true,0,0.319,true
2093,true,0,0.230,true
2109,true,0,0.183,true
2126,true,0,0.165,true
2142,true,0,0.168,true
2159,true,0,0.191,true
2175,true,0,0.175,true
2192,true,0,0.301,true
2209,true,0,0.166,true
2225,true,0,0.161,true
2241,true,0,0.189,true
2259,true,0,0.167,true
2291,true,0,0.309,true
2308,true,0,0.218,true
2324,true,0,0.168,true
2341,true,0,0.240,true
2357,true,0,0.169,true
2375,true,0,0.185,true
2392,true,0,0.160,true
2409,true,0,0.386,true
2425,true,0,0.160,true
2443,true,0,0.161,true
2459,true,0,0.181,true
2475,true,0,0.223,true
2493,true,0,0.221,true
2509,true,0,0.211,true
2527,true,0,0.197,true
2543,true,0,0.236,true
2559,true,0,0.173,true
2575,true,0,0.162,true
2592,true,0,0.162,true
2609,true,0,0.216,true
2625,true,0,0.157,true
2642,true,0,0.160,true
2658,true,0,0.237,true
2675,true,0,0.158,true
2708,true,0,0.225,true
2724,true,0,0.261,true
2741,true,0,0.221,true
2758,true,0,0.230,true
2774,true,0,0.241,true
2790,true,0,0.283,true
2807,true,0,0.242,true
2826,true,0,0.249,true
2858,true,0,0.217,true
2874,true,0,0.236,true
2891,true,0,0.190,true
2907,true,0,0.233,true
2924,true,0,0.158,true
2941,true,0,0.183,true
2961,true,0,0.185,true
2991,true,0,0.156,true
3007,true,0,0.162,true
3024,true,0,0.155,true
3041,true,0,0.163,true
3058,true,0,0.199,true
3075,true,0,0.177,true
3091,true,0,0.239,true
3107,true,0,0.156,true
3124,true,0,0.287,true
3144,true,0,0.153,true
3175,true,0,0.155,true
3191,true,0,0.152,true
3208,true,0,0.159,true
3224,true,0,0.163,true
3241,true,0,0.162,true
3258,true,0,0.252,true
3275,true,0,0.241,true
3291,true,0,0.232,true
3308,true,0,0.274,true
3324,true,0,0.239,true
3341,true,0,0.215,true
3357,true,0,0.238,true
3375,true,0,0.213,true
3391,true,0,0.264,true
3407,true,0,0.215,true
3424,true,0,0.214,true
3441,true,0,0.305,true
3463,true,0,0.310,true
3492,true,0,0.311,true
3508,true,0,0.499,true
3524,true,0,0.347,true
3541,true,0,0.397,true
3557,true,0,0.423,true
3574,true,0,0.432,true
3591,true,0,0.416,true
3607,true,0,0.479,true
3625,true,0,0.444,true
3641,true,0,0.493,true
3659,true,0,0.390,true
3676,true,0,0.472,true
3694,true,1,2.142,true
3724,true,1,1.895,true
3741,true,1,2.067,true
3758,true,1,2.726,true
3779,true,1,1.986,true
3809,true,1,2.874,true
3826,true,1,2.604,true
3858,true,1,2.030,true
3875,true,1,1.533,true
3893,true,1,1.637,true
3925,true,1,1.728,true
3941,true,1,2.662,true
3959,true,1,1.447,true
3976,true,1,1.847,true
4009,true,1,2.757,true
4041,true,2,4.450,true
4058,true,2,4.029,true
4074,true,2,3.022,true
4092,true,2,3.224,true
4109,true,2,3.058,true
4141,true,1,2.087,true
4157,true,1,1.866,true
4174,true,1,0.512,true
4191,true,1,0.469,true
4208,true,1,0.501,true
4224,true,1,0.497,true
4240,true,1,1.400,true
4257,true,1,1.361,true
4274,true,1,1.273,true
4290,true,1,2.138,true
4307,true,1,2.001,true
4324,true,1,1.869,true
4340,true,1,1.881,true
4358,true,1,2.116,true
4374,true,1,1.429,true
4391,true,2,2.765,true
4410,true,2,2.893,true
4426,true,2,2.876,true
4457,true,1,1.530,true
4474,true,1,1.793,true
4491,true,1,1.745,true
4508,true,1,1.429,true
4524,true,1,2.116,true
4541,true,1,1.637,true
4557,true,1,1.285,true
4574,true,1,1.699,true
4591,true,1,2.329,true
4608,true,1,5.364,true
4624,true,1,1.366,true
4640,true,1,1.847,true
4657,true,1,1.861,true
4674,true,1,1.663,true
4691,true,1,1.614,true
4707,true,1,1.791,true
4725,true,1,1.685,true
4745,true,2,2.631,true
4774,true,2,2.500,true
4790,true,2,4.090,true
4825,true,1,1.094,true
4841,true,1,1.086,true
4857,true,1,2.283,true
4874,true,1,1.865,true
4891,true,1,1.016,true
4907,true,1,0.983,true
4925,true,1,1.022,true
4941,true,1,0.985,true
4957,true,1,1.023,true
4974,true,1,1.113,true
4990,true,1,1.046,true
5007,true,1,1.046,true
5024,true,1,1.112,true
5041,true,1,1.121,true
5057,true,1,1.240,true
5074,true,1,1.494,true
5091,true,1,1.180,true
5107,true,1,1.234,true
5125,true,1,1.287,true
5141,true,1,1.828,true
5157,true,1,1.580,true
5174,true,0,0.209,true
5191,true,0,0.174,true
5208,true,0,0.274,true
5225,true,0,0.318,true
5241,true,0,0.153,true
5258,true,0,0.190,true
5274,true,0,0.231,true
5291,true,0,0.265,true
5307,true,0,0.157,true
5324,true,0,0.157,true
5342,true,0,0.152,true
5358,true,0,0.151,true
5374,true,0,0.249,true
5390,true,0,0.176,true
5407,true,0,0.178,true
5424,true,0,0.201,true
5441,true,0,0.173,true
5457,true,0,0.218,true
5474,true,0,0.187,true
5491,true,0,0.160,true
5507,true,0,0.154,true
5524,true,0,0.224,true
5542,true,0,0.191,true
5559,true,0,0.152,true
5591,true,1,0.655,true
5607,true,1,0.416,true
5624,true,1,0.513,true
5641,true,1,0.429,true
5657,true,2,1.160,true
5674,true,2,1.413,true
5691,true,2,1.149,true
5708,true,2,1.109,true
5724,true,2,1.148,true
5741,true,2,1.149,true
5758,true,2,0.778,true
5774,true,2,1.152,true
5791,true,2,1.142,true
5807,true,3,1.657,true
5824,true,3,1.547,true
5840,true,3,1.552,true
5857,true,3,1.429,true
5874,true,3,1.585,true
5890,true,3,1.548,true
5908,true,3,1.614,true
5924,true,3,1.105,true
5941,true,4,1.870,true
5957,true,4,2.128,true
5974,true,4,1.942,true
5990,true,4,1.825,true
6007,true,2,0.690,true
6026,true,2,0.701,true
6058,true,3,0.925,true
6074,true,3,0.980,true
6090,true,3,1.139,true
6107,true,3,1.098,true
6124,true,3,0.952,true
6140,true,3,0.961,true
6157,true,4,1.305,true
6174,true,4,1.217,true
6190,true,4,1.325,true
6206,true,4,1.315,true
6223,true,4,1.307,true
6240,true,4,1.328,true
6257,true,2,0.700,true
6274,true,2,0.675,true
6290,true,2,0.712,true
6308,true,2,0.728,true
6324,true,2,0.713,true
6340,true,2,0.609,true
6357,true,2,0.627,true
6374,true,2,0.652,true
6390,true,2,0.979,true
6407,true,3,0.889,true
6424,true,3,0.900,true
6441,true,3,0.928,true
6457,true,3,0.879,true
6474,true,3,0.933,true
6491,true,1,0.359,true
6507,true,1,0.408,true
6524,true,1,0.370,true
6541,true,1,0.381,true
6557,true,1,0.395,true
6575,true,1,0.374,true
6591,true,1,0.432,true
6607,true,2,0.629,true
6624,true,2,0.594,true
6641,true,2,0.725,true
6657,true,3,0.807,true
6675,true,3,0.837,true
6691,true,3,0.826,true
6707,true,3,0.810,true
6724,true,3,0.808,true
6741,true,2,0.715,true
6758,true,2,0.577,true
6774,true,2,0.606,true
6791,true,2,0.562,true
6807,true,2,0.622,true
6823,true,2,0.616,true
6840,true,2,0.606,true
6857,true,2,0.646,true
6874,true,2,0.790,true
6891,true,3,0.948,true
6907,true,3,0.810,true
6923,true,3,0.844,true
6940,true,3,0.861,true
6957,true,3,1.114,true
6974,true,2,0.587,true
6991,true,2,0.602,true
7007,true,3,1.052,true
7023,true,3,0.905,true
7040,true,3,0.824,true
7057,true,3,1.063,true
7074,true,3,0.814,true
7091,true,2,0.612,true
7108,true,2,0.582,true
7124,true,2,0.690,true
7141,true,2,0.597,true
7158,true,2,0.723,true
7174,true,2,0.625,true
7191,true,2,0.615,true
7207,true,1,0.444,true
7224,true,1,0.357,true
7241,true,1,0.422,true
7257,true,2,0.572,true
7274,true,3,0.785,true
7291,true,2,0.563,true
7308,true,2,0.568,true
7324,true,2,0.595,true
7340,true,2,0.652,true
7357,true,3,0.895,true
7373,true,3,0.879,true
7391,true,3,0.774,true
7407,true,3,0.844,true
7423,true,3,0.844,true
7440,true,3,0.814,true
7457,true,2,0.560,true
7474,true,2,0.560,true
7490,true,3,0.788,true
7508,true,3,0.773,true
7524,true,3,0.786,true
7540,true,3,0.809,true
7557,true,3,0.889,true
7573,true,4,1.231,true
7590,true,4,1.014,true
7607,true,4,1.037,true
7626,true,4,1.034,true
7657,true,4,1.059,true
7673,true,4,1.072,true
7691,true,2,0.560,true
7708,true,2,0.655,true
7724,true,2,0.587,true
7740,true,3,1.100,true
7757,true,3,0.778,true
7773,true,3,0.797,true
7790,true,3,0.839,true
7807,true,3,0.871,true
7824,true,3,0.794,true
7840,true,4,1.082,true
7857,true,4,1.032,true
7874,true,4,1.024,true
7890,true,4,1.167,true
7907,true,4,1.079,true
7924,true,4,1.106,true
7942,true,2,0.615,true
7974,true,2,0.664,true
7991,true,2,0.925,true
8008,true,2,0.595,true
8024,true,2,0.627,true
8041,true,2,0.668,true
8057,true,3,0.855,true
8074,true,3,0.842,true
8091,true,3,0.826,true
8107,true,3,0.835,true
8124,true,3,0.834,true
8140,true,3,0.869,true
8158,true,3,1.042,true
8174,true,1,0.427,true
8191,true,1,0.372,true
8207,true,1,0.411,true
8225,true,1,0.414,true
8241,true,1,0.426,true
8257,true,1,0.407,true
8274,true,1,0.438,true
8291,true,1,0.462,true
8307,true,1,0.397,true
8324,true,2,0.706,true
8341,true,2,0.599,true
8357,true,2,0.597,true
8373,true,2,0.604,true
8390,true,2,0.642,true
8407,true,1,0.358,true
8424,true,1,0.358,true
8441,true,1,0.377,true
8457,true,1,0.399,true
8474,true,1,0.366,true
8491,true,1,0.426,true
8507,true,1,0.398,true
8524,true,1,0.376,true
8541,true,2,0.706,true
8557,true,2,0.659,true
8573,true,3,0.832,true
8590,true,3,0.771,true
8607,true,3,0.900,true
8624,true,3,0.803,true
8641,true,3,0.790,true
8657,true,2,0.566,true
8674,true,2,0.592,true
8690,true,2,0.546,true
8707,true,2,0.572,true
8724,true,2,0.603,true
8741,true,2,0.576,true
8757,true,2,0.569,true
8774,true,2,0.585,true
8790,true,2,0.804,true
8807,true,3,0.858,true
8824,true,3,2.779,true
8841,true,3,1.082,true
8857,true,3,0.835,true
8874,true,3,0.859,true
8891,true,2,2.971,true
8908,true,2,0.693,true
8924,true,2,1.681,true
8941,true,2,0.627,true
8958,true,2,1.281,true
8974,true,2,0.778,true
8990,true,2,1.105,true
9007,true,2,1.105,true
9024,true,2,0.981,true
9041,true,2,1.074,true
9057,true,3,5.342,true
9074,true,3,0.891,true
9091,true,3,0.866,true
9107,true,3,0.864,true
9124,true,3,0.868,true
9141,true,2,0.545,true
9158,true,2,2.332,true
9174,true,2,0.549,true
9190,true,2,0.856,true
9207,true,2,1.010,true
9225,true,2,0.599,true
9242,true,2,0.614,true
9258,true,2,0.586,true
9274,true,2,0.651,true
9291,true,3,1.061,true
9307,true,3,2.955,true
9324,true,3,2.020,true
9340,true,3,0.890,true
9358,true,3,1.083,true
9374,true,2,0.648,true
9391,true,2,0.705,true
9407,true,3,0.839,true
9424,true,3,0.873,true
9440,true,4,1.308,true
9457,true,4,1.067,true
9474,true,4,1.059,true
9491,true,3,0.802,true
9507,true,3,0.998,true
9525,true,3,1.448,true
9541,true,3,0.961,true
9557,true,3,1.035,true
9574,true,3,0.988,true
9590,true,4,1.059,true
9607,true,3,0.810,true
9624,true,2,0.650,true
9641,true,3,0.828,true
9657,true,4,1.068,true
9674,true,4,0.983,true
9690,true,4,1.123,true
9707,true,4,1.006,true
9724,true,4,1.088,true
9740,true,4,1.050,true
9757,true,4,1.197,true
9774,true,4,1.066,true
9790,true,4,1.152,true
9807,true,4,1.105,true
9823,true,4,1.120,true
9840,true,4,1.126,true
9857,true,2,0.646,true
9874,true,2,0.620,true
9891,true,2,0.620,true
9907,true,2,0.657,true
9924,true,2,0.638,true
9941,true,2,0.643,true
9957,true,2,0.646,true
9974,true,2,0.635,true
9990,true,2,0.716,true
10007,true,2,0.678,true
10023,true,2,0.718,true
10040,true,2,0.705,true
10057,true,2,0.691,true
10074,true,2,0.732,true
10091,true,0,0.152,true
10107,true,0,0.166,true
10125,true,0,0.167,true
10141,true,0,0.146,true
10157,true,0,0.149,true
10175,true,0,0.149,true
10191,true,0,0.193,true
10208,true,0,0.156,true
10224,true,0,0.185,true
10241,true,0,0.159,true
10257,true,0,0.147,true
10275,true,0,0.179,true
10291,true,0,0.151,true
10308,true,0,0.153,true
10324,true,0,0.153,true
10341,true,0,0.192,true
10357,true,0,0.152,true
10375,true,0,0.161,true
10391,true,0,0.183,true
10407,true,0,0.211,true
10424,true,0,0.230,true
10441,true,0,0.161,true
10457,true,0,0.172,true
10475,true,0,0.165,true
10492,true,0,0.185,true
10508,true,0,0.150,true
10524,true,0,0.161,true
10541,true,0,0.165,true
10557,true,0,0.177,true
10574,true,0,0.166,true
10591,true,0,0.151,true
10608,true,0,0.169,true
10624,true,0,0.148,true
10641,true,0,0.179,true
10657,true,0,0.159,true
10674,true,0,0.173,true
10691,true,0,0.161,true
10708,true,0,0.158,true
10724,true,0,0.214,true
10741,true,0,0.182,true
10757,true,0,0.164,true
10774,true,0,0.186,true
10792,true,0,0.876,true
10808,true,0,0.762,true
10824,true,0,0.847,true
10840,true,0,0.215,true
10858,true,0,0.191,true
10892,true,0,0.150,true
10908,true,0,0.148,true
10924,true,0,0.148,true
10941,true,0,0.149,true
10957,true,0,0.172,true
10974,true,0,0.181,true
10991,true,0,0.270,true
11007,true,0,0.151,true
11024,true,0,0.175,true
11040,true,0,0.169,true
11057,true,0,0.150,true
11074,true,0,0.206,true
11092,true,0,0.168,true
11110,true,0,0.163,true
11126,true,0,0.163,true
11159,true,0,0.161,true
11175,true,0,0.164,true
11191,true,0,0.202,true
11210,true,0,0.387,true
11241,true,0,0.160,true
11258,true,0,0.176,true
11275,true,0,0.185,true
11292,true,0,0.169,true
11309,true,0,0.212,true
11325,true,0,0.188,true
11341,true,0,0.181,true
11358,true,0,0.256,true
11375,true,0,0.154,true
11391,true,0,0.193,true
11409,true,0,0.172,true
11425,true,0,0.175,true
11441,true,1,0.758,true
11457,true,1,0.634,true
11475,true,1,0.672,true
11491,true,1,0.439,true
11509,true,1,0.643,true
11525,true,1,0.674,true
11542,true,1,0.659,true
11558,true,1,0.613,true
11574,true,1,0.631,true
11593,true,1,0.757,true
11625,true,2,1.124,true
11641,true,2,1.197,true
11658,true,2,1.147,true
11674,true,2,3.380,true
11691,true,2,1.156,true
11709,true,2,1.222,true
11725,true,2,1.206,true
11742,true,2,1.277,true
11775,true,1,0.691,true
11791,true,1,0.652,true
11808,true,1,0.637,true
11824,true,1,0.408,true
11841,true,1,0.616,true
11857,true,1,0.397,true
11874,true,1,0.441,true
11891,true,1,0.419,true
11907,true,1,0.411,true
11925,true,1,0.454,true
11941,true,1,0.603,true
11958,true,1,0.562,true
11974,true,1,0.430,true
11991,true,1,0.667,true
12008,true,0,0.167,true
12025,true,0,0.151,true
12041,true,0,0.151,true
12057,true,0,0.150,true
12074,true,0,0.177,true
12091,true,1,0.440,true
12107,true,1,0.370,true
12125,true,1,0.384,true
12142,true,1,0.367,true
12174,true,1,0.535,true
12191,true,1,0.650,true
12207,true,1,0.580,true
12224,true,1,0.621,true
12241,true,1,0.618,true
12258,true,1,0.611,true
12274,true,1,0.556,true
12291,true,1,0.643,true
12307,true,1,0.663,true
12324,true,1,0.663,true
12341,true,1,0.668,true
12358,true,1,0.695,true
12374,true,1,0.684,true
12391,true,1,0.709,true
12407,true,1,0.708,true
12425,true,1,0.696,true
12441,true,1,0.693,true
12458,true,1,0.857,true
12475,true,1,0.720,true
12491,true,0,0.183,true
12508,true,0,0.156,true
12524,true,0,0.183,true
12542,true,0,0.187,true
12558,true,0,0.162,true
12574,true,1,0.362,true
12590,true,1,0.357,true
12607,true,1,0.376,true
12624,true,1,0.362,true
12641,true,1,0.631,true
12657,true,1,0.390,true
12674,true,1,0.386,true
12691,true,1,0.425,true
12707,true,1,0.375,true
12724,true,1,0.403,true
12743,true,1,0.415,true
12775,true,1,0.699,true
12808,true,1,0.679,true
12824,true,1,1.158,true
12840,true,1,0.408,true
12858,true,1,0.438,true
12875,true,1,0.454,true
12891,true,1,0.420,true
12907,true,1,0.547,true
12924,true,1,0.553,true
12941,true,1,0.755,true
12957,true,1,0.440,true
12974,true,0,0.190,true
12991,true,0,0.220,true
13007,true,0,0.157,true
13024,true,0,0.156,true
13041,true,0,0.162,true
13058,true,1,0.475,true
13075,true,1,0.707,true
13091,true,1,0.557,true
13108,true,1,0.662,true
13124,true,1,0.416,true
13140,true,1,0.405,true
13158,true,1,0.682,true
13175,true,1,0.524,true
13191,true,1,0.478,true
13207,true,1,0.489,true
13224,true,1,0.432,true
13241,true,1,0.444,true
13258,true,1,0.710,true
13274,true,1,0.741,true
13291,true,1,1.381,true
13308,true,2,1.058,true
13325,true,1,1.915,true
13357,true,2,1.562,true
13374,true,2,0.839,true
13391,true,2,0.746,true
13407,true,2,0.766,true
13424,true,2,1.344,true
13440,true,1,0.518,true
13457,true,1,0.472,true
13474,true,1,0.510,true
13492,true,1,0.426,true
13525,true,1,0.469,true
13541,true,2,0.701,true
13558,true,2,0.664,true
13574,true,2,0.678,true
13591,true,2,1.081,true
13607,true,2,0.781,true
13624,true,2,1.355,true
13640,true,2,0.723,true
13657,true,2,0.754,true
13675,true,2,0.712,true
13691,true,1,0.647,true
13708,true,1,0.492,true
13724,true,1,0.428,true
13741,true,1,0.464,true
13758,true,1,0.403,true
13774,true,1,0.545,true
13791,true,1,0.564,true
13807,true,1,0.409,true
13824,true,1,0.426,true
13840,true,1,0.458,true
13857,true,1,0.423,true
13874,true,1,0.440,true
13891,true,2,1.038,true
13908,true,1,0.529,true
13925,true,0,0.158,true
13941,true,0,0.262,true
13958,true,0,0.238,true
13974,true,0,0.281,true
13991,true,0,0.184,true
14008,true,1,0.405,true
14025,true,1,0.362,true
14057,true,1,0.388,true
14074,true,1,0.497,true
14091,true,1,0.492,true
14108,true,1,0.413,true
14124,true,1,0.388,true
14141,true,1,0.397,true
14157,true,1,0.392,true
14174,true,1,0.403,true
14191,true,1,0.449,true
14207,true,1,0.387,true
14224,true,1,0.414,true
14240,true,1,3.597,true
14257,true,1,0.442,true
14274,true,1,0.406,true
14292,true,1,0.540,true
14308,true,1,0.707,true
14325,true,1,0.468,true
14341,true,1,0.471,true
14357,true,1,0.440,true
14374,true,1,0.507,true
14390,true,1,0.452,true
14406,true,1,1.014,true
14425,true,0,0.208,true
14442,true,0,0.244,true
14474,true,0,0.228,true
14491,true,1,0.370,true
14508,true,1,0.415,true
14525,true,1,0.363,true
14541,true,1,0.469,true
14557,true,1,0.388,true
14574,true,1,0.700,true
14591,true,1,0.698,true
14608,true,1,0.410,true
14624,true,1,0.404,true
14640,true,1,0.385,true
14657,true,1,0.414,true
14674,true,1,0.509,true
14691,true,1,0.458,true
14707,true,1,0.458,true
14725,true,1,0.965,true
14741,true,1,0.420,true
14757,true,1,0.428,true
14774,true,1,0.434,true
14791,true,1,0.443,true
14808,true,1,0.436,true
14824,true,1,0.491,true
14841,true,1,0.495,true
14857,true,1,0.486,true
14875,true,1,0.505,true
14891,true,0,0.254,true
14908,true,0,0.296,true
14925,true,0,0.260,true
14941,true,0,0.273,true
14957,true,0,0.274,true
14974,true,1,0.693,true
14991,true,1,0.680,true
15007,true,1,0.650,true
15024,true,1,0.646,true
15041,true,1,0.648,true
15057,true,1,0.656,true
15073,true,1,0.745,true
15091,true,1,0.602,true
15107,true,1,0.458,true
15125,true,1,0.462,true
15141,true,1,0.438,true
15157,true,1,0.500,true
15175,true,1,0.454,true
15208,true,1,0.748,true
15225,true,1,0.690,true
15241,true,2,0.735,true
15257,true,1,0.728,true
15274,true,2,0.746,true
15291,true,2,0.808,true
15308,true,2,0.785,true
15324,true,2,0.791,true
15341,true,2,1.183,true
15357,true,2,0.766,true
15374,true,1,0.426,true
15391,true,1,0.426,true
15407,true,1,0.566,true
15424,true,1,0.588,true
15441,true,1,0.448,true
15457,true,1,0.937,true
15474,true,1,0.452,true
15491,true,1,0.669,true
15507,true,1,0.480,true
15524,true,1,0.518,true
15542,true,1,0.650,true
15558,true,1,0.806,true
15574,true,1,0.529,true
15591,true,1,0.483,true
15608,true,0,0.173,true
15626,true,0,0.153,true
15642,true,0,0.291,true
15658,true,0,0.152,true
15675,true,0,0.157,true
15691,true,0,0.400,true
15708,true,0,0.389,true
15724,true,1,0.392,true
15742,true,0,0.390,true
15758,true,1,0.417,true
15774,true,1,0.405,true
15791,true,1,0.416,true
15807,true,2,0.506,true
15824,true,1,0.643,true
15842,true,1,0.426,true
15858,true,1,0.417,true
15874,true,1,0.416,true
15891,true,1,0.452,true
15908,true,1,0.425,true
15924,true,1,0.520,true
15943,true,2,0.638,true
15974,true,2,0.955,true
15990,true,2,0.679,true
16007,true,2,0.852,true
16024,true,2,0.702,true
16040,true,2,0.687,true
16058,true,2,0.699,true
16074,true,2,0.718,true
16092,true,1,0.390,true
16108,true,1,0.434,true
16124,true,1,0.418,true
16141,true,1,0.386,true
16158,true,1,0.406,true
16175,true,1,0.440,true
16191,true,1,0.438,true
16207,true,1,0.403,true
16224,true,1,0.407,true
16241,true,1,0.427,true
16258,true,1,0.412,true
16275,true,1,0.434,true
16291,true,1,0.437,true
16307,true,1,0.467,true
16325,true,0,0.156,true
16357,true,0,0.152,true
16375,true,0,0.194,true
16391,true,0,0.152,true
16408,true,1,0.365,true
16424,true,1,0.373,true
16440,true,1,0.358,true
16458,true,1,0.360,true
16474,true,1,0.386,true
16491,true,1,0.368,true
16507,true,1,0.378,true
16524,true,1,0.401,true
16541,true,1,0.473,true
16557,true,1,0.394,true
16576,true,1,0.431,true
16607,true,1,0.383,true
16624,true,1,0.401,true
16640,true,1,0.421,true
16657,true,1,0.394,true
16675,true,1,0.493,true
16691,true,1,0.419,true
16707,true,1,0.404,true
16724,true,1,0.410,true
16741,true,1,0.426,true
16758,true,1,0.487,true
16775,true,1,0.435,true
16792,true,1,0.438,true
16824,true,0,0.155,true
16841,true,0,0.165,true
16857,true,0,0.156,true
16875,true,0,0.200,true
16891,true,1,0.357,true
16908,true,1,0.371,true
16924,true,1,0.382,true
16941,true,1,0.381,true
16957,true,1,0.434,true
16975,true,1,0.394,true
16991,true,1,0.410,true
17007,true,1,0.392,true
17024,true,1,0.391,true
17040,true,1,0.392,true
17057,true,1,0.396,true
17074,true,1,0.419,true
17092,true,1,0.454,true
17108,true,1,0.425,true
17124,true,1,2.524,true
17141,true,1,0.422,true
17157,true,1,0.407,true
17174,true,1,0.427,true
17191,true,1,0.484,true
17208,true,1,0.439,true
17224,true,1,0.496,true
17240,true,1,0.454,true
17257,true,1,0.440,true
17274,true,1,0.716,true
17291,true,0,0.164,true
17308,true,0,0.158,true
17324,true,0,0.173,true
17341,true,0,0.156,true
17358,true,0,0.157,true
17374,true,1,0.382,true
17391,true,1,0.639,true
17408,true,1,0.378,true
17424,true,1,0.385,true
17440,true,1,0.578,true
17457,true,1,0.398,true
17474,true,1,0.377,true
17492,true,1,0.435,true
17508,true,1,0.375,true
17524,true,1,0.385,true
17541,true,1,0.381,true
17557,true,1,0.437,true
17574,true,1,0.438,true
17591,true,1,0.539,true
17608,true,1,0.388,true
17624,true,1,0.427,true
17640,true,1,0.425,true
17657,true,1,0.420,true
17674,true,1,0.431,true
17690,true,1,0.423,true
17707,true,1,0.419,true
17724,true,1,0.439,true
17741,true,1,0.457,true
17757,true,1,0.449,true
17775,true,0,0.161,true
17791,true,0,0.166,true
17807,true,0,0.175,true
17825,true,0,0.157,true
17858,true,1,0.364,true
17874,true,1,0.365,true
17890,true,1,0.357,true
17908,true,1,0.357,true
17925,true,1,0.388,true
17957,true,1,0.384,true
17974,true,1,0.392,true
17990,true,1,0.388,true
18008,true,1,0.388,true
18024,true,1,0.400,true
18040,true,1,0.421,true
18057,true,1,0.409,true
18073,true,1,0.442,true
18091,true,1,0.450,true
18107,true,1,0.411,true
18125,true,1,0.469,true
18141,true,1,0.433,true
18157,true,1,0.460,true
18174,true,1,0.466,true
18190,true,1,0.540,true
18207,true,2,0.588,true
18224,true,1,0.481,true
18240,true,0,0.188,true
18257,true,0,0.151,true
18275,true,0,0.164,true
18291,true,0,0.151,true
18307,true,0,0.188,true
18325,true,1,0.357,true
18341,true,1,0.362,true
18357,true,1,0.378,true
18374,true,1,1.229,true
18390,true,1,1.389,true
18407,true,1,1.880,true
18424,true,1,3.544,true
18441,true,1,1.712,true
18457,true,1,1.178,true
18474,true,1,2.647,true
18491,true,1,1.385,true
18507,true,1,2.731,true
18525,true,1,1.859,true
18541,true,1,1.875,true
18557,true,1,2.897,true
18574,true,1,2.793,true
18590,true,1,2.013,true
18607,true,1,2.238,true
18624,true,1,0.944,true
18641,true,1,0.838,true
18657,true,1,0.844,true
18674,true,1,0.813,true
18691,true,2,1.842,true
18707,true,1,0.817,true
18724,true,0,0.519,true
18741,true,0,0.434,true
18758,true,0,0.534,true
18774,true,0,0.464,true
18791,true,0,0.447,true
18807,true,1,0.771,true
18824,true,1,0.707,true
18841,true,1,0.755,true
18857,true,1,0.810,true
18874,true,1,0.746,true
18891,true,1,0.734,true
18907,true,1,0.878,true
18924,true,1,0.785,true
18941,true,1,0.768,true
18958,true,1,0.799,true
18974,true,1,0.767,true
18990,true,1,0.959,true
19007,true,1,0.977,true
19023,true,1,0.798,true
19041,true,1,1.319,true
19058,true,1,1.012,true
19074,true,1,1.173,true
19091,true,1,1.109,true
19108,true,2,1.163,true
19125,true,1,1.203,true
19141,true,1,1.139,true
19157,true,2,1.278,true
19174,true,2,1.243,true
19192,true,2,1.259,true
19224,true,1,0.681,true
19241,true,1,0.553,true
19258,true,1,0.566,true
19274,true,1,0.687,true
19291,true,2,0.923,true
19307,true,2,0.990,true
19324,true,2,0.978,true
19340,true,2,0.939,true
19357,true,2,0.892,true
19374,true,2,0.881,true
19390,true,2,0.851,true
19407,true,2,1.082,true
19424,true,2,1.017,true
19441,true,1,0.469,true
19460,true,1,0.459,true
19492,true,1,0.531,true
19508,true,1,0.541,true
19524,true,1,0.626,true
19541,true,1,0.591,true
19558,true,1,0.572,true
19574,true,1,0.573,true
19590,true,1,0.570,true
19607,true,1,0.545,true
19624,true,1,0.564,true
19640,true,1,0.682,true
19658,true,1,0.595,true
19675,true,1,0.541,true
19692,true,0,0.151,true
19708,true,0,0.158,true
19724,true,0,0.383,true
19741,true,0,0.376,true
19758,true,0,0.616,true
19774,true,1,1.277,true
19791,true,1,0.543,true
19808,true,1,0.584,true
19824,true,1,0.569,true
19841,true,1,0.560,true
19859,true,1,0.551,true
19875,true,1,0.712,true
19891,true,1,0.559,true
19908,true,1,0.654,true
19924,true,1,0.621,true
19941,true,1,1.004,true
19957,true,1,0.644,true
19974,true,1,0.637,true
19991,true,1,0.638,true
20007,true,1,0.728,true
20024,true,1,0.738,true
20040,true,1,0.779,true
20057,true,1,0.722,true
20075,true,1,0.691,true
20091,true,1,0.685,true
20108,true,1,0.703,true
20124,true,1,0.794,true
20141,true,1,0.631,true
20157,true,1,0.651,true
20174,true,0,0.387,true
20191,true,0,0.349,true
20207,true,0,0.350,true
20224,true,0,0.423,true
20241,true,0,0.386,true
20257,true,1,0.586,true
20275,true,1,0.595,true
20291,true,1,0.576,true
20307,true,1,0.574,true
20324,true,1,0.628,true
20341,true,1,0.584,true
20357,true,1,0.623,true
20375,true,1,1.114,true
20391,true,1,1.171,true
20407,true,1,0.884,true
20423,true,1,1.227,true
20441,true,1,1.184,true
20457,true,1,1.114,true
20474,true,1,1.407,true
20491,true,1,1.371,true
20508,true,1,1.166,true
20524,true,1,1.368,true
20540,true,1,1.324,true
20557,true,1,0.763,true
20574,true,1,0.670,true
20591,true,1,1.026,true
20607,true,1,0.659,true
20623,true,1,0.656,true
20641,true,0,0.375,true
20657,true,0,0.482,true
20675,true,0,0.377,true
20691,true,0,0.349,true
20708,true,0,0.389,true
20724,true,1,1.020,true
20743,true,1,0.968,true
20774,true,1,1.080,true
20791,true,1,1.446,true
20807,true,1,1.690,true
20824,true,1,0.780,true
20840,true,1,0.741,true
20858,true,1,0.849,true
20874,true,1,1.025,true
20892,true,1,0.683,true
20908,true,1,1.732,true
20924,true,1,1.172,true
20940,true,1,0.991,true
20957,true,1,1.336,true
20974,true,1,1.111,true
20991,true,1,2.070,true
21008,true,1,1.496,true
21024,true,1,1.696,true
21041,true,1,2.192,true
21057,true,2,1.724,true
21074,true,2,1.838,true
21091,true,2,1.961,true
21108,true,2,1.543,true
21141,true,1,1.531,true
21157,true,2,1.947,true
21174,true,2,1.873,true
21191,true,2,1.870,true
21208,true,2,2.483,true
21224,true,2,2.272,true
21240,true,2,2.212,true
21256,true,2,1.635,true
21274,true,2,1.617,true
21291,true,2,4.023,true
21308,true,2,2.281,true
21325,true,2,1.143,true
21341,true,2,1.223,true
21357,true,2,1.231,true
21374,true,2,1.335,true
21390,true,2,1.003,true
21408,true,2,1.012,true
21424,true,2,0.946,true
21440,true,1,1.073,true
21457,true,1,0.995,true
21474,true,1,1.016,true
21491,true,1,1.661,true
21508,true,1,5.939,true
21524,true,1,1.655,true
21542,true,1,1.842,true
21558,true,1,2.358,true
21575,true,1,2.170,true
21591,true,1,1.604,true
21608,true,1,2.172,true
21625,true,1,2.166,true
21642,true,1,2.852,true
21674,true,1,2.648,true
21690,true,1,3.119,true
21708,true,1,1.380,true
21725,true,1,1.357,true
21743,true,2,3.173,true
21776,true,2,4.136,true
21792,true,2,3.093,true
21809,true,2,3.150,true
21825,true,2,3.366,true
21842,true,2,3.139,true
21858,true,2,1.217,true
21876,true,2,0.943,true
21892,true,2,0.912,true
21909,true,2,0.928,true
21926,true,2,0.934,true
21942,true,2,0.901,true
21958,true,2,0.932,true
21975,true,2,0.916,true
21993,true,2,0.916,true
22027,true,2,0.895,true
22043,true,2,0.912,true
22059,true,2,0.907,true
22075,true,2,0.881,true
22093,true,2,0.880,true
22125,true,2,0.894,true
22143,true,1,0.937,true
22175,false,0,0.113,false
22192,false,0,0.064,false
22209,false,0,0.040,false
22225,false,0,0.043,false
22242,false,0,0.038,false
22258,false,0,0.035,false
22274,false,0,0.041,false
22291,false,0,0.044,false
22308,false,0,0.058,false
22325,false,0,0.058,false
22345,false,0,0.054,false
22375,false,0,0.055,false
22391,false,0,0.111,false
22408,false,0,0.097,false
22424,false,0,0.053,false
22441,false,0,0.047,false
22459,false,0,0.028,false
22475,false,0,0.019,false
22491,false,0,0.024,false
22508,false,0,0.376,false
22524,false,0,0.482,false
22542,false,0,0.299,false
22558,false,0,0.276,false
22576,false,0,0.315,false
22608,false,0,0.270,false
22624,false,0,1.042,false
22641,false,0,0.338,false
22661,false,0,0.303,false
22692,false,0,0.341,false
22708,false,0,0.267,false
22725,false,0,0.279,false
22742,false,0,1.728,false
22758,false,0,0.267,false
22775,false,0,0.286,false
22792,false,0,0.277,false
22808,false,0,0.317,false
22825,false,0,0.282,false
22842,false,0,0.277,false
22859,false,0,0.264,false
22875,false,0,0.519,false
22892,false,0,0.268,false
22908,false,0,0.271,false
22925,false,0,0.290,false
22941,false,0,0.263,false
22958,false,0,0.259,false
22976,false,0,0.472,false
23008,false,0,0.042,true
23025,false,0,0.014,true
23041,false,0,0.016,true
23058,false,0,0.015,true
23075,false,0,0.019,true
23092,false,0,0.016,true
23108,false,0,0.010,true
23125,false,0,0.014,false
23142,false,0,0.021,false
23158,false,0,0.015,false
23175,false,0,0.015,false
23193,false,0,0.017,false
23209,false,0,0.022,false
23225,false,0,0.029,false
23257,false,0,0.278,false
23276,false,0,0.893,false
23308,false,0,0.272,false
23324,false,0,0.284,false
23341,false,0,0.294,false
23358,false,0,0.285,false
23376,false,0,0.291,false
23408,false,0,0.432,false
23424,false,0,0.395,false
23442,false,0,0.431,false
23458,false,0,0.396,false
23475,false,0,0.366,false
23493,false,0,0.409,false
23525,false,0,0.458,false
23541,false,0,0.363,false
23558,false,0,0.305,false
23575,false,0,0.369,false
23592,false,0,0.322,false
23626,false,0,0.261,false
23658,false,0,0.262,false
23675,false,0,0.282,false
23693,false,0,0.258,false
23709,false,0,0.301,false
23725,false,0,0.276,false
23741,false,0,0.257,false
23758,false,0,0.256,false
23775,false,0,0.260,false
23792,false,0,0.256,false
23809,false,0,0.412,false
23842,false,0,0.965,false
23859,false,0,0.257,false
23892,false,0,0.271,false
23909,false,0,0.261,false
23925,false,0,0.260,false
23942,false,0,0.289,false
23975,false,0,0.276,false
23991,false,0,0.288,false
24008,false,0,0.293,false
24024,false,0,1.103,false
24041,false,0,0.282,false
24058,false,0,0.270,false
24074,false,0,0.390,false
24092,false,0,0.275,false
24108,false,0,0.519,false
24124,false,0,0.258,false
24142,false,0,0.276,false
24175,false,0,0.344,false
24191,false,0,0.284,false
24209,false,0,0.263,false
24225,false,0,0.269,false
24241,false,0,0.261,false
24257,false,0,0.257,false
24275,false,0,0.258,false
24291,false,0,0.319,false
24309,false,0,0.268,false
24325,false,0,0.256,false
24341,false,0,0.311,false
24358,false,0,0.266,false
24375,false,0,0.264,false
24391,false,0,0.258,false
24408,false,0,0.283,false
24425,false,0,0.324,false
24441,false,0,0.289,false
24458,false,0,0.283,false
24475,false,0,0.301,false
24491,false,0,0.264,false
24509,false,0,0.361,false
24525,false,0,0.259,false
24541,false,0,0.285,false
24558,false,0,0.289,false
24575,false,0,0.966,false
24592,false,0,0.265,false
24608,false,0,0.414,false
24626,false,0,0.284,false
24658,false,0,0.286,false
24675,false,0,0.308,false
24691,false,0,0.258,false
24709,false,0,0.275,false
24725,false,0,0.386,false
24742,false,0,0.261,false
24758,false,0,0.286,false
24775,false,0,0.287,false
24791,false,0,1.471,false
24809,false,0,0.255,false
24827,false,0,0.258,false
24858,false,0,0.262,false
24875,false,0,1.062,false
24891,false,0,0.262,false
24908,false,0,0.263,false
24926,false,0,0.263,false
24943,false,0,0.732,false
24975,false,0,0.265,false
24992,false,0,0.269,false
25009,false,0,0.420,false
25026,false,0,0.265,false
25042,false,0,0.313,false
25058,false,0,0.260,false
25075,false,0,0.292,false
25091,false,0,0.274,false
25109,false,0,0.259,false
25125,false,0,0.498,false
25141,false,0,0.276,false
25158,false,0,0.514,false
25175,false,0,1.009,false
25192,false,0,0.319,false
25216,false,0,0.468,false
25233,false,0,0.273,false
25250,false,0,0.499,false
25266,false,0,0.539,false
25283,false,0,0.314,false
25299,false,0,0.257,false
25315,false,0,0.292,false
25332,false,0,0.261,false
25349,false,0,0.300,false
25365,false,0,0.267,false
25382,false,0,0.274,false
25399,false,0,0.276,false
25416,false,0,0.294,false
25432,false,0,1.706,false
25448,false,0,0.058,false
25466,false,0,0.089,false
25482,false,0,0.031,false
25503,false,0,0.028,false
25524,false,0,0.021,false
25543,false,0,0.018,true
25574,false,0,0.015,true
25591,false,0,0.012,true
25607,false,0,0.015,true
25624,false,0,0.016,true
25641,false,0,0.012,true
25657,false,0,0.018,true
25673,false,0,0.011,true
25690,false,0,0.009,true
25707,false,0,0.009,true
25723,false,0,0.009,true
25741,false,0,0.008,true
25757,false,0,0.007,true
25774,false,0,0.007,true
25791,false,0,0.007,true
25807,false,0,0.007,true
25824,false,0,0.007,true
25841,false,0,0.009,true
25858,false,0,0.007,true
25874,false,0,0.007,true
25891,false,0,0.006,true
25907,false,0,0.015,true
25924,false,0,0.010,true
25941,false,0,0.011,true
25958,false,0,0.012,true
25975,false,0,0.016,false
25991,false,0,0.014,false
26007,false,0,0.015,false
26024,false,0,0.013,false
26041,false,0,0.091,false
26057,false,0,0.058,false
26075,false,0,0.025,false
26091,false,0,0.014,false
26107,false,0,0.012,false
26124,false,0,0.011,false
26141,false,0,0.014,false
26158,false,0,0.019,false
26174,false,0,0.015,false
26190,false,0,0.020,false
26208,false,0,0.017,false
26224,false,0,0.020,false
26240,false,0,0.046,false
26258,false,0,0.009,false
26275,false,0,0.043,false
26291,false,0,0.015,false
26307,false,0,0.010,false
26325,false,0,0.050,false
26341,false,0,0.028,false
26358,false,0,0.011,false
26374,false,0,0.007,false
26391,false,0,0.005,false
26407,false,0,0.007,false
26424,false,0,0.046,false
26440,false,0,0.012,false
26457,false,0,0.012,false
26475,false,0,0.010,false
26491,false,0,0.045,false
26507,false,0,0.015,false
26524,false,0,0.012,false
26541,false,0,0.013,false
26557,false,0,0.014,false
26574,false,0,0.018,false
26591,false,0,0.046,false
26607,false,0,0.016,false
26624,false,0,0.012,false
26640,false,0,0.038,false
26657,false,0,0.010,false
26674,false,0,0.010,false
26691,false,0,0.010,false
26708,false,0,0.009,false
26724,false,0,0.015,false
26741,false,0,0.011,false
26757,false,0,0.010,false
26775,false,0,0.010,false
26791,false,0,0.010,false
26807,false,0,0.009,false
26825,false,0,0.015,false
26857,false,0,1.269,false
26875,false,0,0.019,false
26891,false,0,0.008,false
26907,false,0,0.008,false
26924,false,0,0.009,false
26940,false,0,0.007,false
26957,false,0,0.007,false
26974,false,0,0.011,false
26991,false,0,0.018,false
27007,false,0,0.011,false
27024,false,0,0.012,false
27041,false,0,0.012,false
27057,false,0,0.011,false
27074,false,0,0.011,false
27092,false,0,0.039,false
27108,false,0,0.020,false
27124,false,0,0.008,false
27143,false,0,0.028,false
27174,false,0,0.011,false
27191,false,0,0.006,false
27208,false,0,0.010,false
27224,false,0,0.006,false
27241,false,0,0.006,false
27258,false,0,0.029,false
27275,false,0,0.013,false
27293,false,0,0.019,false
27309,false,0,0.007,false
27325,false,0,0.016,false
27342,false,0,0.007,false
27358,false,0,0.008,false
27376,false,0,0.020,false
27392,false,0,0.020,false
27409,false,0,0.015,false
27425,false,0,0.015,false
27442,false,0,0.019,false
27460,false,0,0.009,false
27476,false,0,0.015,false
27492,false,0,0.030,false
27510,false,0,0.007,false
27542,false,0,0.007,false
27558,false,0,0.008,false
27575,false,0,0.007,false
27591,false,0,0.007,false
27609,false,0,0.031,false
27641,false,0,0.007,false
27659,false,0,0.006,false
27675,false,0,0.006,false
27692,false,0,0.006,false
27710,false,0,0.007,false
27743,false,0,0.006,false
27775,false,0,0.006,false
27792,false,0,0.006,false
27809,false,0,0.006,false
27826,false,0,0.028,false
27842,false,0,0.005,false
27859,false,0,0.006,false
27875,false,0,0.007,false
27892,false,0,0.006,false
27908,false,0,0.007,false
27926,false,0,0.006,false
27942,false,0,0.011,false
27959,false,0,0.008,false
27975,false,0,0.007,false
27991,false,0,0.006,false
28008,false,0,0.020,false
28025,false,0,0.008,false
28042,false,0,0.040,false
28058,false,0,0.038,false
28075,false,0,0.022,false
28092,false,0,0.060,false
28109,false,0,0.012,false
28125,false,0,0.030,false
28142,false,0,0.016,false
28158,false,0,0.007,false
28175,false,0,0.018,false
28191,false,0,0.009,false
28209,false,0,0.019,false
28225,false,0,0.645,false
28243,false,0,0.008,false
28261,false,0,0.018,false
28293,false,0,0.012,false
28309,false,0,0.008,false
28326,false,0,0.034,false
28343,false,0,0.009,false
28360,false,0,0.027,false
28392,false,0,0.018,false
28408,false,0,0.014,false
28426,false,0,0.017,false
28442,false,0,0.019,false
28459,false,0,0.016,false
28475,false,0,0.019,false
28492,false,0,0.008,false
28509,false,0,0.018,false
28525,false,0,0.007,false
28542,false,0,0.017,false
28558,false,0,0.032,false
28575,false,0,0.030,false
28592,false,0,0.009,false
28609,false,0,0.015,false
28626,false,0,0.041,false
28658,false,0,0.017,false
28675,false,0,0.029,false
28692,false,0,0.034,false
28709,false,0,0.018,false
28725,false,0,0.019,false
28743,false,0,0.016,false
28776,false,0,0.031,false
28808,false,0,0.018,false
28824,false,0,0.022,false
28840,false,0,0.016,false
28858,false,0,0.030,false
28874,false,0,0.064,false
28893,false,0,0.020,false
28909,false,0,0.012,false
28926,false,0,0.049,false
28942,false,0,0.006,false
28959,false,0,0.012,false
28975,false,0,0.008,false
28991,false,0,0.006,false
29008,false,0,0.007,false
29024,false,0,0.009,false
29041,false,0,0.008,false
29059,false,0,0.009,false
29075,false,0,0.011,false
29092,false,0,0.037,false
29109,false,0,0.008,false
29125,false,0,0.007,false
29141,false,0,0.037,false
29159,false,0,0.018,false
29176,false,0,0.008,false
29192,false,0,0.010,false
29209,false,0,0.009,false
29226,false,0,0.007,false
29242,false,0,0.007,false
29258,false,0,0.034,false
29276,false,0,0.013,false
29293,false,0,0.019,false
29309,false,0,0.010,false
29325,false,0,0.017,false
29342,false,0,0.017,false
29358,false,0,0.041,false
29375,false,0,0.683,false
29392,false,0,0.008,false
29408,false,0,0.010,false
29425,false,0,0.008,false
29443,false,0,0.007,false
29475,false,0,0.007,false
29492,false,0,0.007,false
29508,false,0,0.009,false
29525,false,0,0.007,false
29541,false,0,0.007,false
29558,false,0,0.005,false
29574,false,0,0.007,false
29592,false,0,0.011,false
29608,false,0,0.006,false
29624,false,0,0.006,false
29642,false,0,0.011,false
29658,false,0,0.010,false
29675,false,0,0.030,false
29692,false,0,0.008,false
29709,false,0,0.009,false
29725,false,0,0.032,false
29742,false,0,0.008,false
29758,false,0,0.009,false
29775,false,0,0.006,false
29792,false,0,0.007,false
29808,false,0,0.007,false
29826,false,0,0.007,false
29842,false,0,0.008,false
29858,false,0,0.030,false
29874,false,0,0.008,false
29892,false,0,0.011,false
29909,false,0,0.007,false
29942,false,0,0.008,false
29958,false,0,0.007,false
29974,false,0,0.005,false
29992,false,0,0.005,false
30008,false,0,0.005,false
30026,false,0,0.006,false
30042,false,0,0.007,false
30058,false,0,0.006,false
30074,false,0,0.029,false
30092,false,0,0.029,false
30109,false,0,0.011,false
30125,false,0,0.009,false
30141,false,0,0.043,false
30158,false,0,0.006,false
30175,false,0,0.008,false
30191,false,0,0.008,false
30208,false,0,0.023,false
30225,false,0,0.007,false
30241,false,0,0.031,false
30258,false,0,0.006,false
30274,false,0,0.008,false
30291,false,0,0.012,false
30309,false,0,0.006,false
30325,false,0,0.007,false
30343,false,0,0.007,false
30359,false,0,0.010,false
30375,false,0,0.013,false
30391,false,0,0.028,false
30409,false,0,0.020,false
30425,false,0,0.019,false
30442,false,0,0.014,false
30458,false,0,0.013,false
30475,false,0,0.012,false
30492,false,0,0.013,false
30508,false,0,0.013,false
30525,false,0,0.011,false
30541,false,0,0.012,false
30558,false,0,0.012,false
30575,false,0,0.012,false
30592,false,0,0.011,false
30608,false,0,0.011,false
30626,false,0,0.012,false
30643,false,0,0.010,false
30676,false,0,0.008,false
30693,false,0,0.009,false
30709,false,0,0.010,false
30725,false,0,0.009,false
30742,false,0,0.031,false
30758,false,0,0.018,false
30775,false,0,0.014,false
30792,false,0,0.030,false
30808,false,0,0.040,false
30825,false,0,0.007,false
30841,false,0,0.007,false
30858,false,0,0.007,false
30875,false,0,0.009,false
30891,false,0,1.229,false
30908,false,0,0.005,false
30926,false,0,0.006,false
30943,false,0,0.009,false
30975,false,0,0.008,false
30992,false,0,0.010,false
31008,false,0,0.010,false
31026,false,0,0.007,false
31058,false,0,0.012,false
31074,false,0,0.007,false
31091,false,0,0.009,false
31108,false,0,0.010,false
31125,false,0,0.007,false
31142,false,0,0.008,false
31158,false,0,0.007,false
31175,false,0,0.008,false
31192,false,0,0.007,false
31208,false,0,0.012,false
31225,false,0,0.010,false
31241,false,0,0.011,false
31258,false,0,0.008,false
31275,false,0,0.011,false
31291,false,0,0.008,false
31309,false,0,0.013,false
31325,false,0,0.012,false
31342,false,0,0.008,false
31358,false,0,0.012,false
31374,false,0,0.012,false
31391,false,0,0.008,false
31408,false,0,0.011,false
31425,false,0,0.009,false
31441,false,0,0.008,false
31458,false,0,0.009,false
31475,false,0,0.009,false
31491,false,0,0.025,false
31509,false,0,0.008,false
31525,false,0,0.025,false
31542,false,0,0.023,false
31559,false,0,0.050,false
31576,false,0,0.022,false
31608,false,0,0.009,false
31627,false,0,0.022,false
31660,false,0,0.007,false
31676,false,0,0.006,false
31693,false,0,0.005,false
31709,false,0,0.005,false
31725,false,0,0.010,false
31742,false,0,0.007,false
31759,false,0,0.008,false
31775,false,0,0.007,false
31791,false,0,0.010,false
31808,false,0,0.007,false
31825,false,0,0.006,false
31841,false,0,0.014,false
31858,false,0,0.007,false
31875,false,0,0.029,false
31892,false,0,0.012,false
31909,false,0,0.012,false
31926,false,0,0.025,false
31943,false,0,0.019,false
31975,false,0,0.011,false
31992,false,0,0.008,false
32008,false,0,0.012,false
32025,false,0,0.040,false
32041,false,0,0.383,false
32058,false,0,0.007,false
32075,false,0,0.022,false
32092,false,0,0.016,false
32108,false,0,0.006,false
32125,false,0,0.017,false
32141,false,0,0.006,false
32158,false,0,0.009,false
32175,false,0,0.008,false
32192,false,0,0.009,false
32208,false,0,0.007,false
32225,false,0,0.008,false
32241,false,0,0.007,false
32258,false,0,0.007,false
32276,false,0,0.011,false
32293,false,0,0.012,false
32325,false,0,0.005,false
32342,false,0,0.008,false
32359,false,0,0.009,false
32375,false,0,0.007,false
32392,false,0,0.008,false
32409,false,0,0.007,false
32425,false,0,0.008,false
32442,false,0,0.008,false
32459,false,0,0.008,false
32475,false,0,0.009,false
32493,false,0,0.006,false
32509,false,0,0.009,false
32525,false,0,0.007,false
32541,false,0,0.015,false
32558,false,0,0.014,false
32574,false,0,0.015,false
32593,false,0,0.017,false
32610,false,0,0.008,false
32633,false,0,0.012,false
32649,false,0,0.008,false
32667,false,0,0.008,false
32683,false,0,0.019,false
32699,false,0,0.016,false
32716,false,0,0.012,false
32732,false,0,0.009,false
32750,false,0,0.011,true
32766,false,0,0.014,true
32783,false,0,0.009,true
32799,false,0,0.008,true
32816,false,0,0.008,true
32833,false,0,0.033,true
32850,false,0,0.038,false
32874,false,0,0.016,false
32891,false,0,0.026,false
32907,false,0,0.011,false
32924,false,0,0.016,false
32941,false,0,0.014,false
32957,false,0,0.013,false
32974,false,0,0.010,false
32991,false,0,0.004,false
33009,false,0,0.007,false
33025,false,0,0.007,false
33041,false,0,0.005,false
33057,false,0,0.005,false
33074,false,0,0.007,false
33091,false,0,0.010,false
33108,false,0,0.010,false
33125,false,0,0.007,false
33141,false,0,0.005,false
33157,false,0,0.008,false
33174,false,0,0.013,false
33191,false,0,0.018,false
33208,false,0,0.008,false
33225,false,0,0.007,false
33257,false,0,0.011,false
33273,false,0,0.009,false
33290,false,0,0.008,false
33308,false,0,0.012,false
33324,false,0,0.006,false
33341,false,0,0.005,false
33357,false,0,0.006,false
33374,false,0,0.007,false
33391,false,0,0.008,false
33407,false,0,0.007,false
33424,false,0,0.009,false
33440,false,0,0.036,false
33457,false,0,0.010,false
33474,false,0,0.007,false
33491,false,0,0.006,false
33507,false,0,0.012,false
33524,false,0,0.010,false
33543,false,0,0.027,false
33574,false,0,0.013,false
33591,false,0,0.007,false
33607,false,0,0.006,false
33624,false,0,0.006,false
33641,false,0,0.006,false
33657,false,0,0.007,false
33674,false,0,0.005,false
33691,false,0,0.004,false
33707,false,0,0.005,false
33725,false,0,0.013,false
33741,false,0,0.004,false
33757,false,0,0.005,false
33774,false,0,0.004,false
33791,false,0,0.006,false
33807,false,0,0.006,false
33824,false,0,0.005,false
33857,false,0,0.028,false
33873,false,0,0.009,false
33890,false,0,0.006,false
33907,false,0,0.024,false
33942,false,0,0.007,false
34041,false,0,0.006,false
34057,false,0,0.004,false
34108,false,0,0.005,false
34124,false,0,0.005,false
34140,false,0,0.007,false
34223,false,0,0.009,false
34240,false,0,0.005,false
34258,false,0,0.004,false
34275,false,0,0.009,false
34291,false,0,0.026,false
34308,false,0,0.010,false
34324,false,0,0.023,false
34341,false,0,0.016,false
34358,false,0,0.009,false
34375,false,0,0.009,false
34391,false,0,0.020,false
34408,false,0,0.016,false
34424,false,0,0.011,false
34441,false,0,0.006,false
34458,false,0,0.005,false
34475,false,0,0.009,false
34491,false,0,0.007,false
34508,false,0,0.008,false
34524,false,0,0.021,false
34541,false,0,0.015,false
34558,false,0,0.009,false
34574,false,0,0.013,false
34591,false,0,0.008,false
34607,false,0,0.014,false
34624,false,0,0.012,false
34640,false,0,0.010,false
34657,false,0,0.020,false
34675,false,0,0.013,false
34692,false,0,0.014,false
34708,false,0,0.017,false
34725,false,0,0.013,false
34742,false,0,0.011,false
34759,false,0,0.013,false
34775,false,0,0.009,false
34792,false,0,0.018,false
34808,false,0,0.012,false
34826,false,0,0.007,false
34842,false,0,0.006,false
34858,false,0,0.027,false
34876,false,0,0.017,false
34893,false,0,0.020,false
34924,false,0,0.019,false
34941,false,0,0.024,false
34958,false,0,0.007,false
34975,false,0,0.015,false
34992,false,0,0.009,false
35008,false,0,0.011,false
35024,false,0,0.010,false
35041,false,0,0.003,false
35058,false,0,0.005,false
35075,false,0,0.003,false
35092,false,0,0.008,false
35108,false,0,0.010,false
35125,false,0,0.013,false
35143,false,0,0.012,false
35175,false,0,0.008,false
35192,false,0,0.035,false
35208,false,0,0.010,false
35224,false,0,0.020,false
35241,false,0,0.009,false
35258,false,0,0.006,false
35274,false,0,0.004,false
35292,false,0,0.003,false
35309,false,0,0.006,false
35327,false,0,0.006,false
35359,false,0,0.012,false
35375,false,0,0.008,false
35392,false,0,0.011,false
35409,false,0,0.006,false
35441,false,0,0.003,false
35458,false,0,0.007,false
35476,false,0,0.013,false
35492,false,0,0.008,false
35509,false,0,0.007,false
35525,false,0,0.009,false
35542,false,0,0.006,false
35558,false,0,0.006,false
35575,false,0,0.006,false
35593,false,0,0.008,false
35626,false,0,0.007,false
35642,false,0,0.005,false
35659,false,0,0.011,false
35676,false,0,0.006,false
35693,false,0,0.005,false
35710,false,0,0.006,false
35742,false,0,0.012,false
35759,false,0,0.010,false
35775,false,0,0.013,false
35792,false,0,0.010,false
35809,false,0,0.009,false
35825,false,0,0.014,false
35841,false,0,0.011,false
35858,false,0,0.014,false
35874,false,0,0.012,false
35892,false,0,0.011,false
35908,false,0,0.009,false
35925,false,0,0.006,false
35942,false,0,0.006,false
35958,false,0,0.011,false
35975,false,0,0.028,false
35991,false,0,0.046,false
36008,false,0,0.016,false
36025,false,0,0.020,false
36041,false,0,0.039,false
36058,false,0,0.011,false
36075,false,0,0.007,false
36092,false,0,0.009,false
36108,false,0,0.007,false
36126,false,0,0.010,false
36142,false,0,0.017,false
36158,false,0,0.009,false
36174,false,0,0.010,false
36192,false,0,0.009,false
36208,false,0,0.018,false
36225,false,0,0.007,false
36241,false,0,0.016,false
36258,false,0,0.032,false
36274,false,0,0.007,false
36291,false,0,0.008,false
36308,false,0,0.034,false
36325,false,0,0.007,false
36342,false,0,0.009,false
36358,false,0,0.021,false
36375,false,0,0.007,false
36393,false,0,0.031,false
36409,false,0,0.011,false
36428,false,0,0.008,false
36460,false,0,0.007,false
36492,false,0,0.007,false
36508,false,0,0.007,false
36525,false,0,0.007,false
36542,false,0,0.007,false
36558,false,0,0.011,false
36574,false,0,0.008,false
36591,false,0,0.014,false
36608,false,0,0.008,false
36624,false,0,0.008,false
36641,false,0,0.009,false
36659,false,0,0.008,false
36675,false,0,0.012,false
36692,false,0,0.009,false
36708,false,0,0.008,false
36725,false,0,0.013,false
36743,false,0,0.017,false
36759,false,0,0.007,false
36775,false,0,0.014,false
36792,false,0,0.015,false
36808,false,0,0.011,false
36825,false,0,0.010,false
36842,false,0,0.005,false
36859,false,0,0.011,false
36875,false,0,0.009,false
36891,false,0,0.008,false
36908,false,0,0.012,false
36925,false,0,0.284,false
36942,false,0,0.011,false
36959,false,0,0.017,false
36975,false,0,0.007,false
36992,false,0,0.014,false
37025,false,0,0.012,false
37042,false,0,0.010,false
37059,false,0,0.007,false
37076,false,0,0.010,false
37092,false,0,0.008,false
37109,false,0,0.010,false
37125,false,0,0.006,false
37142,false,0,0.008,false
37158,false,0,0.015,false
37176,false,0,0.011,false
37192,false,0,0.009,false
37208,false,0,0.009,false
37224,false,0,0.027,false
37241,false,0,0.344,false
37258,false,0,0.009,false
37275,false,0,0.011,false
37291,false,0,0.014,false
37308,false,0,0.014,false
37325,false,0,0.007,false
37341,false,0,0.236,false
37358,false,0,0.007,false
37374,false,0,0.007,false
37392,false,0,0.011,false
37408,false,0,0.022,false
37425,false,0,0.016,false
37442,false,0,0.025,false
37459,false,0,0.024,false
37475,false,0,0.018,false
37491,false,0,0.012,false
37508,false,0,0.009,false
37525,false,0,0.011,false
37542,false,0,0.030,false
37575,false,0,0.008,false
37591,false,0,0.005,false
37607,false,0,0.013,false
37623,false,0,0.009,false
37641,false,0,0.007,false
37657,false,0,0.008,false
37675,false,0,0.013,false
37691,false,0,0.952,false
37708,false,0,0.007,false
37724,false,0,0.015,false
37741,false,0,0.011,false
37758,false,0,0.010,false
37774,false,0,0.010,false
37791,false,0,0.009,false
37807,false,0,0.010,false
37825,false,0,0.009,false
37841,false,0,0.008,false
37858,false,0,0.007,false
37874,false,0,0.009,false
37891,false,0,0.006,false
37908,false,0,0.013,false
37924,false,0,0.013,false
37941,false,0,0.016,false
37957,false,0,0.007,false
37974,false,0,0.038,false
37992,false,0,0.009,false
38008,false,0,0.010,false
38025,false,0,0.012,false
38057,false,0,0.010,false
38074,false,0,0.009,false
38091,false,0,0.009,false
38108,false,0,0.009,false
38124,false,0,0.035,false
38141,false,0,0.009,false
38157,false,0,0.012,false
38174,false,0,0.013,false
38192,false,0,0.008,false
38208,false,0,0.010,false
38224,false,0,0.008,false
38241,false,0,0.007,false
38258,false,0,0.010,false
38274,false,0,0.010,false
38291,false,0,0.010,false
38308,false,0,0.012,false
38325,false,0,0.010,false
38343,false,0,0.014,false
38374,false,0,0.007,false
38391,false,0,0.031,false
38408,false,0,0.010,false
38425,false,0,0.010,false
38441,false,0,0.015,false
38458,false,0,0.009,false
38474,false,0,0.010,false
38491,false,0,0.012,false
38508,false,0,0.012,false
38525,false,0,0.013,false
38541,false,0,0.010,false
38558,false,0,0.008,false
38574,false,0,0.037,false
38591,false,0,0.012,false
38609,false,0,0.009,false
38625,false,0,0.113,false
38658,false,0,0.011,false
38674,false,0,0.012,false
38691,false,0,0.017,false
38708,false,0,0.019,false
38725,false,0,0.012,false
38741,false,0,0.009,false
38757,false,0,0.007,false
38774,false,0,0.009,false
38791,false,0,0.010,false
38807,false,0,0.008,false
38824,false,0,0.009,false
38841,false,0,0.006,false
38857,false,0,0.028,false
38874,false,0,0.016,false
38891,false,0,0.013,false
38907,false,0,0.025,false
38925,false,0,0.028,false
38941,false,0,0.007,false
38957,false,0,0.007,false
38974,false,0,0.010,false
38991,false,0,0.011,false
39008,false,0,0.011,false
39025,false,0,0.008,false
39041,false,0,0.010,false
39058,false,0,0.011,false
39075,false,0,0.056,false
39091,false,0,0.007,false
39108,false,0,0.008,false
39125,false,0,0.045,false
39141,false,0,0.007,false
39158,false,0,0.008,false
39174,false,0,0.008,false
39191,false,0,0.008,false
39208,false,0,0.006,false
39224,false,0,0.016,false
39241,false,0,0.017,false
39258,false,0,0.011,false
39275,false,0,0.016,false
39291,false,0,0.010,false
39308,false,0,0.024,false
39325,false,0,0.013,false
39343,false,0,0.042,false
39359,false,0,0.041,false
39375,false,0,0.025,false
39392,false,0,0.041,false
39408,false,0,0.013,false
39425,false,0,0.011,false
39442,false,0,0.012,false
39459,false,0,0.011,false
39475,false,0,0.012,false
39493,false,0,0.008,false
39509,false,0,0.011,false
39527,false,0,0.011,false
39543,false,0,0.010,false
39559,false,0,0.042,false
39575,false,0,0.016,false
39592,false,0,0.009,false
39608,false,0,0.019,false
39626,false,0,0.007,false
39660,false,0,0.008,false
39676,false,0,0.007,false
39692,false,0,0.042,false
39709,false,0,0.012,false
39725,false,0,0.010,false
39742,false,0,0.035,false
39759,false,0,0.008,false
39775,false,0,0.030,false
39791,false,0,0.015,false
39808,false,0,0.020,false
39825,false,0,0.011,false
39841,false,0,0.014,false
39859,false,0,0.006,false
39876,false,0,0.006,false
39899,false,0,0.014,false
39916,false,0,0.008,false
39933,false,0,0.008,false
39950,false,0,0.012,false
39966,false,0,0.010,false
39983,false,0,0.007,false
40000,false,0,0.009,false
40016,false,0,0.006,false
40033,false,0,0.006,false
40049,false,0,0.005,false
40066,false,0,0.007,false
40082,false,0,0.011,false
40099,false,0,0.015,false
40116,false,0,0.011,false
40133,false,0,0.034,false
40150,false,0,0.023,false
40166,false,0,0.011,false
40183,false,0,0.010,false
40199,false,0,0.007,false
40224,false,0,0.008,false
40241,false,0,0.016,false
40257,false,0,0.007,false
40274,false,0,0.006,false
40357,false,0,0.010,false
40373,false,0,0.012,false
40390,false,0,0.015,false
40407,false,0,0.022,false
40423,false,0,0.008,false
40440,false,0,0.010,false
40456,false,0,0.041,false
40475,false,0,0.006,false
40491,false,0,0.008,false
40507,false,0,0.007,false
40524,false,0,0.008,false
40541,false,0,0.007,false
40557,false,0,0.008,false
40574,false,0,0.029,false
40592,false,0,0.019,false
40608,false,0,0.018,false
40624,false,0,0.022,false
40640,false,0,0.016,false
40657,false,0,0.016,false
40674,false,0,0.021,false
40692,false,0,0.027,false
40708,false,0,0.015,false
40724,false,0,0.010,false
40741,false,0,0.017,false
40758,false,0,0.019,false
40774,false,0,0.008,false
40792,false,0,0.007,false
40825,false,0,0.017,false
40841,false,0,0.019,false
40858,false,0,0.007,false
40875,false,0,0.014,false
40892,false,0,0.016,false
40909,false,0,0.074,false
40925,false,0,0.006,false
40942,false,0,0.011,false
40958,false,0,0.052,false
40975,false,0,0.011,false
40991,false,0,0.009,false
41008,false,0,0.024,false
41024,false,0,0.052,false
41041,false,0,0.007,false
41058,false,0,0.009,false
41075,false,0,0.047,false
41092,false,0,0.011,false
41108,false,0,0.023,false
41125,false,0,0.013,false
41141,false,0,0.007,false
41158,false,0,0.012,false
41174,false,0,0.009,false
41191,false,0,0.017,false
41208,false,0,0.012,false
41226,false,0,0.012,false
41257,false,0,0.007,false
41274,false,0,0.008,false
41291,false,0,0.005,false
41308,false,0,0.010,false
41325,false,0,0.013,false
41341,false,0,0.016,false
41358,false,0,0.010,false
41374,false,0,0.008,false
41390,false,0,0.010,false
41408,false,0,0.025,false
41425,false,0,0.006,false
41458,false,0,0.008,false
41474,false,0,0.005,false
41491,false,0,0.006,false
41508,false,0,0.005,false
41525,false,0,0.007,false
41543,false,0,0.004,false
41574,false,0,0.003,false
41590,false,0,0.006,false
41608,false,0,0.003,false
41625,false,0,0.004,false
41641,false,0,0.006,false
41658,false,0,0.003,false
41674,false,0,0.007,false
41691,false,0,0.004,false
41707,false,0,0.003,false
41725,false,0,0.006,false
41741,false,0,0.004,false
41757,false,0,0.004,false
41774,false,0,0.003,false
41791,false,0,0.004,false
41807,false,0,0.003,false
41824,false,0,0.004,false
41840,false,0,0.003,false
41857,false,0,0.015,false
41873,false,0,0.003,false
41891,false,0,0.003,false
41907,false,0,0.006,false
41924,false,0,0.003,false
41941,false,0,0.003,false
41958,false,0,0.005,false
41974,false,0,0.004,false
41992,false,0,0.003,false
42009,false,0,0.006,false
42044,false,0,0.004,false
42118,false,0,0.003,false
42143,false,0,0.003,false
42174,false,0,0.002,false
42244,false,0,0.003,false
42326,false,0,0.003,false
42342,false,0,0.004,false
42458,false,0,0.003,false
42491,false,0,0.003,false
42508,false,0,0.003,false
42525,false,0,0.003,false
42562,false,0,0.003,false
42595,false,0,0.004,false
42626,false,0,0.003,false
42659,false,0,0.003,false
42693,false,0,0.005,false
42726,false,0,0.006,false
42760,false,0,0.010,false
42795,false,0,0.009,false
42825,false,0,0.007,false
42875,false,0,0.005,false
42910,false,0,0.005,false
42943,false,0,0.084,false
42976,false,0,0.005,false
43010,false,0,0.006,false
43042,false,0,0.007,false
43076,false,0,0.004,false
43110,false,0,0.003,false
43142,false,0,0.009,false
43177,false,0,0.004,false
43209,false,0,0.004,false
43241,false,0,0.007,false
43276,false,0,0.004,false
43310,false,0,0.005,false
43342,false,0,0.004,false
43376,false,0,0.024,false
43393,false,0,0.009,false
43409,false,0,0.004,false
43442,false,0,0.010,false
43476,false,0,0.009,false
43492,false,0,0.009,false
43510,false,0,0.015,false
43543,false,0,0.010,false
43575,false,0,0.010,false
43592,false,0,0.005,false
43609,false,0,0.011,false
43642,false,0,0.013,false
43676,false,0,0.007,false
43692,false,0,0.005,false
43710,false,0,0.006,false
43742,false,0,0.011,false
43782,false,0,0.014,false
43813,false,0,0.012,false
43876,false,0,0.015,false
43892,false,0,0.012,false
43910,false,0,0.010,false
43944,false,0,0.005,false
43975,false,0,0.010,false
43992,false,0,0.006,false
44009,false,0,0.005,false
44025,false,0,0.017,false
44042,false,0,0.005,false
44059,false,0,0.003,false
44076,false,0,0.013,false
44108,false,0,0.006,false
44126,false,0,0.004,false
44142,false,0,0.005,false
44158,false,0,0.005,false
44175,false,0,0.004,false
44193,false,0,0.005,false
44226,false,0,0.007,false
44243,false,0,0.005,false
44275,false,0,0.029,false
44292,false,0,0.032,false
44308,false,0,0.012,false
44326,false,0,0.006,false
44342,false,0,0.005,false
44358,false,0,0.005,false
44376,false,0,0.004,false
44408,false,0,0.030,false
44428,false,0,0.004,false
44458,false,0,0.005,false
44476,false,0,0.008,false
44493,false,0,0.007,false
44526,false,0,0.005,false
44543,false,0,0.005,false
44560,false,0,0.004,false
44592,false,0,0.004,false
44609,false,0,0.006,false
44625,false,0,0.009,false
44642,false,0,0.005,false
44659,false,0,0.007,false
44676,false,0,0.009,false
44692,false,0,0.003,false
44708,false,0,0.005,false
44726,false,0,0.013,false
44744,false,0,0.019,false
44776,false,0,0.004,false
44809,false,0,0.026,false
44825,false,0,0.005,false
44843,false,0,0.005,false
44860,false,0,0.004,false
44876,false,0,0.016,false
44892,false,0,0.022,false
44909,false,0,0.004,false
44926,false,0,0.004,false
44943,false,0,0.008,false
44959,false,0,0.007,false
44976,false,0,0.005,false
45009,false,0,0.008,false
45025,false,0,0.008,false
45041,false,0,0.003,false
45060,false,0,0.013,false
45092,false,0,0.004,false
45109,false,0,0.029,false
45126,false,0,0.005,false
45142,false,0,0.007,false
45159,false,0,0.008,false
45176,false,0,0.005,false
45209,false,0,0.009,false
45225,false,0,0.006,false
45241,false,0,0.004,false
45258,false,0,0.004,false
45276,false,0,0.006,false
45293,false,0,0.005,false
45310,false,0,0.047,false
45326,false,0,0.007,false
45359,false,0,0.027,false
45376,false,0,0.157,false
45395,false,0,0.029,false
45425,false,0,0.045,false
45442,false,0,0.022,false
45460,false,0,0.019,false
45477,false,0,0.021,false
45493,false,0,0.006,false
45509,false,0,0.006,false
45526,false,0,0.022,false
45543,false,0,0.012,false
45576,false,0,0.023,false
45592,false,0,0.018,false
45608,false,0,0.016,false
45625,false,0,0.014,false
45641,false,0,0.014,false
45658,false,0,0.025,false
45676,false,0,0.034,false
45694,false,0,0.008,false
45710,false,0,0.011,false
45742,false,0,0.013,false
45758,false,0,0.324,false
45774,false,0,0.448,false
45792,false,0,0.385,false
45809,false,0,0.433,false
45841,false,0,0.592,false
45858,false,0,0.385,false
45874,false,0,0.367,false
45893,false,0,0.311,false
45909,false,0,0.388,false
45925,false,0,0.367,false
45941,false,0,0.395,false
45958,false,0,0.387,false
45976,false,0,0.394,false
45993,false,0,0.294,false
46026,false,0,0.447,false
46058,false,0,0.571,false
46075,false,0,0.585,false
46092,false,0,1.440,false
46109,false,0,1.051,false
46125,false,0,0.890,false
46141,false,0,0.928,false
46157,false,0,0.985,false
46174,false,0,1.030,false
46191,false,0,1.019,false
46209,false,0,0.640,false
46226,false,0,1.047,false
46258,false,0,1.006,false
46275,false,0,0.514,false
46292,false,0,0.894,false
46308,false,0,0.852,false
46325,false,0,0.554,false
46343,false,0,0.513,false
46376,false,0,0.628,false
46408,false,0,0.532,false
46425,false,0,0.564,false
46441,false,0,0.516,false
46459,false,0,0.515,false
46491,false,0,0.536,false
46507,false,0,0.749,false
46524,false,0,0.538,false
46542,false,0,0.559,false
46574,false,0,0.518,false
46591,false,0,0.552,false
46607,false,0,0.518,false
46625,false,0,0.559,false
46642,false,0,0.515,false
46675,false,0,0.882,false
46691,false,0,1.245,false
46708,false,0,0.516,false
46725,false,0,0.531,false
46742,false,0,0.529,false
46758,false,0,0.634,false
46774,false,0,0.514,false
46791,false,0,0.531,false
46808,false,0,0.721,false
46825,false,0,0.919,false
46841,false,0,0.512,false
46857,false,0,0.649,false
46875,false,0,0.845,false
46892,false,0,0.517,false
46908,false,0,0.565,false
46925,false,0,0.598,false
46941,false,0,0.541,false
46958,false,0,0.513,false
46974,false,0,0.678,false
46992,false,0,0.536,false
47008,false,0,0.515,false
47024,false,0,0.559,false
47041,false,0,0.535,false
47058,false,0,0.555,false
47074,false,0,0.551,false
47091,false,0,0.615,false
47108,false,0,0.534,false
47125,false,0,0.580,false
47141,false,0,0.530,false
47158,false,0,0.512,false
47174,false,0,0.578,false
47192,false,0,0.784,false
47208,false,0,0.513,false
47225,false,0,0.559,false
47242,false,0,0.529,false
47259,false,0,0.542,false
47292,false,0,0.887,false
47309,false,0,0.706,false
47325,false,0,0.527,false
47342,false,0,0.562,false
47358,false,0,0.557,false
47374,false,0,0.512,false
47391,false,0,0.553,false
47408,false,0,0.542,false
47424,false,0,0.526,false
47441,false,0,0.573,false
47458,false,0,0.686,false
47474,false,0,0.516,false
47491,false,0,0.556,false
47508,false,0,0.593,false
47524,false,0,0.536,false
47542,false,0,0.549,false
47559,false,0,0.587,false
47575,false,0,0.693,false
47591,false,0,0.513,false
47607,false,0,0.526,false
47626,false,0,0.735,false
47642,false,0,0.517,false
47659,false,0,1.347,false
47675,false,0,0.855,false
47692,false,0,0.698,false
47708,false,0,0.693,false
47724,false,0,0.856,false
47741,false,0,0.669,false
47758,false,0,0.531,false
47774,false,0,0.549,false
47791,false,0,0.931,false
47807,false,0,0.527,false
47824,false,0,0.705,false
47841,false,0,0.512,false
47858,false,0,0.548,false
47876,false,0,0.523,false
47909,false,0,0.528,false
47925,false,0,0.660,false
47942,false,0,0.570,false
47959,false,0,0.528,false
47975,false,0,0.523,false
47992,false,0,0.609,false
48008,false,0,0.949,false
48024,false,0,0.967,false
48041,false,0,1.057,false
48059,false,0,1.534,false
48075,false,0,0.566,false
48091,false,0,0.966,false
48109,false,0,0.893,false
48141,false,0,0.914,false
48158,false,0,0.962,false
48175,false,0,0.965,false
48191,false,0,0.971,false
48207,false,0,0.966,false
48224,false,0,0.655,false
48241,false,0,0.543,false
48259,false,0,0.641,false
48276,false,0,0.715,false
48309,false,0,0.568,false
48325,false,0,0.582,false
48341,false,0,0.550,false
48358,false,0,0.535,false
48375,false,0,1.786,false
48391,false,0,0.514,false
48408,false,0,0.629,false
48424,false,0,0.738,false
48442,false,0,0.512,false
48458,false,0,0.513,false
48476,false,0,0.512,false
48508,false,0,0.541,false
48524,false,0,0.515,false
48541,false,0,0.550,false
48559,false,0,0.730,false
48575,false,0,0.539,false
48591,false,0,1.076,false
48607,false,0,0.513,false
48624,false,0,0.773,false
48642,false,0,0.533,false
48658,false,0,0.969,false
48675,false,0,0.548,false
48691,false,0,0.691,false
48709,false,0,0.656,false
48741,false,0,0.577,false
48757,false,0,0.531,false
48775,false,0,0.580,false
48791,false,0,0.521,false
48809,false,0,1.051,false
48825,false,0,0.546,false
48841,false,0,0.549,false
48859,false,0,0.401,false
48883,false,0,0.396,false
48900,false,0,0.519,false
48916,false,0,0.382,false
48932,false,0,0.383,false
48949,false,0,1.353,false
48966,false,0,0.401,false
48982,false,0,0.398,false
48999,false,0,0.399,false
49015,false,0,0.011,false
49032,false,0,0.019,false
49049,false,0,0.007,false
49065,false,0,0.007,false
49082,false,0,0.028,false
49099,false,0,0.021,false
49115,false,0,0.021,false
49132,false,0,0.011,false
49156,true,0,0.241,true
49173,true,0,1.304,true
49190,true,0,0.173,true
49207,true,0,0.180,true
49223,true,0,0.151,true
49240,true,0,0.161,true
49257,true,0,0.172,true
49273,true,0,0.155,true
49291,true,0,0.161,true
49307,true,0,0.157,true
49323,true,0,0.182,true
49340,true,0,0.159,true
49357,true,0,0.158,true
49373,true,0,0.184,true
49391,true,0,0.169,true
49407,true,0,0.148,true
49424,true,0,0.163,true
49440,true,0,0.158,true
49457,true,0,0.151,true
49474,true,0,0.151,true
49491,true,0,0.163,true
49508,true,0,0.151,true
49524,true,0,0.152,true
49543,true,0,0.183,true
49574,true,0,0.149,true
49590,true,0,0.224,true
49608,true,0,0.231,true
49624,true,0,0.156,true
49641,true,0,0.383,true
49657,true,0,0.178,true
49674,true,0,0.152,true
49691,true,0,0.152,true
49708,true,0,0.150,true
49724,true,0,0.149,true
49741,true,0,0.219,true
49757,true,0,0.150,true
49774,true,0,0.204,true
49791,true,0,0.153,true
49808,true,0,0.392,true
49824,true,0,0.215,true
49840,true,0,0.264,true
49857,true,0,0.261,true
49874,true,0,0.167,true
49891,true,0,0.187,true
49908,true,0,0.189,true
49924,true,0,0.194,true
49941,true,0,0.202,true
49957,true,0,0.180,true
49974,true,0,0.182,true
49991,true,0,0.154,true
50008,true,0,0.146,true
50024,true,0,0.150,true
50040,true,0,0.146,true
50057,true,0,0.155,true
50074,true,0,0.204,true
50091,true,0,0.152,true
50107,true,0,0.148,true
50125,true,0,0.146,true
50141,true,0,0.145,true
50157,true,0,0.147,true
50174,true,0,0.152,true
50190,true,0,0.155,true
50207,true,0,0.160,true
50225,true,0,0.157,true
50242,true,0,0.153,true
50274,true,0,0.153,true
50291,true,0,0.148,true
50307,true,0,0.155,true
50325,true,0,0.161,true
50341,true,0,0.151,true
50357,true,0,0.151,true
50374,true,0,0.148,true
50390,true,0,0.167,true
50407,true,0,0.168,true
50425,true,0,0.149,true
50441,true,0,0.180,true
50457,true,0,0.148,true
50474,true,0,0.147,true
50491,true,0,0.153,true
50508,true,0,0.169,true
50524,true,0,0.164,true
50542,true,0,0.151,true
50558,true,0,0.168,true
50574,true,0,0.161,true
50590,true,0,0.148,true
50607,true,0,0.146,true
50624,true,0,0.157,true
50641,true,0,0.157,true
50658,true,0,0.180,true
50674,true,0,0.154,true
50691,true,0,0.158,true
50707,true,0,0.150,true
50724,true,0,0.197,true
50741,true,0,0.182,true
50758,true,0,0.158,true
50774,true,0,0.149,true
50791,true,0,0.165,true
50807,true,0,0.152,true
50826,true,0,0.158,true
50859,true,0,0.156,true
50875,true,0,0.176,true
50891,true,0,0.152,true
50909,true,0,0.148,true
50926,true,0,0.146,true
50942,true,0,0.147,true
50959,true,0,0.167,true
50975,true,0,0.146,true
50991,true,0,0.147,true
51009,true,0,0.162,true
51025,true,0,0.150,true
51041,true,0,0.161,true
51059,true,0,0.177,true
51076,true,0,0.159,true
51093,true,0,0.171,true
51126,true,0,0.344,true
51143,true,0,0.238,true
51159,true,0,0.161,true
51177,true,0,0.153,true
51209,true,0,0.230,true
51225,true,1,0.393,true
51242,true,1,0.432,true
51259,true,1,0.358,true
51275,true,1,0.361,true
51292,true,1,0.389,true
51325,true,1,0.418,true
51341,true,1,0.407,true
51358,true,1,0.396,true
51376,true,1,0.427,true
51392,true,1,0.440,true
51409,true,1,0.929,true
51426,true,1,0.950,true
51442,true,1,0.453,true
51458,true,1,0.982,true
51476,true,1,1.986,true
51492,true,1,0.396,true
51508,true,1,0.395,true
51524,true,1,0.415,true
51542,true,1,0.431,true
51558,true,1,0.422,true
51575,true,1,0.426,true
51591,true,2,0.775,true
51607,true,2,0.707,true
51624,true,2,0.734,true
51641,true,2,0.636,true
51657,true,2,0.670,true
51675,true,2,0.673,true
51693,true,2,0.933,true
51724,true,2,0.911,true
51741,true,2,0.944,true
51757,true,2,0.981,true
51774,true,1,0.550,true
51791,true,1,0.686,true
51807,true,1,0.429,true
51824,true,1,0.423,true
51841,true,1,0.392,true
51857,true,1,0.391,true
51874,true,1,0.396,true
51891,true,1,0.647,true
51908,true,1,0.447,true
51924,true,1,0.446,true
51941,true,2,0.691,true
51957,true,2,0.685,true
51974,true,2,0.646,true
51990,true,2,0.643,true
52007,true,2,0.644,true
52024,true,2,0.959,true
52040,true,2,1.135,true
52057,true,2,1.231,true
52073,true,2,0.720,true
52091,true,2,1.852,true
52108,true,1,1.043,true
52124,true,1,1.392,true
52141,true,1,0.449,true
52157,true,2,0.635,true
52173,true,2,0.617,true
52191,true,2,0.617,true
52207,true,2,0.608,true
52224,true,2,0.621,true
52240,true,2,0.627,true
52256,true,2,0.652,true
52273,true,3,0.897,true
52291,true,3,0.839,true
52307,true,3,0.848,true
52324,true,3,0.832,true
52340,true,3,0.952,true
52357,true,3,0.887,true
52373,true,3,0.886,true
52390,true,3,0.885,true
52407,true,3,0.921,true
52423,true,2,0.644,true
52440,true,2,0.631,true
52457,true,2,0.638,true
52474,true,2,0.640,true
52490,true,2,0.637,true
52508,true,2,0.656,true
52524,true,2,0.658,true
52540,true,2,0.686,true
52557,true,2,0.714,true
52573,true,2,0.716,true
52590,true,2,0.714,true
52607,true,3,0.943,true
52624,true,3,0.967,true
52641,true,2,0.626,true
52657,true,2,0.631,true
52674,true,2,0.627,true
52690,true,2,0.924,true
52708,true,2,0.706,true
52724,true,2,0.669,true
52741,true,2,0.656,true
52757,true,2,0.645,true
52775,true,1,0.377,true
52792,true,1,0.387,true
52825,true,1,0.378,true
52841,true,1,0.412,true
52857,true,1,0.432,true
52874,true,1,0.389,true
52891,true,1,0.419,true
52908,true,1,0.416,true
52924,true,1,0.404,true
52940,true,1,0.433,true
52957,true,2,0.700,true
52973,true,2,0.618,true
52990,true,2,0.625,true
53008,true,2,0.635,true
53024,true,2,0.622,true
53040,true,2,0.643,true
53057,true,2,0.653,true
53073,true,2,0.652,true
53090,true,2,0.738,true
53125,true,1,0.651,true
53141,true,1,0.659,true
53157,true,1,0.637,true
53174,true,1,0.631,true
53190,true,2,1.139,true
53207,true,2,1.098,true
53224,true,2,0.785,true
53240,true,2,0.880,true
53257,true,2,1.097,true
53274,true,2,1.098,true
53290,true,2,1.101,true
53307,true,3,1.077,true
53324,true,3,1.053,true
53341,true,3,1.552,true
53357,true,3,1.527,true
53373,true,3,1.595,true
53390,true,3,1.048,true
53407,true,3,1.562,true
53424,true,3,1.089,true
53441,true,3,1.397,true
53474,true,2,1.062,true
53491,true,2,1.065,true
53507,true,2,1.324,true
53524,true,2,1.755,true
53541,true,2,1.338,true
53557,true,2,1.319,true
53574,true,2,1.408,true
53590,true,2,1.378,true
53607,true,2,1.419,true
53624,true,2,1.295,true
53640,true,2,0.704,true
53657,true,2,0.697,true
53673,true,3,1.624,true
53690,true,3,0.958,true
53708,true,2,0.655,true
53724,true,2,1.055,true
53741,true,2,0.746,true
53757,true,2,1.199,true
53773,true,2,0.874,true
53790,true,2,0.745,true
53807,true,2,1.006,true
53824,true,1,0.399,true
53841,true,1,0.684,true
53857,true,1,0.545,true
53874,true,1,0.441,true
53891,true,1,0.450,true
53907,true,1,0.583,true
53924,true,1,0.572,true
53941,true,1,0.603,true
53958,true,1,0.482,true
53974,true,1,0.615,true
53991,true,1,0.534,true
54007,true,1,0.440,true
54025,true,2,0.834,true
54057,true,2,0.743,true
54074,true,2,0.647,true
54090,true,2,1.282,true
54107,true,2,1.118,true
54124,true,2,1.167,true
54141,true,2,1.207,true
54158,true,2,1.360,true
54174,true,1,0.922,true
54190,true,1,0.401,true
54207,true,1,0.396,true
54224,true,1,0.397,true
54241,true,1,0.410,true
54258,true,1,0.398,true
54274,true,1,0.395,true
54291,true,1,0.387,true
54307,true,1,0.500,true
54324,true,1,0.415,true
54340,true,1,0.424,true
54358,true,1,0.423,true
54374,true,2,0.653,true
54390,true,2,0.648,true
54407,true,2,2.225,true
54423,true,2,0.840,true
54440,true,2,1.878,true
54458,true,2,0.655,true
54474,true,2,1.853,true
54490,true,2,0.632,true
54507,true,2,0.685,true
54524,true,1,0.923,true
54541,true,1,0.379,true
54558,true,1,0.440,true
54574,true,1,1.688,true
54590,true,1,0.399,true
54607,true,1,0.386,true
54624,true,1,0.386,true
54640,true,1,1.923,true
54657,true,1,0.407,true
54674,true,1,0.426,true
54691,true,1,0.874,true
54707,true,1,1.850,true
54724,true,2,0.609,true
54741,true,2,0.606,true
54757,true,2,1.737,true
54775,true,2,2.661,true
54791,true,2,0.990,true
54807,true,2,0.781,true
54824,true,2,0.707,true
54840,true,2,0.684,true
54857,true,2,0.651,true
54892,true,1,0.644,true
54908,true,1,0.647,true
54924,true,1,0.501,true
54941,true,1,0.401,true
54957,true,2,1.060,true
54974,true,2,1.039,true
54991,true,2,1.099,true
55007,true,2,1.075,true
55024,true,2,1.071,true
55040,true,2,1.109,true
55057,true,2,0.654,true
55075,true,3,1.009,true
55091,true,3,1.468,true
55107,true,3,1.935,true
55123,true,3,0.938,true
55140,true,3,1.507,true
55156,true,3,1.324,true
55174,true,3,1.428,true
55190,true,3,1.155,true
55206,true,3,1.477,true
55223,true,3,1.580,true
55241,true,2,0.896,true
55257,true,2,2.080,true
55274,true,2,0.914,true
55291,true,2,0.954,true
55307,true,2,1.121,true
55324,true,2,1.203,true
55340,true,2,1.068,true
55357,true,2,0.999,true
55373,true,2,0.833,true
55391,true,2,0.680,true
55407,true,2,0.742,true
55424,true,3,1.584,true
55440,true,3,0.963,true
55457,true,3,0.911,true
55474,true,2,0.651,true
55491,true,2,0.784,true
55507,true,2,0.666,true
55524,true,2,0.684,true
55540,true,2,1.145,true
55557,true,2,0.669,true
55573,true,2,1.202,true
55590,true,1,0.373,true
55608,true,1,0.465,true
55624,true,1,0.409,true
55640,true,1,0.653,true
55657,true,1,0.413,true
55674,true,1,0.408,true
55692,true,1,0.406,true
55708,true,1,0.667,true
55724,true,1,0.632,true
55740,true,1,0.710,true
55757,true,1,0.691,true
55774,true,1,0.706,true
55790,true,2,0.983,true
55807,true,2,0.671,true
55824,true,2,0.949,true
55840,true,2,0.704,true
55857,true,2,1.015,true
55874,true,2,0.656,true
55890,true,2,0.692,true
55908,true,2,1.126,true
55924,true,2,0.665,true
55944,true,1,0.635,true
55975,true,1,0.501,true
56008,true,1,0.637,true
56024,true,2,0.826,true
56040,true,2,1.092,true
56057,true,2,0.824,true
56074,true,2,1.037,true
56090,true,2,1.106,true
56108,true,2,1.047,true
56124,true,2,1.103,true
56140,true,3,1.433,true
56157,true,3,0.939,true
56174,true,3,0.891,true
56190,true,3,0.949,true
56207,true,3,1.552,true
56224,true,3,0.943,true
56240,true,3,0.994,true
56257,true,3,1.071,true
56273,true,3,3.114,true
56291,true,2,0.624,true
56308,true,2,0.870,true
56324,true,2,0.977,true
56340,true,2,1.009,true
56357,true,2,0.800,true
56374,true,2,0.771,true
56390,true,2,0.809,true
56407,true,2,0.937,true
56424,true,2,0.854,true
56440,true,2,0.824,true
56457,true,2,0.829,true
56474,true,2,0.707,true
56490,true,3,1.061,true
56507,true,3,2.747,true
56524,true,3,1.713,true
56541,true,2,0.680,true
56558,true,2,0.670,true
56574,true,2,1.022,true
56590,true,2,1.312,true
56607,true,2,0.756,true
56625,true,2,0.754,true
56641,true,1,0.404,true
56658,true,1,0.414,true
56675,true,1,0.416,true
56691,true,1,0.470,true
56707,true,1,0.613,true
56724,true,1,0.533,true
56741,true,1,0.433,true
56757,true,1,0.493,true
56774,true,1,0.674,true
56790,true,1,0.649,true
56807,true,1,0.738,true
56824,true,1,0.715,true
56841,true,2,1.075,true
56857,true,2,0.887,true
56874,true,2,1.037,true
56890,true,2,1.290,true
56908,true,2,1.055,true
56924,true,2,1.258,true
56940,true,2,1.193,true
56957,true,2,1.012,true
56973,true,2,0.722,true
56990,true,1,0.565,true
57007,true,1,0.556,true
57024,true,1,0.675,true
57041,true,1,0.637,true
57057,true,1,1.295,true
57074,true,1,0.469,true
57091,true,1,0.447,true
57107,true,1,0.475,true
57124,true,1,0.686,true
57141,true,1,0.706,true
57158,true,1,0.693,true
57174,true,1,0.866,true
57191,true,2,1.123,true
57208,true,2,1.060,true
57225,true,2,1.150,true
57241,true,2,1.063,true
57258,true,2,0.691,true
57274,true,2,0.620,true
57290,true,2,1.094,true
57307,true,2,1.453,true
57324,true,2,1.821,true
57340,true,2,1.166,true
57358,true,1,0.670,true
57375,true,1,0.590,true
57407,true,1,0.422,true
57423,true,1,0.696,true
57441,true,1,0.613,true
57458,true,1,0.703,true
57474,true,1,0.398,true
57491,true,1,0.474,true
57507,true,1,0.451,true
57524,true,1,0.432,true
57543,true,1,0.403,true
57574,true,2,0.897,true
57590,true,2,0.660,true
57607,true,2,0.773,true
57623,true,2,0.635,true
57640,true,2,0.872,true
57657,true,2,1.363,true
57674,true,2,2.328,true
57691,true,2,3.344,true
57708,true,1,0.411,true
57725,true,1,0.430,true
57758,true,1,0.433,true
57774,true,1,0.389,true
57790,true,2,0.745,true
57807,true,2,0.638,true
57824,true,2,0.644,true
57840,true,2,0.669,true
57858,true,2,0.749,true
57874,true,2,0.631,true
57891,true,2,0.631,true
57907,true,3,0.977,true
57924,true,3,0.952,true
57940,true,3,1.120,true
57958,true,3,1.854,true
57974,true,3,1.213,true
57991,true,3,1.322,true
58007,true,3,1.890,true
58023,true,3,1.142,true
58040,true,3,0.913,true
58057,true,2,0.624,true
58074,true,2,1.160,true
58091,true,2,1.064,true
58107,true,2,0.722,true
58124,true,2,0.686,true
58141,true,2,1.580,true
58157,true,2,1.231,true
58174,true,2,1.037,true
58191,true,2,1.237,true
58207,true,2,0.669,true
58224,true,2,0.918,true
58240,true,2,1.209,true
58257,true,3,2.677,true
58275,true,3,1.809,true
58291,true,2,0.923,true
58307,true,2,0.617,true
58324,true,2,0.641,true
58340,true,2,1.176,true
58357,true,2,0.632,true
58374,true,2,0.674,true
58391,true,2,0.673,true
58407,true,1,0.373,true
58424,true,1,0.389,true
58441,true,1,0.493,true
58457,true,1,0.387,true
58474,true,1,0.539,true
58491,true,1,0.421,true
58508,true,1,0.388,true
58524,true,1,0.453,true
58541,true,1,0.431,true
58557,true,1,0.403,true
58574,true,1,0.566,true
58591,true,1,0.494,true
58607,true,2,1.114,true
58623,true,2,0.840,true
58640,true,2,1.332,true
58657,true,2,1.086,true
58675,true,2,0.810,true
58707,true,2,0.718,true
58724,true,2,0.699,true
58740,true,2,0.986,true
58757,true,2,1.604,true
58774,true,1,0.766,true
58791,true,1,0.714,true
58807,true,1,0.630,true
58825,true,1,0.628,true
58857,true,2,0.815,true
58874,true,2,0.653,true
58891,true,2,0.633,true
58908,true,2,0.848,true
58941,true,2,0.983,true
58957,true,3,1.498,true
58973,true,3,1.505,true
58991,true,3,1.460,true
59007,true,3,1.552,true
59024,true,3,0.948,true
59040,true,3,1.501,true
59057,true,3,0.904,true
59073,true,3,1.027,true
59091,true,3,1.113,true
59107,true,3,1.600,true
59124,true,2,1.292,true
59143,true,2,1.132,true
59174,true,2,1.316,true
59191,true,2,1.853,true
59208,true,2,1.157,true
59224,true,2,1.932,true
59240,true,2,1.357,true
59257,true,2,3.707,true
59273,true,2,0.835,true
59291,true,2,0.672,true
59307,true,3,0.949,true
59323,true,3,3.376,true
59340,true,3,1.221,true
59357,true,2,0.797,true
59374,true,2,0.665,true
59390,true,2,0.821,true
59407,true,2,0.765,true
59424,true,2,1.039,true
59440,true,2,0.838,true
59457,true,2,1.245,true
59474,true,1,0.676,true
59491,true,1,0.636,true
59508,true,1,0.547,true
59525,true,1,0.410,true
59541,true,1,0.666,true
59557,true,1,0.714,true
59574,true,1,0.763,true
59591,true,1,0.424,true
59608,true,1,0.475,true
59624,true,1,0.695,true
59640,true,1,0.701,true
59657,true,1,0.548,true
59674,true,2,0.738,true
59690,true,2,0.760,true
59708,true,2,0.699,true
59724,true,2,1.138,true
59740,true,2,0.978,true
59758,true,2,0.985,true
59774,true,2,0.790,true
59790,true,2,0.756,true
59807,true,2,0.750,true
59824,true,1,0.410,true
59840,true,1,0.452,true
59857,true,1,0.425,true
59874,true,1,0.394,true
59891,true,1,0.647,true
59907,true,1,0.386,true
59925,true,1,0.385,true
59941,true,1,0.483,true
59957,true,1,1.664,true
59974,true,1,0.398,true
59990,true,1,0.409,true
60007,true,1,0.420,true
60024,true,2,0.625,true
60041,true,2,1.963,true
60057,true,2,0.610,true
60074,true,2,1.192,true
60090,true,2,0.857,true
60108,true,2,1.858,true
60125,true,2,0.651,true
60141,true,2,2.101,true
60157,true,2,0.690,true
60174,true,1,0.406,true
60191,true,1,0.394,true
60208,true,1,0.377,true
60224,true,1,0.391,true
60241,true,1,0.414,true
60257,true,1,0.389,true
60274,true,1,0.385,true
60291,true,1,0.405,true
60307,true,1,0.435,true
60324,true,1,0.459,true
60341,true,1,0.401,true
60358,true,1,0.401,true
60374,true,2,0.643,true
60390,true,2,0.672,true
60407,true,2,0.625,true
60426,true,2,0.652,true
60457,true,2,0.708,true
60474,true,2,0.706,true
60491,true,2,0.665,true
60507,true,2,0.755,true
60523,true,1,0.386,true
60541,true,1,0.382,true
60558,true,1,0.469,true
60574,true,1,0.375,true
60591,true,1,0.664,true
60607,true,2,0.607,true
60623,true,2,0.975,true
60641,true,2,0.619,true
60658,true,2,0.604,true
60674,true,2,0.749,true
60691,true,2,1.130,true
60708,true,2,0.735,true
60724,true,3,1.371,true
60743,true,3,0.973,true
60774,true,3,1.375,true
60790,true,3,1.498,true
60807,true,3,1.621,true
60823,true,3,1.631,true
60841,true,3,1.524,true
60858,true,3,0.960,true
60891,true,2,0.809,true
60908,true,2,1.112,true
60924,true,2,1.187,true
60940,true,2,1.152,true
60958,true,2,1.135,true
60974,true,2,1.126,true
60990,true,2,1.086,true
61007,true,2,0.960,true
61023,true,2,1.339,true
61040,true,2,0.933,true
61057,true,2,1.185,true
61074,true,3,1.663,true
61090,true,3,1.666,true
61107,true,3,1.429,true
61124,true,2,1.106,true
61141,true,2,1.093,true
61157,true,2,1.204,true
61174,true,2,1.219,true
61190,true,2,0.649,true
61207,true,2,0.677,true
61224,true,2,0.673,true
61240,true,1,0.402,true
61258,true,1,0.406,true
61274,true,1,0.439,true
61290,true,1,0.381,true
61307,true,1,0.586,true
61324,true,1,0.406,true
61340,true,1,0.392,true
61357,true,1,0.391,true
61374,true,2,0.636,true
61390,true,2,0.609,true
61407,true,1,0.462,true
61423,true,3,0.891,true
61440,true,3,0.867,true
61457,true,3,1.009,true
61474,true,3,0.910,true
61490,true,3,1.015,true
61507,true,3,0.913,true
61523,true,3,0.926,true
61540,true,3,0.926,true
61557,true,3,0.906,true
61575,true,3,0.948,true
61607,true,2,0.653,true
61624,true,2,0.669,true
61640,true,2,0.722,true
61657,true,2,0.808,true
61675,true,2,0.648,true
61691,true,2,0.878,true
61707,true,2,0.881,true
61724,true,2,0.692,true
61740,true,2,1.042,true
61757,true,2,0.720,true
61774,true,2,0.789,true
61790,true,2,0.716,true
61807,true,2,0.715,true
61823,true,2,0.724,true
61840,true,2,0.779,true
61857,true,2,0.728,true
61875,true,2,0.810,true
61891,true,2,0.870,true
61907,true,2,1.067,true
61924,true,2,1.093,true
61941,true,0,0.149,true
61957,true,0,0.178,true
61975,true,0,0.219,true
61991,true,0,0.155,true
62007,true,0,0.171,true
62025,true,0,0.152,true
62057,true,0,0.148,true
62073,true,0,0.155,true
62091,true,0,0.173,true
62108,true,0,0.149,true
62124,true,0,0.150,true
62141,true,0,0.230,true
62157,true,0,0.276,true
62174,true,0,0.154,true
62191,true,0,0.154,true
62207,true,0,0.224,true
62224,true,0,0.172,true
62240,true,0,0.298,true
62257,true,0,0.219,true
62274,true,0,0.222,true
62291,true,0,0.204,true
62308,true,0,0.244,true
62324,true,0,0.248,true
62343,true,0,0.276,true
62374,true,0,0.244,true
62391,true,0,0.234,true
62407,true,0,0.257,true
62423,true,0,0.159,true
62440,true,0,0.193,true
62457,true,0,0.156,true
62474,true,0,0.154,true
62492,true,0,0.253,true
62508,true,0,0.222,true
62524,true,1,0.371,true
62540,true,1,0.479,true
62557,true,1,0.483,true
62574,true,1,0.638,true
62591,true,1,0.442,true
62607,true,1,0.430,true
62623,true,1,0.453,true
62640,true,1,0.367,true
62657,true,1,0.373,true
62673,true,1,0.393,true
62690,true,1,0.404,true
62708,true,1,0.421,true
62724,true,1,0.442,true
62740,true,1,0.427,true
62757,true,1,2.088,true
62773,true,1,0.409,true
62790,true,1,0.417,true
62807,true,1,0.414,true
62824,true,1,0.761,true
62840,true,1,0.431,true
62857,true,1,0.470,true
62873,true,1,0.442,true
62890,true,1,0.467,true
62908,true,1,0.443,true
62924,true,1,0.441,true
62941,true,1,0.514,true
62957,true,3,1.287,true
62974,true,3,0.957,true
62991,true,3,0.916,true
63008,true,2,0.996,true
63024,true,2,0.617,true
63040,true,2,0.602,true
63057,true,2,0.633,true
63074,true,2,0.603,true
63090,true,2,0.819,true
63108,true,2,1.134,true
63124,true,2,1.155,true
63140,true,2,1.168,true
63157,true,2,1.230,true
63173,true,2,0.697,true
63190,true,2,1.896,true
63207,true,2,1.261,true
63224,true,2,1.286,true
63240,true,2,1.811,true
63257,true,2,1.788,true
63273,true,2,1.290,true
63290,true,2,2.690,true
63307,true,3,1.148,true
63324,true,3,1.500,true
63358,true,1,0.618,true
63374,true,1,0.427,true
63391,true,1,0.893,true
63407,true,1,0.391,true
63424,true,1,0.453,true
63441,true,1,2.058,true
63457,true,1,0.418,true
63473,true,1,0.405,true
63490,true,1,0.410,true
63507,true,1,0.698,true
63524,true,1,0.442,true
63541,true,1,0.431,true
63557,true,1,0.471,true
63574,true,1,0.559,true
63590,true,3,1.376,true
63606,true,3,1.567,true
63625,true,3,1.491,true
63656,true,3,1.564,true
63674,true,3,1.620,true
63690,true,3,1.616,true
63708,true,2,1.022,true
63725,true,2,1.026,true
63741,true,2,1.045,true
63757,true,2,0.687,true
63773,true,2,0.644,true
63790,true,2,1.358,true
63807,true,2,0.669,true
63823,true,2,1.200,true
63841,true,2,1.530,true
63857,true,2,1.144,true
63874,true,2,1.329,true
63891,true,2,1.208,true
63907,true,2,1.204,true
63923,true,2,1.282,true
63943,true,3,1.065,true
63973,true,3,0.911,true
63992,true,3,1.061,true
64023,true,3,1.640,true
64041,true,3,3.336,true
64057,true,1,0.708,true
64074,true,1,0.726,true
64092,true,1,0.640,true
64124,true,1,0.698,true
64142,true,1,0.645,true
64158,true,1,0.733,true
64174,true,1,0.948,true
64190,true,1,0.403,true
64207,true,1,0.437,true
64223,true,1,0.548,true
64241,true,1,0.446,true
64257,true,1,0.781,true
64273,true,1,0.636,true
64290,true,2,1.094,true
64307,true,3,2.449,true
64323,true,3,1.534,true
64341,true,3,1.486,true
64357,true,3,1.541,true
64373,true,3,1.620,true
64390,true,3,1.611,true
64407,true,2,1.041,true
64424,true,2,1.024,true
64441,true,2,1.034,true
64458,true,2,1.045,true
64475,true,2,1.039,true
64491,true,2,1.075,true
64507,true,2,1.070,true
64524,true,2,1.117,true
64540,true,2,1.094,true
64558,true,2,1.137,true
64574,true,2,1.177,true
64590,true,2,1.142,true
64607,true,2,1.154,true
64623,true,2,1.215,true
64640,true,2,1.182,true
64657,true,3,1.625,true
64674,true,3,1.600,true
64690,true,3,1.693,true
64707,true,3,1.653,true
64724,true,3,1.714,true
64740,true,3,1.977,true
64774,true,1,0.610,true
64791,true,1,0.676,true
64807,true,1,0.790,true
64824,true,1,0.708,true
64840,true,1,0.707,true
64858,true,1,0.696,true
64874,true,1,0.450,true
64890,true,1,0.478,true
64907,true,1,0.420,true
64924,true,1,0.428,true
64940,true,1,0.431,true
64958,true,1,0.418,true
64974,true,1,0.409,true
64990,true,1,0.444,true
65007,true,3,0.839,true
65023,true,3,0.926,true
65040,true,3,0.860,true
65057,true,3,0.868,true
65074,true,3,0.857,true
65091,true,3,0.874,true
65107,true,3,0.868,true
65124,true,2,0.608,true
65141,true,2,0.671,true
65157,true,2,0.702,true
65174,true,2,0.617,true
65191,true,2,0.618,true
65207,true,2,0.644,true
65225,true,2,0.644,true
65241,true,3,0.828,true
65257,true,3,0.880,true
65274,true,3,0.869,true
65290,true,3,1.088,true
65307,true,3,0.855,true
65323,true,3,0.979,true
65340,true,3,0.898,true
65357,true,4,1.128,true
65374,true,4,1.360,true
65390,true,4,1.164,true
65407,true,4,1.247,true
65423,true,4,1.199,true
65440,true,4,1.298,true
65456,true,4,3.393,true
65474,true,2,0.868,true
65491,true,2,0.784,true
65507,true,2,0.905,true
65524,true,2,0.631,true
65540,true,2,0.622,true
65557,true,2,1.821,true
65575,true,2,0.664,true
65591,true,2,1.019,true
65607,true,2,0.721,true
65623,true,2,1.019,true
65640,true,2,0.763,true
65657,true,2,0.809,true
65674,true,2,1.271,true
65690,true,2,0.813,true
65707,true,3,1.048,true
65724,true,3,0.855,true
65740,true,3,0.896,true
65757,true,3,1.057,true
65773,true,3,1.812,true
65790,true,3,1.162,true
65807,true,3,2.673,true
65823,true,2,2.198,true
65840,true,2,1.419,true
65857,true,2,4.167,true
65874,true,2,0.807,true
65891,true,2,3.187,true
65907,true,2,0.928,true
65923,true,2,0.918,true
65940,true,2,0.729,true
65957,true,2,0.805,true
65974,true,2,0.791,true
65991,true,2,0.947,true
66008,true,2,0.935,true
66040,true,2,0.910,true
66057,true,3,1.094,true
66073,true,3,1.082,true
66091,true,3,1.166,true
66108,true,3,1.117,true
66124,true,3,1.085,true
66141,true,3,1.991,true
66157,true,3,1.944,true
66174,true,3,4.847,true
66190,true,3,1.177,true
66207,true,3,1.088,true
66223,true,3,1.176,true
66240,true,3,1.096,true
66257,true,3,2.337,true
66273,true,3,1.213,true
66290,true,3,1.058,true
66308,true,3,1.285,true
66341,true,1,1.355,true
66357,true,1,1.589,true
66374,true,1,1.044,true
66390,true,1,1.170,true
66408,true,2,0.974,true
66424,true,3,1.063,true
66440,true,3,1.265,true
66474,true,3,1.171,true
66491,true,3,2.056,true
66508,true,3,1.506,true
66524,true,3,1.099,true
66541,true,3,1.496,true
66557,true,3,1.939,true
66574,true,3,2.809,true
66590,true,3,2.854,true
66608,true,3,2.556,true
66624,true,3,1.600,true
66640,true,3,1.967,true
66657,true,3,1.772,true
66674,true,3,1.761,true
66691,true,3,1.871,true
66708,true,3,1.834,true
66725,true,3,1.336,true
66741,true,3,1.858,true
66757,true,3,1.300,true
66774,true,3,1.919,true
66790,true,3,1.065,true
66807,true,3,2.066,true
66824,true,3,1.791,true
66841,true,3,2.445,true
66857,true,3,1.812,true
66873,true,3,1.808,true
66891,true,3,1.791,true
66907,true,3,1.736,true
66925,true,3,1.703,true
66941,true,3,3.477,true
66957,true,3,1.111,true
66974,true,3,1.019,true
66991,true,3,1.078,true
67007,true,3,1.313,true
67024,true,3,1.134,true
67040,true,3,1.134,true
67057,true,3,1.075,true
67074,true,3,1.089,true
67091,true,3,0.995,true
67107,true,3,0.993,true
67125,true,3,1.128,true
67141,true,3,1.422,true
67157,true,3,1.852,true
67174,true,3,1.747,true
67190,true,3,1.966,true
67207,true,3,1.754,true
67224,true,3,2.674,true
67240,true,3,1.791,true
67257,true,3,1.768,true
67274,true,2,1.737,true
67291,true,0,1.873,true
67307,false,0,0.013,false
67324,false,0,0.016,false
67342,false,0,0.016,false
67358,false,0,0.018,false
67374,false,0,0.020,false
67391,false,0,0.016,false
67407,false,0,0.014,false
67424,false,0,0.015,false
67441,false,0,0.014,false
67459,false,0,0.009,false
67490,false,0,0.013,false
67507,false,0,0.013,false
67524,false,0,0.011,false
67541,false,0,0.012,false
67557,false,0,0.013,false
67574,false,0,0.014,false
67590,false,0,0.018,false
67607,false,0,0.018,false
67624,false,0,0.028,false
67641,false,0,0.016,false
67657,false,0,0.428,false
67673,false,0,0.262,false
67690,false,0,0.338,false
67707,false,0,0.261,false
67724,false,0,0.500,false
67741,false,0,0.476,false
67757,false,0,0.485,false
67776,false,0,0.355,false
67807,false,0,0.292,false
67823,false,0,0.265,false
67841,false,0,0.530,false
67857,false,0,0.481,false
67874,false,0,0.273,false
67890,false,0,0.302,false
67907,false,0,0.268,false
67924,false,0,0.290,false
67941,false,0,0.305,false
67958,false,0,0.321,false
67974,false,0,0.261,false
67990,false,0,0.306,false
68007,false,0,0.261,false
68023,false,0,1.042,false
68040,false,0,0.320,false
68057,false,0,0.259,false
68075,false,0,0.325,false
68091,false,0,0.303,false
68109,false,0,0.321,false
68141,false,0,0.006,true
68158,false,0,0.009,true
68175,false,0,0.012,true
68192,false,0,0.006,true
68209,false,0,0.006,true
68242,false,0,0.006,true
68258,false,0,0.009,false
68275,false,0,0.012,false
68292,false,0,0.014,false
68308,false,0,0.012,false
68325,false,0,0.009,false
68342,false,0,0.011,false
68358,false,0,0.013,false
68375,false,0,0.008,false
68391,false,0,0.007,false
68408,false,0,0.261,false
68424,false,0,0.274,false
68442,false,0,0.256,false
68458,false,0,0.256,false
68475,false,0,0.255,false
68492,false,0,0.265,false
68525,false,0,0.291,false
68541,false,0,0.286,false
68558,false,0,0.265,false
68575,false,0,0.259,false
68592,false,0,0.254,false
68608,false,0,0.410,false
68624,false,0,0.455,false
68642,false,0,0.256,false
68658,false,0,0.415,false
68675,false,0,0.495,false
68693,false,0,0.387,false
68725,false,0,0.477,false
68743,false,0,0.472,false
68776,false,0,0.482,false
68792,false,0,0.471,false
68809,false,0,0.264,false
68825,false,0,0.475,false
68842,false,0,0.341,false
68858,false,0,0.254,false
68874,false,0,0.324,false
68892,false,0,0.630,false
68908,false,0,0.477,false
68924,false,0,0.495,false
68942,false,0,0.271,false
68958,false,0,0.463,false
68974,false,0,0.297,false
68991,false,0,0.497,false
69008,false,0,0.333,false
69024,false,0,1.154,false
69042,false,0,0.483,false
69059,false,0,0.459,false
69075,false,0,0.462,false
69092,false,0,0.528,false
69109,false,0,0.469,false
69142,false,0,0.498,false
69159,false,0,0.473,false
69175,false,0,0.484,false
69191,false,0,0.508,false
69208,false,0,0.459,false
69225,false,0,0.280,false
69241,false,0,0.254,false
69259,false,0,0.489,false
69292,false,0,0.537,false
69308,false,0,0.451,false
69324,false,0,0.307,false
69341,false,0,0.253,false
69358,false,0,0.273,false
69375,false,0,0.257,false
69392,false,0,0.461,false
69409,false,0,0.263,false
69425,false,0,0.253,false
69441,false,0,0.277,false
69458,false,0,0.532,false
69475,false,0,0.447,false
69492,false,0,0.338,false
69509,false,0,0.298,false
69525,false,0,0.256,false
69541,false,0,0.462,false
69558,false,0,0.410,false
69574,false,0,0.254,false
69591,false,0,0.262,false
69608,false,0,0.755,false
69624,false,0,0.465,false
69641,false,0,0.504,false
69657,false,0,0.254,false
69674,false,0,0.252,false
69692,false,0,0.255,false
69710,false,0,0.265,false
69742,false,0,0.255,false
69758,false,0,0.255,false
69774,false,0,0.257,false
69792,false,0,0.516,false
69808,false,0,0.312,false
69825,false,0,0.461,false
69842,false,0,0.455,false
69874,false,0,0.451,false
69891,false,0,0.618,false
69908,false,0,0.461,false
69925,false,0,0.485,false
69942,false,0,0.356,false
69958,false,0,0.259,false
69975,false,0,0.322,false
69992,false,0,0.458,false
70026,false,0,0.259,false
70042,false,0,0.272,false
70058,false,0,0.274,false
70076,false,0,0.265,false
70108,false,0,0.316,false
70125,false,0,0.257,false
70142,false,0,0.259,false
70158,false,0,0.258,false
70174,false,0,0.260,false
70192,false,0,0.258,false
70208,false,0,0.258,false
70225,false,0,0.353,false
70242,false,0,0.278,false
70258,false,0,0.536,false
70275,false,0,0.475,false
70292,false,0,0.482,false
70308,false,0,0.468,false
70325,false,0,0.454,false
70344,false,0,0.424,false
70375,false,0,0.533,false
70391,false,0,0.484,false
70408,false,0,0.274,false
70424,false,0,0.255,false
70442,false,0,0.476,false
70459,false,0,0.257,false
70475,false,0,0.273,false
70492,false,0,0.460,false
70508,false,0,0.406,false
70525,false,0,0.257,false
70541,false,0,0.256,false
70558,false,0,0.255,false
70574,false,0,0.271,false
70591,false,0,0.254,false
70608,false,0,0.271,false
70624,false,0,0.261,false
70641,false,0,0.255,false
70657,false,0,0.255,false
70674,false,0,0.269,false
70691,false,0,0.265,false
70708,false,0,0.268,false
70725,false,0,0.261,false
70741,false,0,0.256,false
70757,false,0,0.260,false
70774,false,0,0.259,false
70791,false,0,0.272,false
70808,false,0,0.270,false
70825,false,0,0.274,false
70841,false,0,0.267,false
70858,false,0,0.254,false
70874,false,0,0.274,false
70891,false,0,0.254,false
70908,false,0,0.269,false
70925,false,0,0.262,false
70942,false,0,0.261,false
70966,false,0,0.291,false
70985,false,0,0.335,false
71007,false,0,0.257,false
71024,false,0,0.255,false
71041,false,0,0.255,false
71057,false,0,0.254,false
71074,false,0,0.258,false
71091,false,0,0.263,false
71107,false,0,0.271,false
71124,false,0,0.284,false
71141,false,0,0.017,false
71157,false,0,0.016,false
71175,false,0,0.010,false
71191,false,0,0.007,false
71207,false,0,0.007,false
71224,false,0,0.005,true
71241,false,0,0.004,true
71258,false,0,0.005,true
71275,false,0,0.005,true
71291,false,0,0.006,true
71308,false,0,0.006,true
71358,false,0,0.005,true
71374,false,0,0.005,true
71391,false,0,0.007,true
71408,false,0,0.006,true
71424,false,0,0.006,true
71441,false,0,0.008,true
71458,false,0,0.005,true
71474,false,0,0.004,true
71491,false,0,0.007,true
71507,false,0,0.004,true
71524,false,0,0.004,true
71541,false,0,0.005,true
71558,false,0,0.004,true
71575,false,0,0.006,true
71591,false,0,0.005,true
71607,false,0,0.003,true
71625,false,0,0.005,true
71658,false,0,0.005,true
71675,false,0,0.009,false
71691,false,0,0.006,false
71707,false,0,0.005,false
71724,false,0,0.033,false
71741,false,0,0.006,false
71757,false,0,0.020,false
71775,false,0,0.016,false
71791,false,0,0.017,false
71807,false,0,0.024,false
71824,false,0,0.017,false
71840,false,0,0.014,false
71857,false,0,0.017,false
71874,false,0,0.012,false
71891,false,0,0.013,false
71907,false,0,0.021,false
71924,false,0,0.014,false
71943,false,0,0.014,false
71974,false,0,0.014,false
71991,false,0,0.014,false
72007,false,0,0.011,false
72023,false,0,0.009,false
72040,false,0,0.012,false
72057,false,0,0.012,false
72073,false,0,0.007,false
72091,false,0,0.010,false
72108,false,0,0.011,false
72124,false,0,0.011,false
72141,false,0,0.013,false
72157,false,0,0.021,false
72174,false,0,0.015,false
72191,false,0,0.014,false
72207,false,0,0.019,false
72224,false,0,0.009,false
72240,false,0,0.006,false
72257,false,0,0.007,false
72273,false,0,0.006,false
72291,false,0,0.008,false
72308,false,0,0.007,false
72324,false,0,0.006,false
72341,false,0,0.006,false
72357,false,0,0.011,false
72374,false,0,0.012,false
72391,false,0,0.012,false
72408,false,0,0.007,false
72424,false,0,0.005,false
72440,false,0,0.020,false
72457,false,0,0.013,false
72474,false,0,0.008,false
72491,false,0,0.008,false
72508,false,0,0.069,false
72524,false,0,0.007,false
72541,false,0,0.007,false
72558,false,0,0.008,false
72575,false,0,0.007,false
72609,false,0,0.013,false
72625,false,0,0.010,false
72642,false,0,0.011,false
72658,false,0,0.009,false
72675,false,0,0.013,false
72691,false,0,0.008,false
72709,false,0,0.007,false
72725,false,0,0.007,false
72743,false,0,0.015,false
72775,false,0,0.020,false
72791,false,0,0.022,false
72808,false,0,0.015,false
72826,false,0,0.022,false
72842,false,0,0.016,false
72858,false,0,0.018,false
72876,false,0,0.017,false
72893,false,0,0.014,false
72911,false,0,0.017,false
72942,false,0,0.032,false
72958,false,0,0.015,false
72975,false,0,0.019,false
72992,false,0,0.016,false
73008,false,0,0.015,false
73025,false,0,0.014,false
73042,false,0,0.015,false
73058,false,0,0.013,false
73075,false,0,0.010,false
73092,false,0,0.019,false
73108,false,0,0.015,false
73125,false,0,0.014,false
73142,false,0,0.017,false
73158,false,0,0.020,false
73175,false,0,0.017,false
73192,false,0,0.014,false
73208,false,0,0.015,false
73226,false,0,0.029,false
73258,false,0,0.013,false
73275,false,0,0.012,false
73293,false,0,0.015,false
73309,false,0,0.014,false
73325,false,0,0.013,false
73341,false,0,0.013,false
73357,false,0,0.013,false
73374,false,0,0.014,false
73391,false,0,0.013,false
73408,false,0,0.015,false
