time_ms,gameplay,notes,processing_ms,hud_visible
0,false,0,26.836,false
16,false,0,0.039,false
32,false,0,0.054,false
50,false,0,0.041,false
67,false,0,0.034,false
91,false,0,0.701,false
107,false,0,0.468,false
124,false,0,0.027,false
140,false,0,0.042,false
157,false,0,0.036,false
174,false,0,0.054,false
199,false,0,0.056,false
232,false,0,0.032,false
249,false,0,0.041,false
274,false,0,0.034,false
332,false,0,0.042,false
348,false,0,0.039,false
365,false,0,0.047,false
382,false,0,0.043,false
450,false,0,0.032,false
466,false,0,0.038,false
483,false,0,0.069,false
582,false,0,0.038,false
632,false,0,0.043,false
649,false,0,0.062,false
666,false,0,0.043,false
682,false,0,0.041,false
733,false,0,0.079,false
749,false,0,0.045,false
782,false,0,0.046,false
817,false,0,0.037,false
849,false,0,0.040,false
883,false,0,0.034,false
900,false,0,0.059,false
916,false,0,0.034,false
967,false,0,0.043,false
1000,false,0,0.034,false
1034,false,0,0.047,false
1066,false,0,0.045,false
1100,false,0,0.040,false
1132,false,0,0.045,false
1166,false,0,0.045,false
1200,false,0,0.545,false
1233,false,0,0.036,false
1266,false,0,0.030,false
1299,false,0,0.037,false
1333,false,0,0.028,false
1366,false,0,0.046,false
1399,false,0,0.046,false
1432,false,0,0.041,false
1465,false,0,0.040,false
1499,false,0,0.047,false
1532,false,0,0.036,false
1582,false,0,0.036,false
1607,false,0,0.042,false
1633,false,0,0.046,false
1649,false,0,0.042,false
1666,false,0,0.076,false
1683,false,0,0.603,false
1699,false,0,0.167,false
1716,false,0,0.066,false
1732,false,0,0.735,false
1749,false,0,0.091,false
1766,false,0,0.071,false
1782,false,0,0.587,false
1799,false,0,0.046,false
1817,false,0,0.133,false
1833,false,0,0.053,false
1849,false,0,0.049,false
1866,false,0,0.047,false
1882,false,0,0.051,false
1900,false,0,0.055,false
1916,false,0,0.055,false
1933,false,0,0.056,false
1949,false,0,0.053,false
1966,false,0,0.055,false
1983,false,0,0.050,false
1999,false,0,0.051,false
2016,false,0,0.052,false
2033,false,0,0.046,false
2049,false,0,0.087,false
2066,false,0,0.058,false
2082,false,0,0.036,false
2099,false,0,0.034,false
2115,false,0,0.061,false
2133,false,0,0.035,false
2149,false,0,0.035,false
2165,false,0,0.046,false
2182,false,0,0.090,false
2199,false,0,0.059,false
2216,false,0,0.053,false
2233,false,0,0.043,false
2249,false,0,0.045,false
2266,false,0,0.044,false
2283,false,0,0.046,false
2299,false,0,0.044,false
2315,false,0,0.052,false
2333,false,0,0.085,false
2349,false,0,0.044,false
2365,false,0,0.046,false
2382,false,0,0.060,false
2399,false,0,0.051,false
2416,false,0,0.063,false
2433,false,0,0.058,false
2450,false,0,0.044,false
2482,false,0,0.061,false
2499,false,0,0.062,false
2516,false,0,0.259,false
2532,false,0,0.046,false
2549,false,0,0.055,false
2566,false,0,0.041,false
2582,false,0,0.062,false
2599,false,0,0.053,false
2616,false,0,0.097,false
2632,false,0,0.064,false
2649,false,0,0.075,false
2666,false,0,0.143,false
2682,false,0,0.100,false
2699,false,0,0.079,false
2716,false,0,0.058,false
2732,false,0,0.098,false
2749,false,0,0.041,false
2766,false,0,0.093,false
2782,false,0,0.243,false
2799,false,0,0.109,false
2815,false,0,0.053,false
2832,false,0,0.816,false
2850,false,0,0.084,false
2866,false,0,0.040,false
2884,false,0,0.045,false
2915,false,0,0.033,false
2932,false,0,0.039,false
2949,false,0,0.034,false
2967,false,0,0.035,false
2983,false,0,0.043,false
2999,false,0,0.037,false
3016,false,0,0.042,false
3033,false,0,0.063,false
3049,false,0,0.060,false
3066,false,0,0.050,false
3083,false,0,0.061,false
3099,false,0,0.049,false
3116,false,0,0.045,false
3132,false,0,0.063,false
3149,false,0,0.048,false
3166,false,0,0.047,false
3183,false,0,0.048,false
3216,false,0,0.059,false
3232,false,0,0.069,false
3249,false,0,0.055,false
3266,false,0,0.054,false
3283,false,0,0.064,false
3299,false,0,0.056,false
3316,false,0,0.054,false
3332,false,0,0.063,false
3349,false,0,0.046,false
3365,false,0,0.071,false
3382,false,0,0.196,false
3399,false,0,0.254,false
3415,false,0,0.626,false
3433,false,0,0.193,false
3449,false,0,0.227,false
3466,false,0,0.251,false
3482,false,0,0.253,false
3500,false,0,0.233,false
3516,false,0,0.274,false
3532,false,0,0.268,false
3549,false,0,0.193,false
3566,false,0,0.278,false
3582,false,0,0.194,false
3600,false,0,0.243,false
3616,false,0,0.548,false
3632,false,0,0.076,false
3649,false,0,19.615,false
3665,false,0,18.312,false
3683,false,0,21.911,false
3699,false,0,22.762,false
3715,false,0,5.422,false
3732,false,0,16.300,false
3749,false,0,19.039,false
3766,false,0,18.848,false
3783,false,0,25.086,false
3799,false,0,20.572,false
3815,false,0,15.763,false
3833,false,0,19.536,false
3849,false,0,10.989,false
3866,false,0,1.608,false
3883,false,0,3.112,false
3899,false,0,48.425,false
3915,false,0,39.126,false
3932,false,0,4.676,false
3949,false,0,6.655,false
3966,false,0,4.346,false
3983,false,0,4.010,false
4000,false,0,6.191,false
4017,false,0,4.559,false
4034,false,0,5.387,false
4050,false,0,5.072,false
4066,false,0,4.534,false
4083,false,0,4.673,false
4100,false,0,4.434,false
4116,false,0,5.268,false
4132,false,0,2.798,false
4149,false,0,2.231,false
4167,false,0,2.354,false
4200,false,0,3.930,false
4216,false,0,5.942,false
4232,false,0,4.846,false
4250,false,0,4.545,false
4282,false,0,5.701,false
4299,false,0,4.485,false
4315,false,0,4.388,false
4332,false,0,6.201,false
4349,false,0,5.121,false
4365,false,0,5.312,false
4382,false,0,4.369,false
4400,false,0,9.332,false
4416,false,0,5.382,false
4432,false,0,4.734,false
4449,false,0,5.548,false
4465,false,0,7.968,false
4484,false,0,5.837,false
4516,false,0,6.375,false
4532,false,0,2.144,false
4548,false,0,1.754,false
4565,false,0,3.392,false
4582,false,0,2.145,false
4599,false,0,1.817,false
4617,false,0,2.284,false
4649,false,0,2.058,false
4665,false,0,3.887,false
4682,false,0,2.201,false
4699,false,0,2.500,false
4716,false,0,1.978,false
4732,false,0,1.608,false
4749,false,0,3.430,false
4766,false,0,1.568,false
4782,false,0,2.623,false
4799,false,0,2.142,false
4816,false,0,3.694,false
4833,false,0,2.527,false
4849,false,0,1.697,false
4865,false,0,1.737,false
4882,false,0,1.733,false
4899,false,0,2.033,false
4916,false,0,4.066,false
4932,false,0,1.603,false
4949,false,0,1.606,false
4966,false,0,3.045,false
4982,false,0,2.349,false
4999,false,0,1.662,false
5016,false,0,1.248,false
5033,false,0,1.132,false
5050,false,0,2.558,false
5066,false,0,1.558,false
5082,false,0,5.029,false
5099,false,0,4.802,false
5116,false,0,1.852,false
5133,false,0,1.832,false
5149,false,0,2.020,false
5166,false,0,3.802,false
5182,false,0,1.867,false
5199,false,0,1.878,false
5216,false,0,1.824,false
5233,false,0,3.717,false
5249,false,0,1.763,false
5265,false,0,1.820,false
5282,false,0,1.775,false
5298,false,0,1.875,false
5315,false,0,2.069,false
5333,false,0,2.467,false
5349,false,0,1.808,false
5365,false,0,2.353,false
5382,false,0,1.587,false
5398,false,0,1.785,false
5415,false,0,1.477,false
5433,false,0,1.672,false
5449,false,0,1.734,false
5466,false,0,1.484,false
5482,false,0,1.477,false
5499,false,0,1.753,false
5515,false,0,1.902,false
5533,false,0,1.709,false
5549,false,0,1.476,false
5565,false,0,1.891,false
5582,false,0,1.593,false
5599,false,0,1.475,false
5616,false,0,1.749,false
5633,false,0,1.789,false
5649,false,0,2.077,false
5666,false,0,1.498,false
5682,false,0,1.923,false
5699,false,0,1.564,false
5716,false,0,1.606,false
5732,false,0,1.616,false
5749,false,0,1.502,false
5767,false,0,1.498,false
5798,false,0,1.517,false
5816,false,0,1.447,false
5832,false,0,2.144,false
5849,false,0,1.723,false
5866,false,0,1.539,false
5883,false,0,1.497,false
5899,false,0,4.048,false
5916,false,0,1.229,false
5932,false,0,1.048,false
5949,false,0,1.075,false
5966,false,0,1.253,false
5983,false,0,1.424,false
6000,false,0,1.689,false
6016,false,0,1.148,false
6032,false,0,1.158,false
6050,false,0,5.802,false
6066,false,0,1.093,false
6084,false,0,1.376,false
6116,false,0,1.176,false
6132,false,0,1.172,false
6149,false,0,1.276,false
6166,false,0,1.111,false
6183,false,0,1.450,false
6199,false,0,1.235,false
6216,false,0,1.496,false
6232,false,0,1.995,false
6249,false,0,1.754,false
6266,false,0,1.592,false
6283,false,0,6.742,false
6299,false,0,4.512,false
6315,false,0,1.500,false
6332,false,0,1.693,false
6349,false,0,2.237,false
6366,false,0,1.641,false
6383,false,0,1.524,false
6399,false,0,1.751,false
6415,false,0,2.400,false
6432,false,0,1.566,false
6449,false,0,1.650,false
6467,false,0,1.595,false
6499,false,0,1.738,false
6516,false,0,1.890,false
6532,false,0,1.623,false
6548,false,0,3.312,false
6566,false,0,1.506,false
6582,false,0,1.709,false
6599,false,0,6.673,false
6616,false,0,2.132,false
6632,false,0,1.673,false
6649,false,0,1.680,false
6665,false,0,1.846,false
6683,false,0,3.525,false
6699,false,0,2.066,false
6716,false,0,1.458,false
6732,false,0,1.534,false
6749,false,0,1.494,false
6765,false,0,1.912,false
6783,false,0,1.493,false
6800,false,0,1.471,false
6832,false,0,2.089,false
6849,false,0,1.878,false
6866,false,0,1.603,false
6883,false,0,1.531,false
6899,false,0,1.482,false
6915,false,0,1.511,false
6932,false,0,1.502,false
6948,false,0,1.463,false
6965,false,0,1.500,false
6983,false,0,1.630,false
6999,false,0,1.580,false
7015,false,0,1.478,false
7032,false,0,1.524,false
7048,false,0,4.153,false
7065,false,0,1.509,false
7083,false,0,1.468,false
7099,false,0,1.950,false
7115,false,0,1.866,false
7132,false,0,1.511,false
7148,false,0,1.555,false
7165,false,0,1.474,false
7182,false,0,1.469,false
7199,false,0,1.930,false
7216,false,0,1.528,false
7232,false,0,1.424,false
7249,false,0,1.892,false
7265,false,0,1.867,false
7282,false,0,1.493,false
7299,false,0,1.484,false
7316,false,0,1.462,false
7332,false,0,2.574,false
7349,false,0,2.010,false
7367,false,0,6.993,false
7399,false,0,1.752,false
7416,false,0,2.092,false
7432,false,0,6.404,false
7449,false,0,1.715,false
7466,false,0,1.994,false
7482,false,0,2.035,false
7499,false,0,1.741,false
7516,false,0,1.544,false
7532,false,0,1.638,false
7549,false,0,1.500,false
7565,false,0,3.394,false
7582,false,0,1.575,false
7600,false,0,1.946,false
7616,false,0,2.178,false
7632,false,0,1.340,false
7649,false,0,5.123,false
7665,false,0,4.725,false
7684,false,0,1.780,false
7700,false,0,2.078,false
7732,false,0,1.855,false
7749,false,0,2.425,false
7765,false,0,2.068,false
7782,false,0,1.644,false
7799,false,0,1.729,false
7816,false,0,2.041,false
7832,false,0,1.711,false
7849,false,0,1.762,false
7865,false,0,2.152,false
7882,false,0,1.820,false
7899,false,0,2.821,false
7916,false,0,7.308,false
7932,false,0,1.958,false
7949,false,0,1.844,false
7966,false,0,1.601,false
7982,false,0,1.942,false
8000,false,0,1.665,false
8016,false,0,1.630,false
8034,false,0,1.620,false
8066,false,0,4.613,false
8082,false,0,1.478,false
8099,false,0,1.789,false
8116,false,0,1.502,false
8133,false,0,1.851,false
8149,false,0,4.888,false
8166,false,0,2.095,false
8183,false,0,1.743,false
8199,false,0,1.483,false
8217,false,0,1.519,false
8233,false,0,1.526,false
8249,false,0,1.446,false
8267,false,0,1.542,false
8283,false,0,1.528,false
8299,false,0,1.546,false
8317,false,0,1.858,false
8334,false,0,1.630,false
8350,false,0,1.560,false
8366,false,0,1.728,false
8384,false,0,1.504,false
8400,false,0,1.644,false
8416,false,0,1.763,false
8434,false,0,4.744,false
8451,false,0,1.472,false
8467,false,0,1.228,false
8483,false,0,1.075,false
8499,false,0,1.485,false
8516,false,0,0.989,false
8533,false,0,1.359,false
8550,false,0,1.487,false
8566,false,0,4.291,false
8583,false,0,1.159,false
8599,false,0,2.107,false
8616,false,0,1.193,false
8633,false,0,0.098,false
8650,false,0,0.467,false
8667,false,0,0.078,false
8683,false,0,0.050,false
8700,false,0,0.076,false
8717,false,0,0.052,false
8734,false,0,0.071,false
8758,false,0,0.291,false
8775,false,0,0.146,false
8791,true,0,24.573,true
8816,true,0,5.293,true
8833,true,0,1.141,true
8849,true,0,1.157,true
8866,true,0,1.180,true
8882,true,0,1.173,true
8899,true,0,0.563,true
8916,true,0,0.427,true
8933,true,0,0.469,true
8950,true,0,0.408,true
8966,true,0,0.359,true
8982,true,0,0.357,true
8999,true,0,0.202,true
9016,true,0,0.474,true
9033,true,0,0.539,true
9050,true,0,0.415,true
9066,true,0,0.530,true
9082,true,0,0.401,true
9099,true,0,0.391,true
9116,true,0,0.508,true
9133,true,0,0.594,true
9150,true,0,0.396,true
9166,true,0,0.413,true
9182,true,0,0.398,true
9199,true,0,0.547,true
9216,true,0,0.362,true
9233,true,0,0.366,true
9250,true,0,0.498,true
9266,true,0,0.770,true
9282,true,0,0.769,true
9299,true,0,0.543,true
9316,true,0,0.433,true
9333,true,0,0.545,true
9349,true,0,0.366,true
9366,true,0,0.595,true
9382,true,0,0.783,true
9399,true,0,0.493,true
9416,true,0,0.366,true
9433,true,0,0.482,true
9449,true,0,0.350,true
9467,true,0,0.183,true
9483,true,0,3.688,true
9499,true,0,0.199,true
9516,true,0,0.191,true
9533,true,0,1.254,true
9549,true,0,0.566,true
9566,true,0,0.158,true
9583,true,0,0.159,true
9599,true,0,0.151,true
9616,true,0,0.149,true
9633,true,0,0.192,true
9649,true,0,0.200,true
9667,true,0,0.222,true
9683,true,0,0.165,true
9699,true,0,0.185,true
9716,true,0,0.214,true
9732,true,0,0.147,true
9749,true,0,0.331,true
9766,true,0,0.135,true
9783,true,0,0.200,true
9799,true,0,0.168,true
9816,true,0,0.170,true
9833,true,0,0.231,true
9849,true,0,0.198,true
9867,true,0,0.172,true
9883,true,0,0.244,true
9899,true,0,0.310,true
9916,true,0,0.120,true
9932,true,0,1.484,true
9949,true,0,0.116,true
9966,true,0,0.140,true
9983,true,0,0.132,true
10000,true,0,0.125,true
10016,true,0,0.149,true
10033,true,0,0.160,true
10049,true,0,0.094,true
10066,true,0,0.182,true
10084,true,0,0.147,true
10100,true,0,0.620,true
10116,true,0,0.122,true
10132,true,0,0.117,true
10149,true,0,0.143,true
10166,true,0,0.094,true
10183,true,0,0.098,true
10200,true,0,0.192,true
10216,true,0,0.220,true
10233,true,0,0.287,true
10249,true,0,0.203,true
10266,true,0,0.156,true
10284,true,0,0.150,true
10300,true,0,0.143,true
10316,true,0,0.185,true
10333,true,0,0.177,true
10349,true,0,0.140,true
10365,true,0,0.123,true
10383,true,0,0.151,true
10400,true,0,0.468,true
10416,true,0,0.220,true
10433,true,0,0.189,true
10449,true,0,0.130,true
10467,true,0,0.130,true
10483,true,0,0.129,true
10500,true,0,0.150,true
10517,true,0,0.098,true
10549,true,0,0.098,true
10567,true,0,0.124,true
10583,true,0,0.226,true
10601,true,0,0.128,true
10618,true,0,0.195,true
10649,true,0,0.116,true
10667,true,0,0.148,true
10683,true,0,0.136,true
10701,true,0,0.454,true
10717,true,0,0.109,true
10733,true,0,0.117,true
10750,true,0,0.213,true
10766,true,0,0.160,true
10783,true,0,0.218,true
10801,true,0,0.184,true
10818,true,0,0.135,true
10834,true,0,0.247,true
10850,true,0,0.168,true
10868,true,0,0.155,true
10884,true,0,0.146,true
10900,true,0,0.226,true
10917,true,0,0.278,true
10935,true,0,0.418,true
10967,true,0,1.080,true
10984,true,0,0.249,true
11001,true,0,0.336,true
11019,true,0,4.065,true
11050,true,0,0.365,true
11066,true,0,0.663,true
11083,true,0,0.475,true
11101,true,0,2.393,true
11117,true,0,0.291,true
11134,true,0,0.424,true
11151,true,0,0.407,true
11183,true,1,1.638,true
11201,true,1,1.050,true
11217,true,1,1.023,true
11234,true,1,1.416,true
11250,true,1,0.988,true
11266,true,1,2.637,true
11284,true,1,1.206,true
11317,true,1,1.038,true
11334,true,1,0.748,true
11350,true,1,0.911,true
11366,true,1,0.847,true
11383,true,1,0.949,true
11401,true,1,0.990,true
11417,true,1,0.898,true
11434,true,1,0.865,true
11451,true,1,0.658,true
11467,true,1,1.059,true
11483,true,1,4.702,true
11500,true,1,0.750,true
11516,true,1,0.938,true
11534,true,1,0.469,true
11550,true,1,1.148,true
11567,true,1,2.641,true
11583,true,1,1.264,true
11600,true,1,1.477,true
11617,true,1,1.770,true
11633,true,1,1.536,true
11650,true,2,2.475,true
11667,true,2,1.802,true
11683,true,2,1.437,true
11700,true,1,1.757,true
11733,true,1,1.337,true
11749,true,1,0.986,true
11766,true,1,1.337,true
11782,true,1,1.158,true
11799,true,1,1.083,true
11816,true,1,1.668,true
11833,true,1,0.593,true
11850,true,1,1.610,true
11866,true,1,1.132,true
11882,true,1,0.966,true
11899,true,1,1.137,true
11915,true,1,2.277,true
11932,true,1,1.223,true
11949,true,1,1.622,true
11966,true,1,1.374,true
11982,true,1,1.098,true
11999,true,1,1.008,true
12015,true,1,0.854,true
12033,true,1,0.669,true
12050,true,1,1.499,true
12066,true,1,0.985,true
12082,true,1,2.182,true
12099,true,1,0.598,true
12116,true,1,1.005,true
12132,true,0,0.615,true
12150,true,0,0.146,true
12167,true,0,0.136,true
12199,true,0,0.117,true
12216,true,0,0.116,true
12232,true,0,0.091,true
12249,true,0,0.190,true
12267,true,0,0.636,true
12283,true,0,0.277,true
12299,true,1,0.734,true
12315,true,1,0.769,true
12333,true,1,0.804,true
12349,true,1,0.680,true
12366,true,1,0.752,true
12382,true,1,0.369,true
12399,true,1,0.763,true
12416,true,1,1.241,true
12433,true,1,0.820,true
12449,true,1,1.382,true
12467,true,1,0.377,true
12484,true,1,0.807,true
12516,true,1,0.852,true
12532,true,2,1.418,true
12549,true,2,1.388,true
12566,true,2,1.325,true
12582,true,2,0.746,true
12599,true,2,1.989,true
12616,true,2,1.358,true
12632,true,2,0.990,true
12649,true,2,3.018,true
12666,true,2,2.244,true
12682,true,2,2.056,true
12699,true,2,2.016,true
12715,true,2,1.806,true
12732,true,2,0.905,true
12749,true,2,2.003,true
12765,true,2,7.141,true
12783,true,2,1.378,true
12799,true,2,1.407,true
12816,true,1,0.982,true
12833,true,1,1.111,true
12849,true,1,0.455,true
12866,true,1,0.929,true
12883,true,1,0.897,true
12899,true,1,4.852,true
12915,true,1,1.294,true
12932,true,1,0.998,true
12949,true,1,0.860,true
12966,true,1,1.088,true
12982,true,1,1.163,true
12999,true,1,1.000,true
13015,true,1,1.092,true
13032,true,0,0.133,true
13049,true,0,0.159,true
13066,true,0,0.169,true
13083,true,0,0.224,true
13099,true,0,0.266,true
13116,true,0,0.485,true
13132,true,0,0.142,true
13149,true,0,0.248,true
13165,true,0,0.189,true
13182,true,0,0.112,true
13199,true,1,0.751,true
13215,true,1,1.561,true
13232,true,1,0.587,true
13249,true,1,1.270,true
13266,true,1,1.358,true
13283,true,1,0.652,true
13299,true,1,0.898,true
13315,true,1,0.400,true
13332,true,1,1.294,true
13349,true,1,0.761,true
13365,true,1,0.400,true
13382,true,1,1.569,true
13399,true,1,0.775,true
13416,true,1,0.443,true
13432,true,2,2.066,true
13449,true,2,1.477,true
13466,true,2,1.650,true
13482,true,2,0.755,true
13499,true,2,1.665,true
13516,true,2,1.401,true
13532,true,2,1.570,true
13549,true,2,5.491,true
13565,true,2,1.869,true
13582,true,2,0.721,true
13599,true,2,1.666,true
13616,true,2,2.112,true
13632,true,2,2.779,true
13649,true,2,1.671,true
13665,true,2,1.666,true
13682,true,2,1.975,true
13717,true,1,1.833,true
13733,true,1,3.935,true
13749,true,1,0.883,true
13766,true,1,2.392,true
13782,true,1,6.518,true
13800,true,1,0.735,true
13816,true,1,1.361,true
13832,true,1,1.776,true
13849,true,1,0.897,true
13865,true,1,2.339,true
13882,true,1,1.158,true
13899,true,1,4.106,true
13916,true,1,2.912,true
13932,true,0,0.132,true
13949,true,0,0.181,true
13966,true,0,0.160,true
13982,true,0,0.093,true
13999,true,0,0.128,true
14016,true,0,0.321,true
14034,true,0,0.090,true
14066,true,0,0.082,true
14084,true,0,0.096,true
14117,true,1,0.377,true
14133,true,1,0.663,true
14149,true,1,0.674,true
14165,true,1,0.874,true
14182,true,1,4.618,true
14199,true,1,0.853,true
14216,true,1,0.699,true
14233,true,1,0.749,true
14249,true,1,0.931,true
14266,true,1,1.741,true
14282,true,1,1.338,true
14299,true,1,0.816,true
14316,true,1,3.619,true
14333,true,2,1.843,true
14349,true,2,2.054,true
14365,true,2,1.431,true
14382,true,2,1.568,true
14399,true,2,1.590,true
14416,true,2,2.159,true
14433,true,2,1.683,true
14450,true,2,4.492,true
14482,true,2,2.396,true
14499,true,2,1.869,true
14515,true,2,1.760,true
14533,true,2,4.532,true
14549,true,2,2.892,true
14566,true,2,1.586,true
14582,true,2,1.856,true
14600,true,2,5.017,true
14616,true,1,0.740,true
14633,true,1,0.841,true
14649,true,1,1.012,true
14666,true,1,0.798,true
14682,true,1,0.833,true
14699,true,1,0.814,true
14716,true,1,0.743,true
14733,true,1,0.440,true
14749,true,1,0.788,true
14765,true,1,0.573,true
14782,true,2,0.997,true
14799,true,2,1.540,true
14816,true,2,4.227,true
14832,true,1,0.394,true
14850,true,1,0.578,true
14867,true,1,0.928,true
14899,true,1,0.486,true
14916,true,1,0.505,true
14932,true,1,0.848,true
14950,true,1,0.604,true
14966,true,1,0.658,true
14982,true,1,1.189,true
14999,true,1,0.761,true
15015,true,1,3.450,true
15032,true,1,0.784,true
15049,true,1,0.752,true
15066,true,1,0.710,true
15082,true,1,0.885,true
15098,true,1,1.488,true
15116,true,1,1.600,true
15132,true,1,0.434,true
15149,true,1,0.878,true
15166,true,1,0.982,true
15182,true,1,0.851,true
15199,true,1,0.807,true
15216,true,1,0.694,true
15233,true,2,34.898,true
15250,true,2,2.015,true
15266,true,2,1.630,true
15282,true,2,0.729,true
15299,true,1,0.769,true
15316,true,1,0.780,true
15332,true,1,0.796,true
15350,true,1,0.935,true
15366,true,1,0.754,true
15382,true,1,1.092,true
15399,true,1,0.693,true
15415,true,1,0.824,true
15432,true,1,0.770,true
15449,true,1,0.854,true
15466,true,1,0.852,true
15482,true,1,0.725,true
15499,true,1,0.837,true
15515,true,1,0.756,true
15532,true,1,0.780,true
15549,true,1,0.947,true
15566,true,1,0.849,true
15582,true,1,0.671,true
15598,true,1,0.802,true
15615,true,1,0.733,true
15632,true,1,0.734,true
15649,true,1,1.108,true
15666,true,1,6.504,true
15682,true,1,1.304,true
15698,true,1,1.694,true
15716,true,1,1.320,true
15732,true,0,0.107,true
15750,true,0,0.234,true
15766,true,0,0.080,true
15783,true,0,0.146,true
15799,true,0,0.074,true
15816,true,0,0.138,true
15833,true,0,0.235,true
15849,true,0,0.111,true
15866,true,0,0.194,true
15883,true,0,0.074,true
15899,true,1,1.361,true
15915,true,1,0.710,true
15932,true,1,3.110,true
15949,true,1,0.949,true
15965,true,1,0.366,true
15982,true,1,0.956,true
15999,true,1,0.921,true
16015,true,1,0.476,true
16032,true,1,0.349,true
16049,true,1,0.946,true
16066,true,1,0.722,true
16083,true,1,0.952,true
16099,true,1,0.903,true
16116,true,1,1.064,true
16132,true,2,2.186,true
16150,true,2,1.061,true
16183,true,2,2.260,true
16199,true,2,3.081,true
16215,true,2,1.085,true
16232,true,2,1.858,true
16249,true,2,1.489,true
16265,true,2,0.783,true
16283,true,2,1.674,true
16299,true,2,0.891,true
16315,true,2,2.797,true
16332,true,2,5.443,true
16350,true,2,0.845,true
16382,true,2,1.452,true
16399,true,2,1.663,true
16416,true,1,0.733,true
16433,true,1,0.777,true
16450,true,1,0.713,true
16466,true,1,0.813,true
16483,true,1,0.878,true
16499,true,1,1.522,true
16515,true,1,0.806,true
16532,true,1,0.751,true
16549,true,1,2.209,true
16565,true,1,1.235,true
16582,true,1,0.421,true
16599,true,1,0.632,true
16616,true,1,0.983,true
16632,true,1,0.945,true
16650,true,0,0.392,true
16666,true,0,0.153,true
16682,true,0,0.104,true
16700,true,0,0.106,true
16716,true,0,0.263,true
16732,true,0,0.142,true
16749,true,0,0.130,true
16765,true,0,0.135,true
16782,true,0,0.155,true
16799,true,0,0.162,true
16816,true,1,0.646,true
16832,true,1,1.808,true
16849,true,1,1.797,true
16866,true,1,0.651,true
16882,true,1,0.765,true
16900,true,1,1.287,true
16916,true,1,0.846,true
16932,true,1,2.313,true
16949,true,1,0.761,true
16965,true,1,0.980,true
16982,true,1,0.814,true
17000,true,1,1.173,true
17017,true,1,0.755,true
17033,true,2,1.897,true
17049,true,2,0.832,true
17066,true,2,1.692,true
17082,true,2,1.992,true
17099,true,2,2.277,true
17116,true,2,1.811,true
17132,true,2,0.860,true
17149,true,2,1.468,true
17165,true,2,2.467,true
17182,true,2,2.139,true
17199,true,2,1.943,true
17216,true,2,1.745,true
17232,true,2,1.879,true
17249,true,2,1.698,true
17266,true,2,2.835,true
17282,true,2,0.800,true
17298,true,2,1.856,true
17315,true,2,1.749,true
17332,true,1,0.768,true
17350,true,1,1.429,true
17382,true,1,1.152,true
17399,true,1,1.120,true
17416,true,1,1.073,true
17433,true,1,1.004,true
17449,true,1,0.831,true
17465,true,1,3.565,true
17482,true,1,0.931,true
17498,true,1,0.572,true
17516,true,1,0.919,true
17532,true,1,4.241,true
17550,true,0,0.180,true
17566,true,0,0.130,true
17582,true,0,0.110,true
17599,true,0,0.170,true
17616,true,0,0.088,true
17633,true,0,0.191,true
17649,true,0,0.074,true
17666,true,0,0.084,true
17683,true,0,0.137,true
17699,true,0,0.203,true
17716,true,1,0.368,true
17732,true,1,0.743,true
17750,true,1,0.742,true
17782,true,1,0.439,true
17799,true,1,3.136,true
17816,true,1,1.253,true
17832,true,1,0.754,true
17850,true,1,0.964,true
17882,true,1,0.776,true
17899,true,1,0.954,true
17916,true,1,0.402,true
17933,true,1,0.379,true
17950,true,2,0.973,true
17966,true,2,5.642,true
17982,true,2,0.764,true
17999,true,2,1.419,true
18016,true,2,1.737,true
18033,true,2,5.710,true
18049,true,2,1.635,true
18066,true,2,3.983,true
18082,true,2,4.168,true
18098,true,2,2.935,true
18115,true,2,0.760,true
18132,true,2,2.283,true
18150,true,2,4.037,true
18166,true,2,0.742,true
18182,true,2,1.350,true
18198,true,2,3.391,true
18215,true,2,0.845,true
18233,true,1,0.519,true
18250,true,1,0.428,true
18266,true,1,1.165,true
18282,true,1,0.474,true
18299,true,1,0.496,true
18315,true,1,0.557,true
18332,true,1,1.352,true
18349,true,1,0.434,true
18366,true,1,0.439,true
18382,true,2,0.767,true
18399,true,2,2.049,true
18415,true,2,4.346,true
18432,true,2,0.740,true
18450,true,1,0.396,true
18466,true,1,0.336,true
18482,true,1,0.347,true
18499,true,1,0.448,true
18516,true,1,0.380,true
18533,true,1,0.637,true
18549,true,1,0.353,true
18566,true,1,0.361,true
18582,true,1,0.609,true
18599,true,1,0.423,true
18616,true,1,0.421,true
18633,true,1,0.410,true
18650,true,1,0.399,true
18666,true,1,0.366,true
18682,true,1,0.378,true
18699,true,1,0.530,true
18715,true,1,0.390,true
18734,true,1,0.420,true
18765,true,1,0.422,true
18782,true,1,0.473,true
18799,true,1,0.428,true
18816,true,1,0.413,true
18832,true,1,4.322,true
18849,true,2,1.553,true
18866,true,2,5.525,true
18884,true,2,4.564,true
18916,true,1,0.349,true
18933,true,1,1.823,true
18949,true,1,0.706,true
18966,true,1,0.748,true
18983,true,1,0.703,true
18999,true,1,0.774,true
19015,true,1,0.984,true
19033,true,1,0.925,true
19049,true,1,4.379,true
19066,true,1,0.409,true
19082,true,1,0.778,true
19099,true,1,0.410,true
19115,true,1,0.384,true
19132,true,1,0.405,true
19149,true,1,0.532,true
19166,true,1,0.502,true
19182,true,1,0.479,true
19199,true,1,0.447,true
19216,true,1,0.673,true
19232,true,1,1.727,true
19249,true,1,0.416,true
19266,true,1,0.444,true
19283,true,1,2.382,true
19299,true,1,0.439,true
19316,true,1,0.416,true
19332,true,1,0.530,true
19349,true,0,0.421,true
19366,true,0,0.135,true
19383,true,0,0.124,true
19399,true,0,0.060,true
19416,true,0,0.094,true
19433,true,0,0.073,true
19449,true,0,0.074,true
19466,true,0,0.067,true
19483,true,0,0.104,true
19499,true,0,0.083,true
19516,true,1,0.387,true
19532,true,1,0.463,true
19549,true,1,0.367,true
19565,true,1,0.366,true
19582,true,1,0.335,true
19599,true,1,0.386,true
19616,true,1,0.368,true
19633,true,1,0.355,true
19649,true,1,0.620,true
19666,true,1,0.374,true
19683,true,1,0.377,true
19699,true,1,0.370,true
19716,true,1,0.368,true
19733,true,1,0.459,true
19749,true,2,0.653,true
19765,true,2,0.675,true
19783,true,2,0.633,true
19799,true,2,0.665,true
19815,true,2,2.776,true
19832,true,2,0.702,true
19849,true,2,0.811,true
19865,true,2,0.714,true
19883,true,2,0.707,true
19900,true,2,0.915,true
19916,true,2,0.690,true
19932,true,2,1.276,true
19949,true,2,0.745,true
19965,true,2,0.714,true
19983,true,2,1.273,true
20000,true,2,0.744,true
20033,true,1,0.379,true
20050,true,1,0.409,true
20066,true,1,0.525,true
20082,true,1,0.423,true
20099,true,1,0.418,true
20116,true,1,0.397,true
20132,true,1,0.523,true
20149,true,1,0.435,true
20166,true,1,0.454,true
20182,true,1,0.557,true
20199,true,1,0.458,true
20216,true,1,0.552,true
20232,true,1,0.449,true
20249,true,0,0.114,true
20266,true,0,0.134,true
20283,true,0,0.076,true
20299,true,0,0.107,true
20316,true,0,0.091,true
20332,true,0,0.781,true
20349,true,0,0.079,true
20365,true,0,0.077,true
20382,true,0,0.068,true
20400,true,0,0.088,true
20416,true,1,0.365,true
20432,true,1,0.332,true
20449,true,1,0.334,true
20466,true,1,0.615,true
20485,true,1,0.343,true
20517,true,1,0.670,true
20549,true,1,0.404,true
20566,true,1,2.386,true
20582,true,1,0.463,true
20599,true,1,0.899,true
20617,true,1,0.411,true
20633,true,1,2.399,true
20649,true,2,0.902,true
20665,true,2,0.643,true
20682,true,2,0.628,true
20699,true,2,0.779,true
20716,true,2,0.643,true
20733,true,2,0.786,true
20749,true,2,0.771,true
20765,true,2,2.670,true
20782,true,2,0.678,true
20799,true,2,1.197,true
20816,true,2,1.052,true
20833,true,2,0.744,true
20849,true,2,0.712,true
20865,true,2,2.280,true
20882,true,2,0.772,true
20898,true,2,0.778,true
20916,true,2,2.062,true
20932,true,1,1.094,true
20949,true,1,0.479,true
20965,true,1,0.378,true
20982,true,1,1.360,true
20999,true,1,0.492,true
21016,true,1,0.403,true
21033,true,1,0.421,true
21049,true,1,0.455,true
21066,true,1,0.447,true
21082,true,1,0.847,true
21099,true,1,0.436,true
21116,true,1,0.454,true
21132,true,1,0.467,true
21149,true,0,0.074,true
21166,true,0,0.069,true
21183,true,0,0.078,true
21199,true,0,0.067,true
21216,true,0,0.081,true
21233,true,0,0.104,true
21250,true,0,0.075,true
21266,true,0,0.075,true
21283,true,0,0.074,true
21299,true,0,0.094,true
21316,true,1,0.330,true
21333,true,1,0.352,true
21349,true,1,0.334,true
21365,true,1,0.356,true
21382,true,1,0.355,true
21399,true,1,0.371,true
21416,true,1,0.445,true
21433,true,1,0.364,true
21449,true,1,0.349,true
21466,true,1,0.549,true
21483,true,1,0.376,true
21499,true,1,0.442,true
21516,true,1,0.379,true
21532,true,1,0.519,true
21549,true,2,0.754,true
21566,true,2,0.965,true
21582,true,2,0.802,true
21598,true,2,0.680,true
21615,true,2,0.751,true
21632,true,2,0.769,true
21650,true,2,0.666,true
21666,true,2,0.691,true
21682,true,2,0.777,true
21699,true,2,0.697,true
21715,true,2,0.962,true
21732,true,2,0.727,true
21749,true,2,7.600,true
21766,true,2,0.739,true
21782,true,2,2.076,true
21799,true,2,0.863,true
21815,true,2,0.723,true
21833,true,1,0.391,true
21850,true,1,0.618,true
21866,true,1,0.418,true
21882,true,1,0.409,true
21899,true,1,0.399,true
21916,true,1,0.449,true
21932,true,1,0.417,true
21949,true,1,0.404,true
21966,true,1,0.726,true
21982,true,1,0.444,true
21999,true,2,0.701,true
22015,true,2,0.687,true
22032,true,2,0.762,true
22049,true,2,1.431,true
22066,true,1,0.410,true
22085,true,1,0.362,true
22116,true,1,0.371,true
22132,true,1,0.396,true
22149,true,1,0.470,true
22166,true,1,0.372,true
22183,true,1,0.377,true
22199,true,1,0.400,true
22216,true,1,0.441,true
22232,true,1,0.385,true
22249,true,1,0.565,true
22266,true,1,0.427,true
22283,true,1,0.414,true
22299,true,1,0.415,true
22315,true,1,0.531,true
22332,true,1,0.416,true
22349,true,1,0.611,true
22366,true,1,0.537,true
22383,true,1,0.410,true
22399,true,1,0.509,true
22416,true,1,0.415,true
22432,true,1,0.469,true
22449,true,2,0.697,true
22466,true,2,0.738,true
22483,true,2,0.952,true
22499,true,2,0.977,true
22516,true,1,0.346,true
22533,true,1,0.573,true
22549,true,1,0.374,true
22566,true,1,0.354,true
22583,true,1,6.197,true
22599,true,1,0.593,true
22616,true,1,0.477,true
22632,true,1,0.375,true
22649,true,1,2.796,true
22665,true,1,0.368,true
22683,true,1,0.405,true
22699,true,1,0.379,true
22715,true,1,0.383,true
22732,true,1,0.380,true
22749,true,1,0.399,true
22765,true,1,0.415,true
22783,true,1,0.414,true
22799,true,1,0.423,true
22815,true,1,0.392,true
22832,true,1,0.389,true
22849,true,1,0.444,true
22866,true,1,0.418,true
22883,true,1,0.433,true
22899,true,1,0.437,true
22916,true,1,1.956,true
22932,true,1,0.432,true
22966,true,0,0.217,true
22983,true,0,0.077,true
22999,true,0,0.076,true
23016,true,0,0.073,true
23033,true,0,0.080,true
23049,true,0,0.086,true
23066,true,0,1.157,true
23083,true,0,0.087,true
23099,true,0,0.093,true
23116,true,0,0.067,true
23132,true,1,0.362,true
23149,true,1,0.433,true
23166,true,1,0.491,true
23183,true,1,0.340,true
23200,true,1,0.517,true
23216,true,1,0.791,true
23233,true,1,0.370,true
23249,true,1,0.450,true
23266,true,1,0.478,true
23282,true,1,0.374,true
23300,true,1,0.360,true
23316,true,1,0.419,true
23332,true,1,0.418,true
23349,true,2,1.825,true
23366,true,2,0.829,true
23382,true,2,1.175,true
23400,true,2,0.811,true
23416,true,2,0.678,true
23432,true,2,0.694,true
23449,true,2,0.676,true
23466,true,2,0.699,true
23482,true,2,0.702,true
23499,true,2,0.904,true
23516,true,2,3.435,true
23532,true,2,0.707,true
23549,true,2,0.802,true
23565,true,2,0.876,true
23582,true,2,0.745,true
23600,true,2,0.863,true
23616,true,2,0.842,true
23632,true,1,0.403,true
23649,true,1,0.384,true
23667,true,1,0.404,true
23684,true,1,0.388,true
23700,true,1,0.416,true
23716,true,1,0.442,true
23732,true,1,0.407,true
23749,true,1,0.419,true
23765,true,1,0.434,true
23782,true,1,0.425,true
23799,true,1,0.479,true
23816,true,1,0.451,true
23833,true,1,0.444,true
23849,true,1,0.544,true
23866,true,0,0.200,true
23883,true,0,0.076,true
23899,true,0,0.091,true
23916,true,0,0.075,true
23933,true,0,0.076,true
23949,true,0,0.073,true
23965,true,0,0.075,true
23982,true,0,0.075,true
23999,true,0,0.075,true
24016,true,0,0.080,true
24033,true,1,0.358,true
24049,true,1,0.330,true
24066,true,1,0.358,true
24082,true,1,0.357,true
24099,true,1,0.342,true
24116,true,1,0.360,true
24133,true,1,0.375,true
24166,true,1,0.383,true
24182,true,1,0.368,true
24199,true,1,0.393,true
24217,true,1,0.484,true
24233,true,1,0.367,true
24249,true,1,0.764,true
24266,true,1,0.369,true
24282,true,1,0.398,true
24299,true,1,0.523,true
24316,true,1,0.482,true
24332,true,1,0.527,true
24349,true,1,0.557,true
24365,true,1,1.018,true
24382,true,2,0.924,true
24399,true,2,0.764,true
24415,true,2,0.696,true
24433,true,2,2.466,true
24449,true,2,0.854,true
24466,true,2,0.862,true
24482,true,2,2.257,true
24499,true,2,1.063,true
24515,true,2,0.894,true
24550,true,1,3.800,true
24566,true,1,2.578,true
24582,true,1,0.414,true
24599,true,1,0.765,true
24615,true,1,0.417,true
24633,true,1,0.413,true
24649,true,1,0.426,true
24666,true,1,1.399,true
24682,true,1,1.510,true
24699,true,1,0.760,true
24716,true,1,1.435,true
24733,true,1,0.838,true
24749,true,1,0.797,true
24766,true,0,0.138,true
24783,true,0,0.103,true
24799,true,0,0.117,true
24816,true,0,0.105,true
24833,true,0,0.104,true
24850,true,0,0.114,true
24882,true,0,0.120,true
24899,true,0,0.117,true
24916,true,0,0.122,true
24932,true,0,0.106,true
24950,true,0,0.106,true
24967,true,0,0.102,true
24999,true,0,0.111,true
25016,true,0,0.100,true
25032,true,0,2.936,true
25049,true,0,0.151,true
25066,true,0,0.130,true
25083,true,0,0.109,true
25099,true,0,0.396,true
25116,true,0,0.098,true
25132,true,0,0.103,true
25150,true,0,0.102,true
25166,true,0,0.104,true
25182,true,0,0.185,true
25199,true,0,0.104,true
25215,true,0,0.112,true
25233,true,0,0.119,true
25250,true,0,0.106,true
25267,true,0,0.101,true
25284,true,0,0.101,true
25316,true,0,0.208,true
25332,true,0,0.118,true
25349,true,0,0.132,true
25366,true,0,0.110,true
25382,true,0,0.114,true
25399,true,0,0.179,true
25416,true,0,0.122,true
25433,true,0,0.144,true
25466,true,0,0.167,true
25483,true,0,1.204,true
25499,true,0,0.085,true
25516,true,0,0.174,true
25532,true,0,0.100,true
25549,true,0,0.200,true
25566,true,0,0.089,true
25582,true,0,0.067,true
25599,true,0,0.073,true
25616,true,0,0.096,true
25633,true,0,0.105,true
25650,true,1,0.802,true
25667,true,1,0.745,true
25683,true,1,2.856,true
25699,true,0,0.132,true
25716,true,0,0.083,true
25733,true,1,0.523,true
25751,true,1,0.846,true
25767,true,1,0.731,true
25783,true,1,0.516,true
25800,true,1,0.926,true
25816,true,1,0.417,true
25834,true,1,0.731,true
25850,true,1,0.554,true
25867,true,1,1.532,true
25885,true,1,0.666,true
25917,true,1,0.873,true
25933,true,1,1.044,true
25950,true,1,0.428,true
25966,true,1,0.694,true
25983,true,1,0.423,true
26001,true,1,0.738,true
26034,true,1,0.823,true
26050,true,1,0.860,true
26067,true,1,0.990,true
26083,true,1,1.015,true
26100,true,1,0.432,true
26117,true,0,0.105,true
26149,true,1,0.695,true
26166,true,1,0.747,true
26183,true,1,0.731,true
26200,true,1,0.730,true
26216,true,1,5.753,true
26233,true,1,0.806,true
26266,true,1,0.388,true
26283,true,1,0.396,true
26299,true,1,0.369,true
26316,true,1,0.738,true
26333,true,1,0.913,true
26349,true,1,0.728,true
26366,true,1,1.014,true
26383,true,1,0.900,true
26399,true,1,0.866,true
26416,true,1,0.839,true
26432,true,2,1.317,true
26449,true,2,1.338,true
26465,true,2,2.552,true
26482,true,2,1.524,true
26499,true,2,1.453,true
26516,true,2,1.307,true
26532,true,2,1.672,true
26549,true,2,3.562,true
26566,true,1,2.461,true
26582,true,1,0.639,true
26600,true,1,0.785,true
26617,true,1,0.786,true
26633,true,1,0.723,true
26649,true,1,0.898,true
26666,true,1,1.332,true
26683,true,1,0.848,true
26699,true,1,0.823,true
26716,true,1,1.003,true
26732,true,1,0.724,true
26749,true,1,0.976,true
26765,true,1,0.719,true
26782,true,2,1.870,true
26799,true,2,4.695,true
26816,true,2,1.557,true
26832,true,2,1.370,true
26849,true,2,2.001,true
26865,true,2,2.536,true
26886,true,2,1.276,true
26917,true,1,0.389,true
26933,true,1,0.394,true
26949,true,1,0.373,true
26965,true,1,0.375,true
26982,true,1,0.369,true
27000,true,2,2.855,true
27016,true,2,1.327,true
27032,true,2,1.495,true
27049,true,2,0.805,true
27065,true,2,0.631,true
27082,true,2,1.626,true
27099,true,2,2.548,true
27116,true,2,1.423,true
27132,true,2,2.162,true
27149,true,2,1.391,true
27166,true,2,0.793,true
27182,true,2,0.718,true
27199,true,2,0.763,true
27216,true,2,1.560,true
27232,true,3,1.132,true
27249,true,2,0.934,true
27266,true,2,1.304,true
27282,true,2,4.417,true
27299,true,2,1.411,true
27316,true,2,0.668,true
27332,true,2,6.980,true
27349,true,2,0.745,true
27365,true,2,0.788,true
27382,true,2,0.790,true
27399,true,2,1.632,true
27417,true,2,2.613,true
27433,true,2,1.728,true
27449,true,3,2.040,true
27466,true,2,1.627,true
27482,true,2,1.350,true
27499,true,2,1.423,true
27516,true,2,0.679,true
27532,true,2,1.539,true
27549,true,2,1.603,true
27565,true,2,1.440,true
27582,true,2,1.504,true
27599,true,2,1.480,true
27616,true,2,1.645,true
27633,true,2,0.912,true
27649,true,2,1.082,true
27665,true,2,0.755,true
27682,true,3,1.355,true
27699,true,2,3.579,true
27716,true,2,1.462,true
27733,true,2,1.494,true
27749,true,2,1.300,true
27765,true,2,0.718,true
27782,true,2,1.150,true
27799,true,2,0.788,true
27816,true,2,1.156,true
27833,true,2,0.938,true
27849,true,2,1.804,true
27865,true,2,0.740,true
27882,true,2,3.295,true
27898,true,2,0.793,true
27915,true,2,0.721,true
27932,true,2,3.657,true
27949,true,2,1.313,true
27966,true,2,1.610,true
27983,true,2,1.784,true
27999,true,2,1.442,true
28016,true,2,0.740,true
28033,true,2,1.472,true
28049,true,2,1.749,true
28065,true,2,0.708,true
28082,true,2,1.327,true
28099,true,2,1.396,true
28115,true,2,3.276,true
28133,true,2,8.557,true
28149,true,1,0.406,true
28166,true,1,0.922,true
28182,true,1,0.649,true
28199,true,1,0.580,true
28216,true,1,0.697,true
28232,true,1,0.991,true
28250,true,1,1.018,true
28266,true,1,0.539,true
28282,true,1,0.573,true
28299,true,1,0.921,true
28316,true,1,0.641,true
28332,true,1,0.945,true
28350,true,1,1.253,true
28366,true,2,2.503,true
28383,true,1,0.986,true
28399,true,1,1.851,true
28416,true,1,0.561,true
28433,true,1,0.634,true
28450,true,1,0.813,true
28467,true,1,0.367,true
28484,true,1,0.708,true
28516,true,1,0.595,true
28532,true,1,0.776,true
28550,true,1,0.984,true
28566,true,1,3.482,true
28582,true,2,1.294,true
28599,true,2,1.125,true
28616,true,2,0.709,true
28632,true,2,1.313,true
28650,true,2,1.314,true
28666,true,2,1.610,true
28682,true,2,3.210,true
28699,true,2,6.028,true
28715,true,2,1.658,true
28732,true,2,1.168,true
28749,true,2,0.908,true
28766,true,2,1.606,true
28782,true,2,4.261,true
28799,true,2,1.764,true
28815,true,3,1.091,true
28833,true,2,0.822,true
28849,true,2,1.260,true
28867,true,2,0.805,true
28899,true,2,1.709,true
28916,true,2,1.361,true
28932,true,2,1.851,true
28948,true,2,2.065,true
28966,true,2,1.102,true
28982,true,2,1.515,true
28998,true,2,0.823,true
29015,true,2,1.133,true
29032,true,2,1.636,true
29049,true,1,0.848,true
29066,true,1,0.858,true
29083,true,1,0.849,true
29099,true,1,1.120,true
29115,true,1,0.799,true
29132,true,1,0.645,true
29149,true,1,0.601,true
29166,true,1,0.674,true
29183,true,1,2.023,true
29199,true,1,1.072,true
29215,true,1,0.558,true
29232,true,1,0.842,true
29249,true,1,1.293,true
29266,true,2,1.454,true
29282,true,1,0.505,true
29300,true,1,0.367,true
29316,true,1,0.606,true
29332,true,1,0.611,true
29349,true,1,0.410,true
29366,true,1,0.922,true
29383,true,1,0.431,true
29399,true,1,0.734,true
29416,true,1,1.088,true
29433,true,1,0.673,true
29449,true,1,0.845,true
29465,true,1,0.390,true
29483,true,1,0.873,true
29499,true,1,0.756,true
29515,true,1,0.480,true
29532,true,1,0.699,true
29549,true,1,0.735,true
29565,true,2,4.147,true
29582,true,2,2.708,true
29599,true,2,1.389,true
29616,true,2,1.945,true
29632,true,2,1.990,true
29649,true,2,0.799,true
29666,true,2,1.587,true
29683,true,2,1.877,true
29699,true,2,1.067,true
29733,true,1,0.503,true
29749,true,1,0.413,true
29767,true,1,1.199,true
29783,true,1,0.776,true
29800,true,1,0.878,true
29816,true,1,0.995,true
29832,true,1,2.884,true
29849,true,1,0.814,true
29865,true,1,1.074,true
29883,true,1,0.870,true
29899,true,1,1.027,true
29915,true,1,0.846,true
29932,true,1,0.772,true
29948,true,1,0.786,true
29965,true,1,0.990,true
29982,true,1,1.512,true
29999,true,1,2.130,true
30016,true,1,1.530,true
30033,true,0,0.126,true
30049,true,0,0.107,true
30066,true,0,0.103,true
30083,true,0,0.101,true
30100,true,0,0.104,true
30117,true,0,0.108,true
30149,true,0,0.107,true
30165,true,0,0.124,true
30182,true,0,0.112,true
30200,true,0,0.122,true
30216,true,0,0.072,true
30233,true,0,0.093,true
30249,true,0,0.133,true
30266,true,0,0.140,true
30283,true,0,0.113,true
30300,true,0,0.102,true
30316,true,0,0.126,true
30333,true,0,0.116,true
30349,true,0,0.117,true
30366,true,0,0.089,true
30382,true,1,1.438,true
30399,true,1,1.955,true
30417,true,1,0.530,true
30433,true,1,0.406,true
30449,true,1,1.285,true
30466,true,1,0.433,true
30483,true,1,0.781,true
30499,true,1,0.343,true
30516,true,1,2.387,true
30533,true,1,0.373,true
30549,true,1,0.420,true
30565,true,1,0.398,true
30582,true,1,1.790,true
30599,true,1,0.479,true
30617,true,2,1.253,true
30633,true,2,1.822,true
30649,true,2,0.748,true
30665,true,2,1.638,true
30682,true,2,2.180,true
30699,true,2,1.049,true
30716,true,2,1.084,true
30733,true,2,1.547,true
30749,true,2,0.906,true
30765,true,2,6.839,true
30782,true,2,3.970,true
30798,true,2,5.755,true
30816,true,2,5.206,true
30833,true,3,4.102,true
30850,true,2,1.456,true
30866,true,2,2.406,true
30883,true,2,1.643,true
30899,true,2,6.823,true
30916,true,2,1.683,true
30933,true,2,2.625,true
30949,true,2,2.068,true
30965,true,2,1.917,true
30982,true,2,0.915,true
30999,true,2,2.417,true
31016,true,2,1.796,true
31033,true,2,3.295,true
31049,true,2,2.051,true
31066,true,3,1.534,true
31083,true,2,1.419,true
31099,true,2,1.728,true
31115,true,2,1.269,true
31133,true,2,1.593,true
31150,true,2,7.045,true
31166,true,2,3.150,true
31182,true,2,2.003,true
31199,true,2,1.616,true
31216,true,2,4.624,true
31233,true,2,0.776,true
31249,true,2,1.737,true
31266,true,2,1.040,true
31282,true,3,2.171,true
31298,true,3,5.016,true
31315,true,2,1.565,true
31333,true,2,3.515,true
31349,true,2,1.889,true
31366,true,2,1.892,true
31382,true,2,1.590,true
31399,true,2,2.487,true
31416,true,2,0.826,true
31432,true,2,4.026,true
31449,true,2,4.737,true
31466,true,2,2.357,true
31482,true,2,2.227,true
31499,true,2,2.150,true
31516,true,3,2.299,true
31532,true,2,1.995,true
31549,true,2,1.912,true
31566,true,2,0.676,true
31582,true,2,2.672,true
31599,true,2,3.138,true
31616,true,2,3.107,true
31632,true,2,1.378,true
31650,true,2,1.707,true
31666,true,2,2.895,true
31684,true,2,2.184,true
31715,true,2,2.211,true
31732,true,2,2.668,true
31749,true,2,4.372,true
31766,true,1,1.517,true
31782,true,1,1.046,true
31799,true,1,3.099,true
31816,true,1,0.617,true
31833,true,1,0.992,true
31850,true,1,2.022,true
31866,true,1,2.017,true
31882,true,1,0.910,true
31899,true,1,0.962,true
31915,true,1,0.986,true
31932,true,1,0.556,true
31949,true,1,1.098,true
31966,true,2,1.338,true
31982,true,1,0.347,true
31999,true,1,0.904,true
32015,true,1,0.816,true
32032,true,1,0.730,true
32049,true,1,0.674,true
32066,true,1,0.519,true
32082,true,1,0.897,true
32099,true,1,0.466,true
32115,true,1,0.359,true
32132,true,1,0.692,true
32149,true,1,0.886,true
32165,true,1,0.931,true
32182,true,2,1.275,true
32199,true,2,1.827,true
32215,true,2,0.821,true
32232,true,2,2.616,true
32249,true,2,1.455,true
32268,true,2,3.044,true
32300,true,2,6.298,true
32332,true,2,1.529,true
32349,true,2,0.809,true
32366,true,2,0.757,true
32383,true,2,1.653,true
32399,true,2,0.724,true
32415,true,3,2.335,true
32433,true,2,1.425,true
32450,true,2,1.448,true
32466,true,2,0.695,true
32483,true,2,1.378,true
32499,true,2,1.701,true
32515,true,2,1.261,true
32532,true,2,0.791,true
32549,true,2,1.465,true
32566,true,2,1.966,true
32583,true,2,1.365,true
32599,true,2,1.527,true
32615,true,2,0.964,true
32632,true,2,1.623,true
32648,true,2,6.993,true
32666,true,1,0.520,true
32683,true,1,0.771,true
32699,true,1,1.134,true
32716,true,1,0.801,true
32732,true,1,0.920,true
32749,true,2,0.723,true
32765,true,2,1.571,true
32783,true,2,2.096,true
32800,true,2,1.681,true
32833,true,2,1.425,true
32849,true,2,3.582,true
32865,true,2,2.179,true
32882,true,2,1.597,true
32899,true,1,0.695,true
32916,true,1,0.349,true
32932,true,1,0.492,true
32949,true,1,0.375,true
32966,true,1,0.685,true
32983,true,1,0.737,true
32999,true,1,1.887,true
33015,true,1,1.547,true
33032,true,1,0.826,true
33049,true,1,0.913,true
33066,true,1,0.870,true
33083,true,1,0.603,true
33099,true,2,1.693,true
33115,true,2,2.190,true
33132,true,2,2.760,true
33148,true,2,1.639,true
33165,true,2,2.080,true
33182,true,2,1.697,true
33199,true,2,4.120,true
33216,true,1,0.804,true
33233,true,1,3.440,true
33250,true,1,0.445,true
33266,true,1,3.673,true
33284,true,1,0.628,true
33300,true,1,1.056,true
33316,true,1,0.757,true
33332,true,1,0.789,true
33349,true,1,0.739,true
33365,true,1,1.037,true
33382,true,1,1.054,true
33399,true,1,1.473,true
33416,true,1,1.208,true
33432,true,1,1.432,true
33449,true,1,1.086,true
33466,true,1,1.029,true
33482,true,1,0.921,true
33500,true,1,1.075,true
33516,true,1,1.410,true
33532,true,1,1.685,true
33566,true,0,0.100,true
33582,true,0,0.075,true
33600,true,0,0.463,true
33616,true,0,0.129,true
33633,true,0,0.157,true
33649,true,0,0.224,true
33666,true,0,0.109,true
33682,true,0,0.138,true
33700,true,0,0.341,true
33716,true,0,0.121,true
33732,true,0,0.077,true
33749,true,0,0.121,true
33766,true,0,0.137,true
33782,true,0,0.160,true
33800,true,0,2.975,true
33816,true,0,0.084,true
33833,true,0,0.403,true
33849,true,0,6.824,true
33866,true,0,0.098,true
33882,true,0,0.083,true
33899,true,0,0.154,true
33917,true,0,0.248,true
33933,true,0,0.083,true
33949,true,0,0.180,true
33966,true,0,0.112,true
33982,true,0,0.101,true
33999,true,1,0.720,true
34017,true,1,0.610,true
34034,true,1,0.772,true
34066,true,1,0.425,true
34082,true,1,0.325,true
34099,true,1,0.793,true
34117,true,1,1.311,true
34133,true,1,0.813,true
34149,true,1,0.847,true
34165,true,1,0.688,true
34182,true,1,0.739,true
34199,true,1,0.686,true
34217,true,2,1.561,true
34233,true,2,1.549,true
34249,true,2,1.434,true
34266,true,2,1.493,true
34282,true,2,3.751,true
34299,true,2,1.423,true
34316,true,2,2.744,true
34333,true,2,1.569,true
34349,true,2,1.408,true
34366,true,2,5.020,true
34382,true,2,3.585,true
34399,true,2,3.373,true
34416,true,2,1.980,true
34433,true,2,1.857,true
34451,true,2,1.930,true
34483,true,1,0.875,true
34499,true,1,0.962,true
34516,true,1,0.927,true
34533,true,1,0.922,true
34549,true,1,0.778,true
34566,true,1,0.816,true
34582,true,1,0.929,true
34599,true,1,0.877,true
34616,true,1,0.833,true
34633,true,1,4.103,true
34649,true,1,1.427,true
34665,true,1,1.035,true
34682,true,2,1.684,true
34699,true,1,0.610,true
34716,true,1,0.899,true
34733,true,1,0.659,true
34749,true,1,0.927,true
34765,true,1,0.861,true
34782,true,1,1.055,true
34798,true,1,0.942,true
34815,true,1,1.170,true
34833,true,1,0.724,true
34849,true,1,1.098,true
34865,true,1,0.842,true
34884,true,1,1.380,true
34916,true,2,0.869,true
34932,true,2,2.382,true
34949,true,2,0.941,true
34966,true,2,0.834,true
34998,true,2,0.789,true
35016,true,2,1.017,true
35032,true,2,0.703,true
35050,true,2,1.516,true
35066,true,2,0.847,true
35082,true,2,0.838,true
35099,true,2,1.653,true
35115,true,2,1.802,true
35132,true,3,2.305,true
35149,true,2,3.273,true
35166,true,2,2.098,true
35182,true,2,1.570,true
35199,true,2,1.549,true
35215,true,2,3.052,true
35232,true,2,1.417,true
35250,true,2,4.793,true
35282,true,2,1.564,true
35299,true,2,1.794,true
35315,true,2,2.919,true
35332,true,2,1.394,true
35350,true,3,2.287,true
35382,true,2,1.559,true
35399,true,2,1.636,true
35416,true,2,1.257,true
35432,true,2,1.392,true
35449,true,2,2.382,true
35466,true,2,0.793,true
35482,true,2,0.794,true
35499,true,2,1.559,true
35515,true,2,2.064,true
35532,true,2,5.514,true
35548,true,2,5.399,true
35566,true,2,0.804,true
35582,true,3,2.423,true
35599,true,2,1.589,true
35616,true,2,7.425,true
35632,true,2,0.710,true
35649,true,2,1.020,true
35666,true,2,1.475,true
35682,true,2,0.819,true
35698,true,2,1.790,true
35715,true,2,1.103,true
35732,true,2,1.566,true
35748,true,2,1.436,true
35766,true,2,0.855,true
35782,true,2,1.555,true
35799,true,2,0.991,true
35816,true,1,0.947,true
35832,true,1,1.012,true
35850,true,1,1.102,true
35866,true,1,1.244,true
35883,true,1,0.395,true
35916,true,1,0.747,true
35932,true,1,0.658,true
35949,true,1,0.640,true
35966,true,1,1.037,true
35983,true,1,1.114,true
35999,true,1,0.866,true
36016,true,1,0.872,true
36032,true,2,0.982,true
36049,true,1,0.596,true
36066,true,1,0.377,true
36082,true,1,0.685,true
36099,true,1,5.239,true
36115,true,1,0.557,true
36132,true,1,1.212,true
36149,true,1,0.771,true
36165,true,1,0.666,true
36182,true,1,0.884,true
36199,true,1,1.394,true
36215,true,1,0.843,true
36232,true,1,0.618,true
36249,true,1,2.163,true
36265,true,1,0.566,true
36283,true,1,0.745,true
36299,true,1,0.426,true
36315,true,1,0.866,true
36332,true,2,0.537,true
36348,true,1,0.730,true
36365,true,1,0.857,true
36382,true,1,0.489,true
36399,true,1,0.403,true
36416,true,1,0.552,true
36433,true,1,1.078,true
36449,true,1,1.002,true
36466,true,1,0.988,true
36483,true,2,0.702,true
36499,true,1,0.712,true
36516,true,1,0.662,true
36532,true,1,0.662,true
36549,true,1,0.397,true
36565,true,1,0.591,true
36583,true,1,0.795,true
36600,true,1,0.556,true
36616,true,1,0.975,true
36633,true,1,0.530,true
36649,true,1,0.650,true
36666,true,1,0.617,true
36683,true,1,0.598,true
36699,true,1,0.390,true
36715,true,1,0.754,true
36732,true,1,2.087,true
36749,true,1,0.621,true
36765,true,1,0.763,true
36782,true,2,1.538,true
36799,true,2,0.979,true
36816,true,2,1.702,true
36832,true,2,1.483,true
36849,true,2,0.779,true
36865,true,2,1.194,true
36882,true,2,1.532,true
36899,true,2,1.634,true
36916,true,2,2.017,true
36950,true,1,1.336,true
36966,true,1,1.280,true
36982,true,1,0.901,true
36999,true,1,0.986,true
37016,true,1,0.913,true
37033,true,1,2.011,true
37049,true,1,0.493,true
37066,true,1,0.433,true
37082,true,1,0.742,true
37099,true,1,0.440,true
37116,true,1,0.580,true
37132,true,1,0.412,true
37149,true,1,0.433,true
37165,true,1,0.551,true
37182,true,1,0.489,true
37199,true,1,0.488,true
37216,true,1,0.556,true
37232,true,1,1.155,true
37249,true,0,0.337,true
37265,true,0,0.141,true
37282,true,0,0.096,true
37299,true,0,0.090,true
37317,true,0,0.098,true
37333,true,0,0.124,true
37366,true,0,0.099,true
37382,true,0,0.103,true
37399,true,0,0.524,true
37417,true,0,0.123,true
37433,true,0,0.078,true
37449,true,0,0.418,true
37466,true,0,0.380,true
37483,true,0,0.289,true
37499,true,0,0.538,true
37516,true,0,0.455,true
37532,true,0,0.245,true
37549,true,0,0.233,true
37566,true,0,0.458,true
37583,true,0,1.650,true
37599,true,0,0.250,true
37616,true,0,0.800,true
37633,true,0,0.409,true
37649,true,0,0.320,true
37666,true,1,0.901,true
37682,true,1,2.038,true
37699,true,1,0.906,true
37716,true,1,3.721,true
37733,true,1,0.914,true
37749,true,1,1.135,true
37766,true,1,0.642,true
37782,true,1,1.014,true
37799,true,1,0.849,true
37817,true,1,0.828,true
37833,true,2,1.646,true
37849,true,2,1.267,true
37866,true,2,4.423,true
37882,true,2,1.427,true
37899,true,2,1.289,true
37916,true,2,1.459,true
37933,true,2,4.192,true
37949,true,2,2.006,true
37965,true,2,5.059,true
37982,true,2,1.913,true
37999,true,2,1.744,true
38015,true,2,2.981,true
38033,true,2,6.807,true
38050,true,3,5.751,true
38066,true,2,1.370,true
38085,true,2,9.254,true
38116,true,2,4.928,true
38133,true,2,4.914,true
38149,true,2,1.556,true
38165,true,2,1.806,true
38182,true,2,1.466,true
38199,true,2,1.681,true
38216,true,2,5.153,true
38233,true,2,0.839,true
38249,true,2,1.596,true
38266,true,2,1.613,true
38282,true,3,1.280,true
38300,true,2,1.407,true
38333,true,2,1.582,true
38350,true,2,0.820,true
38382,true,2,2.070,true
38399,true,2,1.526,true
38416,true,2,1.697,true
38433,true,2,0.743,true
38449,true,2,1.127,true
38466,true,2,0.723,true
38482,true,2,2.203,true
38499,true,3,2.794,true
38515,true,3,1.924,true
38532,true,2,1.636,true
38549,true,2,1.492,true
38566,true,2,0.697,true
38582,true,2,0.725,true
38599,true,2,1.418,true
38616,true,2,3.828,true
38632,true,2,1.935,true
38650,true,2,1.438,true
38666,true,2,2.826,true
38683,true,2,1.450,true
38699,true,2,0.697,true
38716,true,3,2.235,true
38732,true,3,1.774,true
38749,true,2,1.198,true
38765,true,2,1.748,true
38782,true,2,1.526,true
38799,true,2,1.848,true
38816,true,2,1.662,true
38833,true,2,5.979,true
38850,true,2,1.706,true
38867,true,2,0.926,true
38899,true,2,2.757,true
38916,true,2,5.307,true
38932,true,2,1.568,true
38950,true,2,1.773,true
38966,true,2,1.530,true
38982,true,1,0.729,true
39000,true,1,1.508,true
39016,true,1,4.170,true
39033,true,1,2.009,true
39049,true,1,4.720,true
39067,true,1,2.902,true
39083,true,1,1.774,true
39099,true,1,0.550,true
39115,true,1,1.538,true
39132,true,1,1.253,true
39149,true,1,1.653,true
39166,true,1,0.437,true
39183,true,1,6.029,true
39200,true,0,0.351,true
39216,true,0,0.117,true
39233,true,0,0.071,true
39249,true,0,0.099,true
39267,true,0,0.098,true
39283,true,0,0.074,true
39299,true,0,0.133,true
39316,true,0,0.115,true
39332,true,0,1.130,true
39349,true,0,0.203,true
39367,true,0,0.115,true
39383,true,0,0.118,true
39399,true,0,0.117,true
39416,true,0,0.105,true
39432,true,0,0.114,true
39449,true,0,0.209,true
39466,true,0,0.102,true
39484,true,0,0.068,true
39500,true,0,0.092,true
39516,true,0,0.073,true
39532,true,0,0.092,true
39549,true,0,0.120,true
39566,true,0,0.104,true
39583,true,0,0.071,true
39600,true,0,0.114,true
39616,true,0,0.096,true
39632,true,0,0.131,true
39648,true,0,0.093,true
39665,true,0,0.120,true
39685,true,0,0.100,true
39716,true,0,0.100,true
39732,true,0,0.099,true
39750,true,0,0.075,true
39782,true,0,0.096,true
39799,true,0,0.075,true
39816,true,0,0.077,true
39832,true,0,0.101,true
39849,true,0,0.102,true
39866,true,0,0.386,true
39883,true,0,0.116,true
39899,true,0,0.179,true
39916,true,0,0.116,true
39933,true,0,0.106,true
39949,true,0,0.479,true
39966,true,0,0.153,true
39983,true,0,0.144,true
40000,true,0,0.506,true
40033,true,0,0.073,true
40049,true,0,0.122,true
40066,true,0,0.101,true
40082,true,0,0.091,true
40100,true,0,0.104,true
40116,true,0,0.093,true
40132,true,0,0.226,true
40149,true,0,0.100,true
40165,true,0,0.125,true
40182,true,0,0.091,true
40200,true,1,0.878,true
40216,true,1,0.889,true
40232,true,1,0.425,true
40249,true,1,3.280,true
40266,true,1,0.691,true
40282,true,1,0.869,true
40300,true,1,1.526,true
40316,true,1,0.893,true
40332,true,1,1.039,true
40349,true,1,1.210,true
40365,true,1,0.809,true
40382,true,1,3.335,true
40399,true,1,0.662,true
40416,true,1,1.987,true
40432,true,1,1.707,true
40449,true,1,1.216,true
40465,true,1,4.207,true
40482,true,1,1.059,true
40499,true,1,0.906,true
40516,true,1,0.602,true
40534,true,1,2.950,true
40550,true,0,0.066,true
40566,true,0,0.136,true
40582,true,2,0.619,true
40599,true,2,0.728,true
40617,true,2,0.635,true
40633,true,2,0.614,true
40649,true,2,1.576,true
40666,true,2,1.472,true
40682,true,2,0.822,true
40699,true,2,1.357,true
40716,true,2,1.579,true
40733,true,2,1.013,true
40750,true,2,1.441,true
40766,true,2,1.616,true
40782,true,3,2.065,true
40799,true,2,2.054,true
40816,true,2,1.553,true
40833,true,2,1.876,true
40850,true,2,0.768,true
40882,true,2,0.913,true
40898,true,2,5.303,true
40915,true,4,3.739,true
40932,true,4,4.613,true
40949,true,4,5.349,true
40966,true,4,1.476,true
40982,true,4,3.591,true
40999,true,2,1.075,true
41016,true,2,1.017,true
41033,true,2,1.562,true
41049,true,2,1.377,true
41066,true,2,1.422,true
41082,true,2,1.494,true
41099,true,2,1.528,true
41116,true,2,1.936,true
41135,true,2,2.428,true
41165,true,2,2.064,true
41182,true,2,1.096,true
41200,true,2,4.860,true
41216,true,2,1.448,true
41232,true,2,1.544,true
41249,true,3,2.375,true
41265,true,4,5.595,true
41284,true,4,3.176,true
41315,true,4,2.988,true
41350,true,2,1.286,true
41366,true,2,1.310,true
41383,true,2,1.267,true
41399,true,2,0.899,true
41416,true,2,0.903,true
41433,true,2,0.963,true
41449,true,2,1.188,true
41465,true,2,1.556,true
41482,true,2,0.999,true
41499,true,2,1.293,true
41516,true,2,1.084,true
41533,true,2,1.167,true
41550,true,2,0.752,true
41566,true,2,1.507,true
41583,true,2,4.610,true
41599,true,2,0.796,true
41616,true,2,1.531,true
41632,true,2,0.770,true
41649,true,2,0.785,true
41666,true,2,1.725,true
41682,true,0,0.128,true
41700,true,1,0.656,true
41716,true,1,0.361,true
41732,true,1,0.719,true
41749,true,1,0.569,true
41766,true,1,0.574,true
41782,true,1,0.767,true
41799,true,1,0.809,true
41816,true,1,0.727,true
41833,true,1,0.715,true
41850,true,1,0.784,true
41866,true,1,0.554,true
41882,true,1,0.882,true
41899,true,1,0.514,true
41916,true,1,0.900,true
41932,true,2,0.673,true
41949,true,2,1.040,true
41967,true,2,1.289,true
41999,true,2,1.489,true
42015,true,2,1.609,true
42032,true,2,1.527,true
42050,true,2,1.145,true
42066,true,2,0.825,true
42082,true,2,2.987,true
42099,true,2,1.708,true
42115,true,2,1.763,true
42132,true,1,3.277,true
42149,true,1,0.863,true
42166,true,2,1.347,true
42184,true,2,1.024,true
42216,true,2,2.179,true
42233,true,2,11.529,true
42249,true,2,1.504,true
42266,true,2,5.056,true
42282,true,2,3.426,true
42298,true,2,0.834,true
42315,true,2,0.881,true
42332,true,2,1.746,true
42348,true,2,0.736,true
42366,true,1,0.697,true
42383,true,3,2.251,true
42399,true,3,0.925,true
42415,true,3,2.108,true
42432,true,3,1.850,true
42449,true,3,0.959,true
42466,true,3,2.101,true
42482,true,3,1.007,true
42499,true,3,1.725,true
42515,true,3,4.832,true
42532,true,3,7.152,true
42548,true,3,1.005,true
42566,true,3,2.322,true
42582,true,2,1.057,true
42598,true,2,1.484,true
42616,true,2,1.482,true
42632,true,2,5.683,true
42649,true,2,3.682,true
42665,true,2,0.831,true
42683,true,2,1.594,true
42699,true,2,1.542,true
42715,true,2,1.104,true
42732,true,2,0.942,true
42748,true,2,1.796,true
42765,true,2,1.558,true
42782,true,2,1.816,true
42799,true,2,1.668,true
42816,true,0,0.071,true
42833,true,1,0.453,true
42849,true,1,0.894,true
42866,true,1,0.931,true
42884,true,1,0.672,true
42916,true,1,1.805,true
42932,true,1,0.676,true
42949,true,1,0.392,true
42965,true,1,0.789,true
42982,true,1,0.473,true
42999,true,1,3.065,true
43016,true,1,1.182,true
43033,true,1,1.618,true
43049,true,1,1.693,true
43065,true,1,0.763,true
43083,true,1,0.459,true
43099,true,1,1.003,true
43116,true,1,0.873,true
43132,true,1,0.794,true
43149,true,1,1.003,true
43165,true,1,0.868,true
43182,true,1,1.270,true
43200,true,1,0.978,true
43216,true,1,0.925,true
43232,true,1,0.939,true
43249,true,1,0.973,true
43266,true,0,0.104,true
43282,true,1,0.648,true
43300,true,1,0.717,true
43316,true,1,0.580,true
43333,true,1,0.649,true
43349,true,1,0.899,true
43365,true,1,0.659,true
43382,true,1,0.889,true
43400,true,1,0.929,true
43416,true,1,1.036,true
43433,true,1,1.296,true
43449,true,1,0.925,true
43466,true,1,1.051,true
43482,true,1,0.747,true
43500,true,1,1.469,true
43516,true,1,1.215,true
43532,true,1,0.872,true
43549,true,1,0.805,true
43566,true,1,0.779,true
43582,true,1,0.414,true
43600,true,1,0.586,true
43616,true,1,1.530,true
43633,true,1,0.407,true
43649,true,1,1.312,true
43666,true,1,0.793,true
43682,true,1,1.137,true
43698,true,1,0.893,true
43716,true,0,0.107,true
43733,true,1,0.749,true
43749,true,1,0.879,true
43766,true,1,0.614,true
43782,true,1,0.353,true
43799,true,1,0.367,true
43817,true,1,0.350,true
43833,true,1,0.671,true
43849,true,1,0.393,true
43866,true,1,0.758,true
43882,true,1,0.905,true
43899,true,1,0.831,true
43916,true,1,1.096,true
43932,true,1,0.752,true
43949,true,1,0.420,true
43966,true,1,0.692,true
43982,true,1,1.028,true
43999,true,1,1.048,true
44016,true,1,0.661,true
44033,true,1,0.431,true
44049,true,1,0.544,true
44066,true,1,0.598,true
44082,true,1,0.999,true
44099,true,1,0.708,true
44115,true,1,0.792,true
44133,true,1,1.099,true
44151,true,1,0.988,true
44167,true,0,0.163,true
44183,true,2,1.611,true
44199,true,2,1.803,true
44216,true,2,1.348,true
44233,true,2,1.191,true
44249,true,2,1.571,true
44266,true,2,1.365,true
44282,true,2,1.118,true
44299,true,2,4.345,true
44316,true,2,1.408,true
44333,true,2,1.685,true
44349,true,2,1.831,true
44366,true,2,1.555,true
44382,true,2,1.690,true
44399,true,2,1.741,true
44416,true,2,1.223,true
44433,true,2,1.686,true
44450,true,2,1.697,true
44466,true,2,1.835,true
44484,true,2,1.554,true
44516,true,2,2.184,true
44533,true,4,3.184,true
44549,true,4,2.347,true
44565,true,4,3.471,true
44582,true,4,3.141,true
44600,true,4,3.909,true
44616,true,2,1.473,true
44633,true,2,1.335,true
44650,true,2,5.764,true
44666,true,2,2.234,true
44682,true,2,1.681,true
44699,true,2,1.485,true
44715,true,2,0.845,true
44732,true,2,0.886,true
44749,true,2,1.917,true
44766,true,2,1.545,true
44782,true,2,0.688,true
44799,true,2,1.861,true
44816,true,2,4.750,true
44832,true,2,3.033,true
44850,true,2,2.177,true
44866,true,4,3.049,true
44882,true,4,3.459,true
44900,true,4,1.718,true
44932,true,4,3.034,true
44966,true,2,1.399,true
44983,true,2,1.732,true
44999,true,2,1.781,true
45016,true,2,2.341,true
45033,true,2,1.461,true
45050,true,2,2.930,true
45066,true,2,1.368,true
45082,true,2,2.065,true
45099,true,2,1.403,true
45115,true,2,1.582,true
45132,true,2,1.091,true
45149,true,2,1.696,true
45166,true,2,0.733,true
45182,true,2,4.849,true
45199,true,2,1.612,true
45216,true,2,1.736,true
45232,true,2,1.390,true
45249,true,2,5.359,true
45266,true,3,5.828,true
45282,true,2,1.878,true
45299,true,0,0.119,true
45316,true,1,0.778,true
45332,true,1,0.363,true
45349,true,1,0.332,true
45366,true,1,0.707,true
45383,true,1,0.707,true
45399,true,1,0.501,true
45416,true,1,0.774,true
45432,true,1,0.773,true
45448,true,1,0.806,true
45466,true,1,0.783,true
45482,true,1,5.933,true
45498,true,1,0.596,true
45516,true,1,0.700,true
45532,true,1,0.980,true
45549,true,2,1.663,true
45566,true,2,0.810,true
45582,true,2,2.096,true
45598,true,2,0.952,true
45616,true,2,1.470,true
45632,true,3,2.106,true
45649,true,2,1.313,true
45667,true,2,3.605,true
45683,true,2,1.529,true
45699,true,2,1.643,true
45715,true,2,1.669,true
45732,true,2,0.859,true
45749,true,1,2.089,true
45767,true,2,1.181,true
45783,true,2,3.797,true
45799,true,2,0.655,true
45816,true,2,0.680,true
45832,true,2,0.669,true
45849,true,2,0.928,true
45865,true,2,0.979,true
45883,true,2,0.945,true
45899,true,2,1.604,true
45915,true,2,1.358,true
45932,true,2,1.280,true
45948,true,2,2.013,true
45966,true,1,0.433,true
45982,true,1,0.763,true
46000,true,3,0.938,true
46032,true,3,1.184,true
46049,true,3,2.106,true
46065,true,3,2.434,true
46084,true,3,2.724,true
46115,true,3,1.989,true
46132,true,3,1.920,true
46148,true,3,2.363,true
46165,true,3,2.937,true
46182,true,3,2.473,true
46199,true,2,1.154,true
46217,true,2,1.499,true
46249,true,2,2.051,true
46266,true,2,1.438,true
46283,true,2,1.555,true
46300,true,2,1.220,true
46332,true,2,2.174,true
46349,true,2,1.345,true
46365,true,2,1.282,true
46383,true,2,0.981,true
46399,true,2,1.874,true
46416,true,0,0.393,true
46432,true,0,0.098,true
46450,true,1,0.505,true
46466,true,1,0.369,true
46482,true,1,0.679,true
46503,true,1,0.392,true
46533,true,1,0.642,true
46549,true,1,1.605,true
46565,true,1,0.720,true
46582,true,1,0.728,true
46599,true,1,0.708,true
46616,true,1,0.998,true
46632,true,1,0.463,true
46649,true,1,0.733,true
46665,true,1,0.652,true
46682,true,1,0.425,true
46700,true,1,0.537,true
46733,true,1,0.758,true
46749,true,1,0.773,true
46765,true,1,0.484,true
46782,true,1,0.815,true
46800,true,1,0.785,true
46817,true,1,0.827,true
46850,true,1,0.460,true
46882,true,0,0.075,true
46900,true,1,0.418,true
46916,true,1,0.332,true
46933,true,1,0.336,true
46949,true,1,1.623,true
46965,true,1,0.722,true
46982,true,1,0.401,true
46999,true,1,0.629,true
47017,true,1,1.085,true
47033,true,1,0.579,true
47049,true,1,1.251,true
47066,true,1,0.882,true
47083,true,1,0.451,true
47099,true,1,0.806,true
47116,true,1,0.522,true
47133,true,1,0.577,true
47165,true,1,0.735,true
47182,true,1,0.669,true
47199,true,1,1.729,true
47217,true,1,1.783,true
47233,true,1,0.471,true
47249,true,1,1.110,true
47266,true,1,1.006,true
47283,true,1,1.576,true
47299,true,1,0.987,true
47315,true,1,0.511,true
47332,true,0,0.092,true
47349,true,1,0.446,true
47366,true,1,1.416,true
47382,true,1,0.656,true
47399,true,1,0.658,true
47417,true,1,0.515,true
47433,true,1,0.538,true
47449,true,1,0.370,true
47471,true,1,1.391,true
47499,true,1,0.716,true
47516,true,1,1.079,true
47533,true,1,0.925,true
47549,true,1,1.013,true
47566,true,1,0.730,true
47582,true,1,0.781,true
47599,true,1,3.291,true
47616,true,1,0.829,true
47633,true,1,1.031,true
47650,true,1,0.925,true
47666,true,1,0.538,true
47682,true,1,0.407,true
47699,true,1,0.548,true
47716,true,1,0.587,true
47733,true,1,0.479,true
47749,true,1,0.503,true
47765,true,0,0.072,true
47790,true,0,0.085,true
47816,true,2,1.205,true
47833,true,2,1.023,true
47850,true,2,0.623,true
47866,true,2,0.588,true
47882,true,2,0.827,true
47899,true,2,3.319,true
47915,true,2,0.638,true
47933,true,2,0.606,true
47949,true,2,0.698,true
47965,true,2,0.735,true
47982,true,2,0.674,true
47999,true,3,0.788,true
48016,true,2,0.898,true
48032,true,2,0.686,true
48049,true,2,0.753,true
48066,true,2,0.725,true
48082,true,2,0.739,true
48099,true,2,0.752,true
48116,true,2,0.726,true
48132,true,4,8.063,true
48149,true,4,1.558,true
48166,true,4,5.134,true
48182,true,4,3.114,true
48198,true,4,4.024,true
48215,true,4,2.183,true
48232,true,2,1.226,true
48250,true,2,1.080,true
48266,true,2,1.516,true
48282,true,2,0.811,true
48299,true,2,1.376,true
48315,true,2,1.292,true
48332,true,2,2.051,true
48349,true,2,1.961,true
48366,true,2,0.971,true
48382,true,2,0.807,true
48399,true,2,0.953,true
48415,true,2,1.057,true
48432,true,2,1.516,true
48449,true,2,0.981,true
48466,true,3,11.427,true
48482,true,4,6.512,true
48498,true,4,5.091,true
48515,true,4,3.589,true
48532,true,4,3.591,true
48549,true,4,7.448,true
48565,true,2,1.477,true
48582,true,2,1.075,true
48599,true,2,1.016,true
48616,true,2,1.417,true
48632,true,2,1.204,true
48649,true,2,0.657,true
48666,true,2,4.930,true
48682,true,2,0.726,true
48699,true,2,0.688,true
48715,true,2,3.176,true
48732,true,2,7.234,true
48751,true,2,1.801,true
48782,true,2,2.209,true
48798,true,2,1.563,true
48815,true,2,2.346,true
48832,true,2,1.460,true
48849,true,2,1.404,true
48866,true,2,2.832,true
48883,true,2,1.762,true
48899,true,0,0.116,true
48916,true,1,3.124,true
48933,true,1,0.562,true
48949,true,1,0.885,true
48966,true,1,1.141,true
48983,true,1,1.694,true
48999,true,1,1.162,true
49016,true,1,0.493,true
49033,true,1,0.358,true
49049,true,1,0.446,true
49066,true,1,0.398,true
49085,true,1,0.562,true
49115,true,1,0.554,true
49132,true,1,0.443,true
49149,true,2,0.838,true
49165,true,2,0.813,true
49182,true,2,0.786,true
49199,true,2,0.828,true
49215,true,2,3.203,true
49232,true,2,3.489,true
49249,true,2,1.572,true
49266,true,2,0.661,true
49283,true,2,3.839,true
49299,true,2,0.713,true
49315,true,2,1.675,true
49332,true,2,0.792,true
49349,true,1,0.643,true
49365,true,1,0.856,true
49382,true,2,1.125,true
49399,true,2,3.274,true
49416,true,2,1.164,true
49432,true,2,1.103,true
49449,true,2,1.142,true
49466,true,2,1.409,true
49482,true,2,4.487,true
49499,true,2,0.974,true
49515,true,2,4.799,true
49532,true,2,1.541,true
49549,true,2,1.309,true
49565,true,2,2.089,true
49582,true,1,0.658,true
49599,true,3,0.940,true
49615,true,3,2.274,true
49632,true,3,1.343,true
49648,true,3,0.920,true
49665,true,3,6.703,true
49682,true,3,3.133,true
49699,true,3,2.833,true
49715,true,3,1.248,true
49732,true,3,1.415,true
49749,true,3,2.491,true
49765,true,3,0.983,true
49782,true,3,2.200,true
49799,true,3,1.051,true
49816,true,2,1.671,true
49833,true,2,0.953,true
49849,true,2,0.727,true
49866,true,2,0.725,true
49883,true,2,1.523,true
49899,true,2,1.232,true
49916,true,2,1.820,true
49932,true,2,2.202,true
49949,true,2,0.743,true
49965,true,2,1.380,true
49982,true,2,1.305,true
49999,true,2,2.009,true
50016,true,2,1.821,true
50033,true,0,0.106,true
50050,true,1,2.351,true
50082,true,1,0.992,true
50099,true,1,0.646,true
50116,true,1,0.726,true
50132,true,1,0.468,true
50149,true,1,0.702,true
50165,true,1,0.760,true
50182,true,1,0.945,true
50199,true,1,2.868,true
50216,true,1,0.645,true
50232,true,1,0.891,true
50249,true,1,0.848,true
50265,true,1,0.693,true
50282,true,1,0.624,true
50299,true,1,0.905,true
50316,true,1,0.724,true
50333,true,1,0.697,true
50349,true,1,0.744,true
50365,true,1,1.444,true
50382,true,1,0.967,true
50399,true,1,0.759,true
50417,true,1,0.741,true
50433,true,1,0.723,true
50449,true,1,0.880,true
50465,true,1,0.975,true
50483,true,0,0.081,true
50499,true,1,0.786,true
50517,true,1,0.586,true
50533,true,1,0.804,true
50549,true,1,0.677,true
50565,true,1,0.580,true
50582,true,1,0.617,true
50600,true,1,0.623,true
50617,true,1,0.830,true
50633,true,1,0.520,true
50649,true,1,0.680,true
50666,true,1,0.450,true
50682,true,1,0.549,true
50699,true,1,0.873,true
50716,true,1,0.387,true
50732,true,1,0.407,true
50749,true,1,0.706,true
50766,true,1,0.627,true
50782,true,1,1.467,true
50799,true,1,0.553,true
50816,true,1,0.979,true
50833,true,1,1.081,true
50850,true,1,0.729,true
50866,true,1,0.701,true
50882,true,1,0.994,true
50899,true,2,1.271,true
50915,true,1,0.497,true
50933,true,0,0.105,true
50950,true,1,0.694,true
50983,true,1,0.604,true
50999,true,1,0.648,true
51015,true,1,0.631,true
51033,true,1,0.647,true
51050,true,1,0.668,true
51066,true,1,0.671,true
51082,true,1,0.704,true
51099,true,1,0.731,true
51116,true,1,0.707,true
51134,true,1,0.741,true
51150,true,1,0.715,true
51166,true,1,0.815,true
51183,true,1,0.714,true
51199,true,1,0.703,true
51216,true,1,0.711,true
51232,true,1,0.777,true
51250,true,1,0.873,true
51266,true,1,0.731,true
51282,true,1,0.790,true
51299,true,1,0.926,true
51316,true,1,0.958,true
51332,true,1,0.880,true
51349,true,1,0.881,true
51366,true,1,1.782,true
51382,true,0,0.260,true
51399,true,0,0.107,true
51416,true,0,0.153,true
51433,true,0,0.123,true
51450,true,0,0.098,true
51467,true,0,0.067,true
51483,true,0,0.094,true
51499,true,0,1.198,true
51516,true,0,0.165,true
51533,true,0,0.125,true
51551,true,0,0.197,true
51583,true,0,0.223,true
51599,true,0,0.091,true
51616,true,0,0.109,true
51633,true,1,0.591,true
51650,true,1,0.624,true
51667,true,1,0.763,true
51683,true,1,3.965,true
51699,true,1,0.799,true
51716,true,1,0.806,true
51732,true,1,0.685,true
51750,true,1,1.211,true
51767,true,1,0.825,true
51783,true,1,0.665,true
51799,true,1,0.747,true
51816,true,1,0.907,true
51832,true,1,0.829,true
51849,true,1,2.688,true
51866,true,2,1.275,true
51882,true,2,1.791,true
51899,true,2,1.559,true
51915,true,2,1.483,true
51932,true,2,0.878,true
51949,true,3,1.799,true
51966,true,2,1.478,true
51983,true,2,1.609,true
51999,true,2,0.710,true
52015,true,2,1.338,true
52032,true,2,1.649,true
52067,true,2,1.531,true
52083,true,1,0.772,true
52099,true,2,1.352,true
52115,true,2,1.388,true
52132,true,2,1.630,true
52149,true,2,1.345,true
52166,true,2,1.539,true
52182,true,2,0.690,true
52199,true,2,1.777,true
52216,true,2,1.358,true
52232,true,2,1.958,true
52249,true,2,1.256,true
52266,true,2,1.509,true
52283,true,2,2.250,true
52299,true,2,2.090,true
52315,true,1,2.255,true
52333,true,2,4.180,true
52366,true,2,0.835,true
52383,true,2,2.564,true
52399,true,2,1.594,true
52416,true,2,1.539,true
52432,true,2,1.426,true
52449,true,2,1.629,true
52465,true,2,1.029,true
52482,true,2,2.000,true
52499,true,2,1.607,true
52515,true,2,1.517,true
52532,true,2,1.024,true
52550,true,2,1.308,true
52566,true,2,1.670,true
52583,true,2,1.500,true
52600,true,2,1.351,true
52616,true,2,4.921,true
52632,true,2,4.278,true
52649,true,2,4.862,true
52665,true,2,1.512,true
52683,true,2,1.482,true
52699,true,2,2.132,true
52715,true,2,2.274,true
52732,true,2,1.555,true
52749,true,2,1.620,true
52766,true,1,0.479,true
52783,true,2,0.670,true
52800,true,2,0.888,true
52816,true,2,1.375,true
52835,true,2,1.597,true
52866,true,2,1.934,true
52882,true,2,1.193,true
52899,true,2,1.525,true
52915,true,2,1.444,true
52932,true,2,0.820,true
52948,true,2,1.441,true
52965,true,2,1.506,true
52982,true,2,3.202,true
52999,true,2,0.714,true
53015,true,2,1.302,true
53032,true,2,1.690,true
53049,true,2,0.847,true
53065,true,2,1.542,true
53082,true,2,1.534,true
53099,true,2,3.062,true
53116,true,2,1.305,true
53132,true,2,3.549,true
53149,true,2,6.050,true
53165,true,2,1.406,true
53182,true,2,1.703,true
53199,true,2,1.749,true
53216,true,2,1.930,true
53232,true,1,0.851,true
53249,true,1,1.004,true
53266,true,1,0.967,true
53283,true,1,1.075,true
53299,true,1,0.804,true
53316,true,1,1.720,true
53332,true,1,0.770,true
53349,true,1,0.810,true
53365,true,1,0.914,true
53382,true,1,0.799,true
53399,true,1,4.272,true
53416,true,1,0.813,true
53433,true,1,3.992,true
53449,true,1,1.063,true
53465,true,1,0.996,true
53482,true,1,0.773,true
53499,true,1,0.800,true
53516,true,1,0.611,true
53532,true,1,0.605,true
53548,true,1,0.965,true
53565,true,1,0.632,true
53582,true,1,0.927,true
53599,true,1,0.510,true
53616,true,1,0.776,true
53632,true,1,1.040,true
53649,true,1,0.390,true
53666,true,1,0.399,true
53682,true,2,2.634,true
53699,true,2,1.517,true
53716,true,2,1.140,true
53732,true,2,1.447,true
53748,true,2,1.500,true
53765,true,2,4.075,true
53782,true,2,0.989,true
53799,true,2,1.523,true
53816,true,2,1.638,true
53832,true,2,3.417,true
53849,true,2,1.616,true
53866,true,2,6.143,true
53882,true,2,2.347,true
53899,true,2,1.368,true
53916,true,2,1.425,true
53932,true,2,1.073,true
53949,true,2,1.845,true
53965,true,2,1.435,true
53982,true,2,1.484,true
53999,true,2,3.975,true
54016,true,2,2.000,true
54033,true,2,1.558,true
54049,true,2,1.479,true
54065,true,2,1.071,true
54082,true,1,0.763,true
54100,true,1,0.778,true
54119,true,2,1.394,true
54149,true,2,1.433,true
54165,true,2,0.650,true
54182,true,2,1.442,true
54199,true,2,1.716,true
54215,true,2,1.479,true
54233,true,2,1.282,true
54249,true,2,1.076,true
54265,true,2,1.103,true
54282,true,2,5.619,true
54299,true,2,1.652,true
54315,true,1,0.365,true
54333,true,2,0.656,true
54349,true,2,2.604,true
54365,true,2,2.260,true
54382,true,2,1.621,true
54399,true,2,2.348,true
54416,true,2,4.778,true
54433,true,2,1.658,true
54449,true,2,1.784,true
54465,true,2,4.490,true
54482,true,2,1.659,true
54498,true,2,1.878,true
54515,true,2,2.111,true
54532,true,1,0.593,true
54549,true,1,0.391,true
54566,true,2,1.141,true
54582,true,2,1.907,true
54599,true,2,1.276,true
54616,true,2,1.028,true
54633,true,2,0.679,true
54650,true,2,1.814,true
54666,true,2,2.067,true
54682,true,2,1.612,true
54699,true,2,3.012,true
54715,true,2,1.613,true
54732,true,2,1.809,true
54756,true,2,1.453,true
54782,true,2,1.599,true
54799,true,2,1.484,true
54816,true,2,1.426,true
54833,true,2,1.624,true
54850,true,2,4.740,true
54866,true,2,1.651,true
54882,true,2,0.953,true
54898,true,2,1.539,true
54915,true,2,1.417,true
54932,true,2,1.743,true
54949,true,2,0.714,true
54965,true,2,1.322,true
54982,true,1,0.375,true
54999,true,1,0.706,true
55016,true,3,1.432,true
55032,true,3,1.711,true
55050,true,3,1.332,true
55082,true,3,1.991,true
55098,true,3,2.233,true
55115,true,3,4.514,true
55132,true,3,4.099,true
55149,true,3,2.253,true
55165,true,3,2.260,true
55182,true,3,4.987,true
55199,true,3,3.183,true
55216,true,2,1.739,true
55232,true,2,2.867,true
55249,true,2,6.128,true
55266,true,2,0.710,true
55282,true,2,2.294,true
55299,true,2,5.307,true
55315,true,2,6.141,true
55332,true,2,1.663,true
55349,true,4,1.559,true
55365,true,4,9.597,true
55382,true,4,6.097,true
55399,true,4,7.477,true
55415,true,4,5.833,true
55432,true,4,6.346,true
55449,true,2,1.792,true
55467,true,2,1.795,true
55499,true,2,1.579,true
55515,true,2,1.658,true
55532,true,2,2.272,true
55549,true,2,2.545,true
55566,true,2,1.635,true
55583,true,2,2.607,true
55616,true,2,1.499,true
55632,true,2,2.444,true
55648,true,2,12.164,true
55666,true,2,1.951,true
55682,true,3,3.107,true
55698,true,4,1.674,true
55717,true,4,2.896,true
55748,true,4,7.674,true
55768,true,4,5.726,true
55800,true,2,1.845,true
55816,true,2,0.779,true
55833,true,2,0.791,true
55849,true,2,4.168,true
55866,true,2,6.320,true
55883,true,2,1.358,true
55899,true,2,2.277,true
55915,true,2,1.485,true
55932,true,2,0.805,true
55948,true,2,3.526,true
55965,true,2,6.063,true
55983,true,2,1.761,true
55999,true,2,1.399,true
56015,true,2,0.861,true
56032,true,2,1.563,true
56048,true,2,1.703,true
56066,true,2,2.219,true
56083,true,2,2.091,true
56099,true,2,1.021,true
56116,true,0,0.098,true
56133,true,0,0.089,true
56150,true,1,0.617,true
56166,true,1,0.807,true
56183,true,1,0.618,true
56199,true,1,0.983,true
56216,true,1,0.411,true
56233,true,1,0.371,true
56249,true,1,1.518,true
56265,true,1,0.402,true
56283,true,1,2.977,true
56299,true,1,0.976,true
56315,true,1,0.758,true
56332,true,1,0.425,true
56349,true,1,0.427,true
56365,true,2,0.693,true
56382,true,2,0.912,true
56399,true,2,2.524,true
56416,true,2,1.386,true
56432,true,2,1.649,true
56449,true,2,1.933,true
56466,true,2,2.380,true
56482,true,2,1.425,true
56499,true,2,1.751,true
56516,true,2,1.132,true
56532,true,2,1.682,true
56549,true,2,1.770,true
56566,true,1,1.148,true
56582,true,1,0.868,true
56600,true,2,1.200,true
56616,true,2,0.960,true
56632,true,2,1.600,true
56649,true,2,2.986,true
56665,true,2,1.584,true
56682,true,2,1.653,true
56699,true,2,1.853,true
56716,true,2,5.132,true
56732,true,2,1.531,true
56749,true,2,1.280,true
56766,true,2,1.574,true
56782,true,2,1.907,true
56800,true,1,0.927,true
56816,true,3,2.236,true
56832,true,3,2.087,true
56849,true,3,1.868,true
56865,true,3,2.418,true
56882,true,3,1.190,true
56899,true,3,1.021,true
56916,true,3,1.754,true
56932,true,3,2.002,true
56948,true,3,1.009,true
56965,true,3,1.359,true
56982,true,3,2.482,true
56999,true,3,1.992,true
57016,true,2,5.266,true
57032,true,2,1.387,true
57050,true,2,1.899,true
57066,true,2,3.619,true
57082,true,2,1.597,true
57099,true,2,1.585,true
57116,true,2,2.275,true
57133,true,2,2.430,true
57149,true,2,4.632,true
57165,true,2,1.626,true
57182,true,2,5.724,true
57199,true,2,1.467,true
57216,true,2,1.849,true
57232,true,2,2.349,true
57249,true,0,0.196,true
57266,true,1,0.716,true
57282,true,1,0.717,true
57299,true,1,1.020,true
57317,true,1,3.371,true
57349,true,1,0.889,true
57365,true,1,0.682,true
57382,true,1,0.721,true
57399,true,1,0.706,true
57416,true,1,1.018,true
57433,true,1,0.854,true
57449,true,1,0.956,true
57466,true,1,0.805,true
57482,true,1,1.083,true
57499,true,1,0.450,true
57516,true,1,0.923,true
57533,true,1,0.840,true
57549,true,1,0.884,true
57565,true,1,0.988,true
57582,true,1,1.084,true
57599,true,1,0.932,true
57616,true,1,0.819,true
57634,true,1,1.076,true
57650,true,1,0.811,true
57666,true,1,0.953,true
57699,true,0,0.233,true
57716,true,1,0.707,true
57732,true,1,0.583,true
57749,true,1,0.704,true
57766,true,1,0.679,true
57782,true,1,0.836,true
57799,true,1,0.718,true
57816,true,1,0.952,true
57833,true,1,1.460,true
57850,true,1,0.930,true
57866,true,1,1.124,true
57883,true,1,1.020,true
57899,true,1,0.830,true
57916,true,1,0.873,true
57933,true,1,0.722,true
57949,true,1,0.727,true
57966,true,1,0.729,true
57983,true,1,0.809,true
57999,true,1,0.986,true
58016,true,1,0.779,true
58033,true,1,1.050,true
58049,true,1,4.909,true
58065,true,1,0.998,true
58082,true,1,1.235,true
58099,true,1,1.603,true
58115,true,1,0.745,true
58133,true,1,0.909,true
58149,true,0,0.118,true
58166,true,1,0.848,true
58183,true,1,0.358,true
58199,true,1,2.542,true
58216,true,1,0.653,true
58233,true,1,0.819,true
58250,true,1,1.256,true
58266,true,1,0.964,true
58282,true,1,0.744,true
58299,true,1,0.620,true
58316,true,1,4.886,true
58332,true,1,0.809,true
58349,true,1,2.904,true
58366,true,1,0.668,true
58382,true,1,0.770,true
58399,true,1,0.418,true
58416,true,1,0.403,true
58432,true,1,1.099,true
58450,true,1,1.073,true
58466,true,1,1.036,true
58482,true,1,1.094,true
58499,true,1,0.532,true
58516,true,1,3.336,true
58532,true,1,1.192,true
58550,true,1,5.074,true
58566,true,1,1.182,true
58583,true,1,0.781,true
58600,true,0,0.083,true
58616,true,1,0.794,true
58633,true,2,1.207,true
58649,true,2,1.194,true
58666,true,2,1.805,true
58682,true,2,1.327,true
58699,true,2,2.876,true
58715,true,2,1.456,true
58732,true,2,1.269,true
58749,true,2,3.000,true
58766,true,2,1.972,true
58782,true,2,1.384,true
58799,true,2,3.523,true
58816,true,2,1.163,true
58833,true,3,2.116,true
58849,true,2,1.408,true
58866,true,2,1.504,true
58883,true,2,6.603,true
58899,true,2,2.761,true
58917,true,2,2.652,true
58949,true,2,1.854,true
58966,true,4,5.080,true
58983,true,4,7.149,true
59015,true,4,5.746,true
59032,true,4,2.157,true
59049,true,2,1.474,true
59066,true,2,1.411,true
59083,true,2,1.378,true
59099,true,2,1.255,true
59115,true,2,1.260,true
59132,true,2,4.826,true
59148,true,2,8.719,true
59165,true,2,1.643,true
59182,true,2,1.825,true
59199,true,2,2.339,true
59215,true,2,1.676,true
59232,true,2,1.811,true
59249,true,2,1.902,true
59265,true,2,2.363,true
59282,true,2,2.195,true
59300,true,4,4.292,true
59316,true,4,3.400,true
59332,true,4,8.511,true
59348,true,4,5.668,true
59365,true,4,3.512,true
59382,true,4,7.981,true
59399,true,2,2.596,true
59416,true,2,0.711,true
59433,true,2,1.381,true
59449,true,2,8.898,true
59466,true,2,4.348,true
59483,true,2,2.049,true
59500,true,2,1.379,true
59532,true,2,1.203,true
59549,true,2,4.782,true
59565,true,2,1.540,true
59582,true,2,1.744,true
59600,true,2,1.872,true
59616,true,2,1.744,true
59632,true,2,1.778,true
59649,true,2,1.615,true
59665,true,2,2.123,true
59682,true,2,4.204,true
59699,true,2,1.787,true
59715,true,2,1.834,true
59732,true,0,0.141,true
59750,true,1,0.718,true
59782,true,1,0.679,true
59799,true,1,0.713,true
59816,true,1,0.604,true
59832,true,1,0.657,true
59849,true,1,0.661,true
59865,true,1,0.716,true
59882,true,1,0.368,true
59900,true,1,0.646,true
59916,true,1,0.659,true
59932,true,1,0.795,true
59949,true,1,1.221,true
59965,true,1,0.367,true
59982,true,2,1.374,true
59999,true,2,1.653,true
60015,true,2,3.442,true
60032,true,2,2.232,true
60049,true,2,1.456,true
60066,true,3,1.703,true
60082,true,2,1.816,true
60099,true,2,1.546,true
60116,true,2,1.420,true
60132,true,2,1.648,true
60148,true,2,1.718,true
60183,true,1,0.684,true
60199,true,2,1.347,true
60216,true,2,1.709,true
60232,true,2,1.093,true
60249,true,2,1.568,true
60266,true,2,1.127,true
60282,true,2,1.541,true
60300,true,2,1.565,true
60332,true,2,2.094,true
60349,true,2,1.449,true
60365,true,2,1.591,true
60382,true,2,3.526,true
60399,true,1,0.768,true
60416,true,1,1.175,true
60432,true,3,2.222,true
60449,true,3,2.324,true
60465,true,3,2.420,true
60482,true,3,1.357,true
60499,true,3,3.030,true
60516,true,3,2.759,true
60532,true,3,2.051,true
60549,true,3,2.443,true
60565,true,3,2.165,true
60582,true,3,2.500,true
60598,true,3,2.069,true
60616,true,3,2.155,true
60633,true,2,1.372,true
60650,true,2,1.418,true
60666,true,2,1.673,true
60682,true,2,1.624,true
60699,true,2,1.703,true
60716,true,2,1.609,true
60733,true,2,1.611,true
60749,true,2,1.684,true
60765,true,2,2.134,true
60782,true,2,1.619,true
60799,true,2,2.038,true
60816,true,2,1.163,true
60832,true,2,2.108,true
60849,true,0,0.141,true
60865,true,0,0.079,true
60882,true,1,0.452,true
60898,true,1,0.388,true
60916,true,1,0.391,true
60933,true,1,0.830,true
60949,true,1,0.992,true
60965,true,1,0.617,true
60982,true,1,0.502,true
60999,true,1,0.868,true
61016,true,1,0.650,true
61033,true,1,1.357,true
61049,true,1,0.489,true
61066,true,1,0.395,true
61082,true,1,0.847,true
61099,true,1,0.710,true
61115,true,1,0.957,true
61132,true,1,1.070,true
61149,true,1,2.328,true
61165,true,1,0.803,true
61182,true,1,0.675,true
61199,true,1,3.937,true
61216,true,1,0.908,true
61233,true,1,0.457,true
61250,true,1,1.059,true
61266,true,1,2.194,true
61282,true,1,0.604,true
61298,true,0,0.064,true
61316,true,0,0.124,true
61333,true,1,1.169,true
61349,true,1,0.320,true
61366,true,1,2.983,true
61382,true,1,0.766,true
61399,true,1,0.403,true
61416,true,1,3.016,true
61433,true,1,0.811,true
61450,true,1,0.471,true
61466,true,1,0.795,true
61482,true,1,0.348,true
61499,true,1,3.819,true
61516,true,1,0.475,true
61533,true,1,0.842,true
61549,true,1,0.939,true
61565,true,1,0.870,true
61582,true,1,0.790,true
61599,true,1,2.392,true
61616,true,1,0.639,true
61633,true,1,1.153,true
61650,true,1,1.170,true
61666,true,1,1.133,true
61682,true,1,0.539,true
61699,true,1,3.602,true
61716,true,1,0.428,true
61732,true,1,0.562,true
61766,true,0,0.073,true
61784,true,1,0.413,true
61816,true,1,0.727,true
61832,true,1,0.754,true
61850,true,1,0.617,true
61866,true,1,0.733,true
61882,true,1,0.669,true
61899,true,1,0.663,true
61917,true,1,3.829,true
61950,true,1,0.366,true
61966,true,1,0.392,true
61983,true,1,0.396,true
61999,true,1,0.355,true
62016,true,1,0.634,true
62033,true,1,0.882,true
62049,true,1,0.870,true
62066,true,1,0.559,true
62082,true,1,3.803,true
62099,true,1,1.066,true
62116,true,1,3.295,true
62132,true,1,0.573,true
62149,true,1,0.972,true
62166,true,1,4.375,true
62182,true,1,0.477,true
62199,true,1,0.925,true
62216,true,0,0.352,true
62233,true,2,0.839,true
62249,true,2,4.012,true
62266,true,2,0.662,true
62283,true,2,4.093,true
62299,true,2,3.924,true
62315,true,2,1.214,true
62332,true,2,0.894,true
62349,true,2,0.712,true
62366,true,2,4.160,true
62382,true,2,0.897,true
62399,true,2,3.910,true
62416,true,2,1.131,true
62432,true,2,0.745,true
62449,true,2,1.477,true
62467,true,2,0.711,true
62483,true,2,0.739,true
62499,true,2,2.142,true
62517,true,2,3.217,true
62549,true,2,1.190,true
62566,true,4,4.780,true
62583,true,4,2.554,true
62615,true,4,1.617,true
62632,true,4,1.944,true
62648,true,4,4.057,true
62666,true,2,1.280,true
62683,true,2,1.590,true
62699,true,2,1.543,true
62715,true,2,1.421,true
62732,true,2,2.045,true
62749,true,2,1.525,true
62766,true,2,2.228,true
62783,true,2,0.762,true
62799,true,2,3.287,true
62815,true,2,2.210,true
62832,true,2,1.578,true
62849,true,2,2.060,true
62866,true,2,0.944,true
62883,true,2,1.497,true
62899,true,2,4.297,true
62915,true,4,2.570,true
62932,true,4,2.698,true
62948,true,4,6.457,true
62965,true,4,1.437,true
62985,true,4,3.584,true
63017,true,2,3.951,true
63049,true,2,0.720,true
63065,true,2,0.648,true
63083,true,2,0.848,true
63099,true,2,1.320,true
63115,true,2,0.759,true
63132,true,2,5.645,true
63149,true,2,1.219,true
63165,true,2,1.701,true
63183,true,2,4.184,true
63199,true,2,1.632,true
63215,true,2,2.599,true
63233,true,2,4.914,true
63249,true,2,0.839,true
63266,true,2,1.367,true
63283,true,2,0.747,true
63299,true,2,2.990,true
63315,true,2,1.756,true
63332,true,0,0.082,true
63349,true,0,0.097,true
63366,true,1,0.623,true
63383,true,1,0.556,true
63400,true,1,2.365,true
63417,true,1,0.619,true
63433,true,1,0.832,true
63449,true,1,3.390,true
63466,true,1,0.838,true
63483,true,1,1.144,true
63499,true,1,0.645,true
63516,true,1,0.380,true
63532,true,1,1.335,true
63548,true,1,0.852,true
63566,true,1,0.919,true
63582,true,2,1.346,true
63599,true,2,1.512,true
63616,true,2,1.371,true
63632,true,2,1.631,true
63649,true,2,5.828,true
63666,true,2,2.661,true
63682,true,2,1.799,true
63699,true,2,1.582,true
63716,true,2,1.203,true
63732,true,2,1.202,true
63749,true,2,0.714,true
63765,true,2,1.983,true
63782,true,1,6.255,true
63801,true,1,0.643,true
63817,true,2,1.515,true
63833,true,2,1.524,true
63849,true,2,1.151,true
63866,true,2,1.279,true
63882,true,2,1.947,true
63899,true,2,3.607,true
63916,true,2,1.987,true
63932,true,2,1.088,true
63949,true,2,0.824,true
63965,true,2,0.987,true
63982,true,2,1.360,true
63999,true,2,1.285,true
64016,true,1,0.600,true
64033,true,3,1.419,true
64049,true,3,2.014,true
64065,true,3,5.315,true
64082,true,3,2.206,true
64099,true,3,0.981,true
64116,true,3,1.902,true
64132,true,3,1.189,true
64149,true,3,0.997,true
64165,true,3,1.885,true
64182,true,3,2.335,true
64199,true,3,4.206,true
64216,true,3,6.767,true
64232,true,2,1.253,true
64249,true,2,1.772,true
64266,true,2,1.301,true
64282,true,2,1.514,true
64299,true,2,3.184,true
64316,true,2,0.947,true
64333,true,2,1.607,true
64349,true,2,0.903,true
64365,true,2,2.816,true
64382,true,2,1.836,true
64399,true,2,4.248,true
64416,true,2,1.669,true
64432,true,2,1.255,true
64448,true,2,2.096,true
64466,true,0,0.064,true
64483,true,1,0.699,true
64499,true,1,1.001,true
64516,true,1,1.180,true
64533,true,1,0.703,true
64549,true,1,4.393,true
64566,true,1,0.708,true
64582,true,1,0.860,true
64599,true,1,0.669,true
64616,true,1,0.764,true
64633,true,1,0.574,true
64650,true,1,0.880,true
64666,true,1,0.396,true
64682,true,1,0.422,true
64699,true,1,1.521,true
64715,true,1,0.959,true
64732,true,1,0.577,true
64749,true,1,0.546,true
64767,true,1,0.474,true
64799,true,1,0.408,true
64816,true,1,0.730,true
64833,true,1,0.463,true
64850,true,1,4.429,true
64866,true,1,3.231,true
64882,true,1,1.639,true
64900,true,1,0.961,true
64916,true,0,0.113,true
64933,true,0,0.094,true
64950,true,1,1.819,true
64966,true,1,0.751,true
64982,true,1,0.801,true
64999,true,1,0.610,true
65016,true,1,0.671,true
65033,true,1,0.921,true
65050,true,1,0.864,true
65066,true,1,0.745,true
65084,true,1,0.696,true
65116,true,1,0.750,true
65133,true,1,0.837,true
65149,true,1,0.796,true
65165,true,1,1.343,true
65182,true,1,3.491,true
65201,true,1,0.741,true
65233,true,1,1.563,true
65250,true,1,1.153,true
65267,true,1,3.184,true
65283,true,1,1.022,true
65299,true,1,1.064,true
65315,true,1,3.712,true
65332,true,1,0.738,true
65349,true,1,0.974,true
65366,true,0,0.109,true
65382,true,1,0.944,true
65399,true,1,4.747,true
65416,true,1,0.660,true
65433,true,1,3.436,true
65450,true,1,2.547,true
65466,true,1,1.517,true
65482,true,1,0.698,true
65499,true,1,0.735,true
65516,true,1,0.633,true
65532,true,1,0.857,true
65550,true,1,0.756,true
65566,true,1,0.790,true
65582,true,1,0.736,true
65599,true,1,0.986,true
65616,true,1,0.727,true
65633,true,1,0.681,true
65650,true,1,3.919,true
65667,true,1,0.687,true
65699,true,1,0.796,true
65716,true,1,1.577,true
65732,true,1,1.535,true
65749,true,1,2.852,true
65766,true,1,0.755,true
65782,true,1,1.958,true
65799,true,1,2.632,true
65816,true,0,0.102,true
65833,true,0,0.092,true
65850,true,0,0.104,true
65866,true,0,0.101,true
65883,true,0,0.109,true
65899,true,0,0.090,true
65916,true,0,0.634,true
65932,true,0,0.383,true
65949,true,0,0.142,true
65966,true,0,0.077,true
65983,true,0,0.088,true
66000,true,0,0.084,true
66016,true,0,0.108,true
66033,true,0,0.100,true
66049,true,0,0.159,true
66067,true,1,0.694,true
66083,true,1,0.749,true
66099,true,1,0.728,true
66116,true,1,0.749,true
66133,true,1,0.485,true
66149,true,1,1.024,true
66166,true,1,0.934,true
66182,true,1,0.476,true
66199,true,1,0.960,true
66216,true,1,1.171,true
66232,true,1,0.803,true
66249,true,1,0.423,true
66266,true,1,0.815,true
66283,true,1,0.726,true
66300,true,2,0.645,true
66332,true,2,1.463,true
66349,true,2,1.313,true
66367,true,2,0.993,true
66399,true,2,0.943,true
66415,true,2,3.021,true
66432,true,2,0.669,true
66449,true,2,0.794,true
66465,true,2,0.827,true
66483,true,2,1.256,true
66499,true,1,1.691,true
66516,true,2,5.059,true
66532,true,2,1.149,true
66549,true,2,0.743,true
66565,true,2,0.930,true
66583,true,2,0.910,true
66599,true,2,1.470,true
66616,true,2,7.113,true
66632,true,2,1.512,true
66649,true,2,1.457,true
66665,true,2,1.030,true
66685,true,2,1.504,true
66716,true,1,0.921,true
66732,true,1,0.817,true
66749,true,2,0.867,true
66765,true,2,1.083,true
66782,true,2,0.638,true
66799,true,2,1.416,true
66816,true,2,2.558,true
66832,true,2,3.848,true
66849,true,2,8.883,true
66865,true,2,0.809,true
66882,true,2,1.081,true
66899,true,2,4.027,true
66916,true,2,1.715,true
66932,true,2,1.738,true
66949,true,1,0.879,true
66966,true,2,5.747,true
66982,true,2,1.999,true
66999,true,2,1.161,true
67016,true,2,2.995,true
67032,true,2,1.161,true
67049,true,2,5.406,true
67065,true,2,1.928,true
67082,true,2,0.764,true
67099,true,2,1.600,true
67116,true,2,1.061,true
67132,true,2,1.591,true
67148,true,2,1.000,true
67166,true,1,0.397,true
67182,true,1,0.753,true
67200,true,2,0.646,true
67216,true,2,0.663,true
67232,true,2,1.662,true
67249,true,2,1.966,true
67266,true,2,0.858,true
67282,true,2,1.599,true
67299,true,2,1.779,true
67316,true,2,1.411,true
67332,true,2,1.508,true
67349,true,2,3.524,true
67365,true,2,1.635,true
67382,true,2,1.496,true
67399,true,1,0.848,true
67416,true,1,0.783,true
67433,true,1,0.769,true
67449,true,1,0.811,true
67466,true,1,0.417,true
67483,true,1,0.800,true
67499,true,1,0.721,true
67516,true,1,0.505,true
67532,true,1,0.864,true
67549,true,1,1.039,true
67565,true,1,0.994,true
67582,true,1,0.680,true
67599,true,1,1.602,true
67616,true,2,1.144,true
67632,true,0,0.258,true
67649,true,1,1.036,true
67665,true,1,0.659,true
67682,true,1,0.467,true
67699,true,1,0.797,true
67716,true,1,0.451,true
67732,true,1,0.869,true
67749,true,1,5.464,true
67765,true,1,1.101,true
67782,true,1,1.667,true
67798,true,1,0.879,true
67816,true,1,0.755,true
67832,true,1,1.179,true
67850,true,0,0.117,true
67866,true,0,0.075,true
67882,true,0,0.065,true
67899,true,0,0.098,true
67916,true,0,0.097,true
67932,true,0,0.094,true
67949,true,0,0.099,true
67965,true,0,0.097,true
67982,true,0,0.092,true
67999,true,0,0.096,true
68015,true,0,0.073,true
68033,true,0,0.086,true
68050,true,0,0.082,true
68066,true,0,0.066,true
68082,true,0,0.126,true
68100,true,0,0.086,true
68133,true,0,0.084,true
68150,true,0,0.093,true
68183,true,0,0.083,true
68199,true,0,0.163,true
68216,true,0,0.091,true
68233,true,0,0.146,true
68250,true,0,0.096,true
68266,true,0,0.218,true
68282,true,0,0.147,true
68299,true,0,0.086,true
68315,true,0,0.133,true
68333,true,0,0.160,true
68350,true,0,0.086,true
68382,true,0,0.104,true
68399,true,0,0.060,true
68416,true,0,0.093,true
68433,true,0,0.225,true
68450,true,0,0.082,true
68466,true,0,0.105,true
68483,true,0,0.122,true
68499,true,0,0.092,true
68516,true,0,0.094,true
68533,true,0,0.295,true
68549,true,0,0.091,true
68565,true,0,0.093,true
68582,true,0,0.100,true
68599,true,0,0.094,true
68616,true,0,0.104,true
68633,true,0,0.199,true
68650,true,0,0.114,true
68666,true,0,0.093,true
68683,true,0,0.088,true
68699,true,0,0.095,true
68716,true,0,0.086,true
68732,true,0,0.122,true
68749,true,0,0.108,true
68765,true,0,0.096,true
68782,true,0,0.114,true
68799,true,0,0.284,true
68816,true,0,0.076,true
68832,true,0,0.170,true
68850,true,0,0.157,true
68866,true,0,0.117,true
68882,true,0,0.106,true
68899,true,0,0.102,true
68916,true,0,0.134,true
68932,true,0,0.076,true
68950,true,0,0.286,true
68967,true,0,0.135,true
68983,true,0,0.109,true
69001,true,0,0.233,true
69017,true,0,0.094,true
69034,true,0,0.092,true
69050,true,0,0.088,true
69068,true,0,0.099,true
69084,true,0,0.095,true
69100,true,1,0.402,true
69117,true,1,1.920,true
69134,true,1,0.512,true
69151,true,1,0.527,true
69167,true,1,3.232,true
69183,true,1,0.684,true
69201,true,1,0.782,true
69234,true,1,0.851,true
69250,true,1,1.272,true
69268,true,1,0.465,true
69284,true,1,1.013,true
69300,true,1,0.793,true
69316,true,1,0.463,true
69333,true,1,0.638,true
69350,true,1,0.531,true
69367,true,1,7.658,true
69384,true,1,1.094,true
69416,true,1,0.648,true
69434,true,0,0.071,true
69467,true,0,0.059,true
69483,true,0,0.057,true
69500,true,2,0.555,true
69516,true,2,1.141,true
69532,true,2,0.808,true
69549,true,2,1.071,true
69569,true,2,1.370,true
69599,true,2,1.076,true
69616,true,2,1.827,true
69633,true,2,1.091,true
69649,true,2,1.418,true
69666,true,2,4.618,true
69683,true,2,1.223,true
69699,true,2,1.043,true
69715,true,2,1.109,true
69732,true,2,1.434,true
69749,true,2,0.821,true
69765,true,2,0.925,true
69783,true,2,0.853,true
69800,true,2,0.885,true
69833,true,4,1.325,true
69852,true,4,6.993,true
69882,true,2,1.366,true
69899,true,2,1.110,true
69915,true,2,1.283,true
69932,true,2,0.734,true
69949,true,2,0.999,true
69965,true,2,1.966,true
69983,true,2,1.553,true
69999,true,2,1.653,true
70016,true,2,0.688,true
70032,true,2,0.716,true
70049,true,2,1.567,true
70066,true,2,1.456,true
70082,true,2,1.690,true
70099,true,2,1.734,true
70116,true,2,1.137,true
70133,true,2,1.730,true
70149,true,2,2.460,true
70165,true,3,2.431,true
70182,true,3,1.665,true
70200,true,3,3.407,true
70233,true,1,0.336,true
70249,true,1,0.705,true
70266,true,1,1.058,true
70283,true,1,0.796,true
70299,true,1,0.808,true
70316,true,1,0.866,true
70332,true,1,0.859,true
70349,true,1,2.311,true
70366,true,1,0.892,true
70382,true,1,0.463,true
70400,true,2,1.440,true
70417,true,2,1.505,true
70449,true,2,0.763,true
70465,true,2,0.893,true
70482,true,2,4.623,true
70501,true,2,5.352,true
70532,true,2,1.396,true
70549,true,1,0.755,true
70565,true,1,3.748,true
70583,true,1,0.789,true
70600,true,1,0.719,true
70616,true,1,0.897,true
70632,true,1,0.871,true
70649,true,1,1.005,true
70666,true,1,0.970,true
70682,true,1,0.882,true
70699,true,1,1.577,true
70716,true,1,0.830,true
70733,true,2,1.487,true
70749,true,2,1.488,true
70765,true,2,1.755,true
70782,true,1,1.046,true
70799,true,1,0.778,true
70816,true,1,0.422,true
70833,true,1,0.595,true
70849,true,1,0.742,true
70866,true,1,0.789,true
70882,true,1,0.791,true
70899,true,1,0.847,true
70916,true,1,1.075,true
70932,true,1,0.911,true
70948,true,1,0.849,true
70965,true,1,1.205,true
70982,true,1,0.825,true
70998,true,1,0.906,true
71016,true,1,0.893,true
71033,true,1,0.791,true
71049,true,1,0.876,true
71066,true,2,1.559,true
71082,true,2,0.678,true
71099,true,2,1.535,true
71116,true,1,0.768,true
71133,true,1,0.587,true
71149,true,1,0.719,true
71167,true,1,0.773,true
71199,true,1,0.699,true
71217,true,1,0.848,true
71233,true,1,0.389,true
71249,true,1,0.906,true
71266,true,1,0.779,true
71282,true,1,0.874,true
71299,true,2,1.347,true
71316,true,2,1.585,true
71332,true,2,1.543,true
71349,true,2,1.735,true
71365,true,2,1.005,true
71382,true,2,1.229,true
71399,true,2,1.661,true
71415,true,2,1.400,true
71433,true,2,1.675,true
71449,true,1,0.347,true
71467,true,1,0.639,true
71485,true,1,0.871,true
71516,true,1,1.121,true
71533,true,1,3.932,true
71549,true,1,0.405,true
71566,true,1,0.879,true
71582,true,1,0.972,true
71599,true,1,1.436,true
71615,true,1,0.710,true
71633,true,2,1.714,true
71649,true,2,1.741,true
71665,true,2,1.654,true
71682,true,1,0.731,true
71699,true,1,0.746,true
71716,true,1,0.817,true
71733,true,1,0.720,true
71749,true,1,0.909,true
71766,true,1,0.385,true
71782,true,1,2.162,true
71800,true,1,0.822,true
71833,true,1,1.013,true
71850,true,1,0.613,true
71883,true,1,1.102,true
71899,true,1,0.490,true
71915,true,1,0.770,true
71933,true,1,0.852,true
71949,true,1,0.441,true
71965,true,2,0.803,true
71982,true,2,1.862,true
71999,true,2,1.474,true
72016,true,1,0.673,true
72033,true,1,0.334,true
72050,true,1,0.849,true
72066,true,1,0.734,true
72082,true,1,0.857,true
72099,true,1,4.660,true
72116,true,1,1.046,true
72132,true,1,0.389,true
72149,true,1,0.878,true
72165,true,1,1.427,true
72182,true,1,0.902,true
72199,true,2,0.905,true
72215,true,2,1.225,true
72232,true,2,1.266,true
72249,true,2,1.896,true
72266,true,2,1.466,true
72282,true,2,0.949,true
72298,true,2,1.436,true
72315,true,2,1.845,true
72332,true,2,2.307,true
72349,true,2,1.347,true
72366,true,1,0.716,true
72382,true,1,1.169,true
72399,true,1,0.949,true
72416,true,1,0.858,true
72432,true,2,1.371,true
72450,true,2,1.343,true
72466,true,2,1.530,true
72482,true,2,1.574,true
72499,true,2,4.876,true
72515,true,2,5.600,true
72532,true,2,5.111,true
72548,true,2,1.373,true
72566,true,2,1.523,true
72582,true,1,0.780,true
72599,true,1,0.823,true
72616,true,1,0.757,true
72633,true,1,0.937,true
72649,true,2,1.728,true
72666,true,2,1.822,true
72682,true,2,1.749,true
72698,true,2,1.370,true
72716,true,2,1.674,true
72732,true,2,1.880,true
72749,true,2,0.729,true
72768,true,2,1.713,true
72799,true,2,4.770,true
72816,true,1,0.377,true
72833,true,1,0.932,true
72849,true,1,0.841,true
72867,true,1,0.817,true
72883,true,2,1.760,true
72899,true,2,1.849,true
72915,true,2,1.502,true
72932,true,2,1.789,true
72949,true,2,1.536,true
72966,true,2,2.006,true
72982,true,2,5.401,true
72999,true,2,2.390,true
73015,true,2,1.769,true
73033,true,1,0.706,true
73049,true,1,0.757,true
73066,true,1,0.928,true
73082,true,1,0.813,true
73099,true,2,7.721,true
73115,true,2,2.054,true
73132,true,2,1.948,true
73149,true,2,1.586,true
73166,true,2,1.754,true
73182,true,2,1.394,true
73199,true,2,0.880,true
73216,true,2,0.727,true
73232,true,2,1.606,true
73249,true,2,2.705,true
73266,true,1,0.786,true
73283,true,1,1.400,true
73299,true,1,0.893,true
73316,true,1,0.433,true
73332,true,2,0.669,true
73349,true,2,2.159,true
73366,true,2,0.653,true
73383,true,2,0.663,true
73400,true,2,1.718,true
73416,true,2,1.479,true
73433,true,2,3.689,true
73449,true,2,2.207,true
73466,true,2,1.893,true
73483,true,2,0.868,true
73499,true,1,0.894,true
73516,true,1,1.464,true
73532,true,1,0.836,true
73549,true,2,1.211,true
73566,true,2,1.801,true
73583,true,2,1.192,true
73600,true,2,1.386,true
73616,true,2,1.372,true
73633,true,2,2.185,true
73649,true,2,0.668,true
73666,true,2,1.762,true
73683,true,2,2.082,true
73699,true,2,2.385,true
73716,true,1,1.229,true
73733,true,1,1.346,true
73749,true,1,0.511,true
73765,true,1,0.998,true
73783,true,1,1.720,true
73800,true,1,0.542,true
73816,true,1,1.245,true
73833,true,2,1.371,true
73849,true,2,8.226,true
73866,true,2,1.054,true
73882,true,2,1.094,true
73899,true,2,1.573,true
73916,true,2,1.587,true
73933,true,1,0.847,true
73949,true,1,4.016,true
73966,true,1,0.870,true
73982,true,1,0.430,true
74000,true,2,3.956,true
74016,true,2,1.386,true
74032,true,2,1.709,true
74049,true,2,1.465,true
74065,true,2,1.319,true
74082,true,2,1.330,true
74099,true,2,1.249,true
74116,true,2,1.591,true
74132,true,2,1.316,true
74149,true,2,1.138,true
74166,true,1,0.355,true
74182,true,1,1.014,true
74199,true,1,1.291,true
74216,true,1,1.013,true
74233,true,2,1.643,true
74249,true,2,1.359,true
74266,true,2,2.037,true
74282,true,2,1.703,true
74300,true,2,1.446,true
74316,true,2,1.153,true
74332,true,2,1.393,true
74349,true,2,7.909,true
74367,true,2,1.927,true
74400,true,1,0.474,true
74417,true,1,1.203,true
74433,true,1,0.885,true
74449,true,2,1.691,true
74465,true,2,1.357,true
74482,true,2,1.040,true
74499,true,2,0.792,true
74516,true,2,0.944,true
74532,true,2,1.534,true
74548,true,2,4.979,true
74565,true,2,3.248,true
74582,true,2,0.707,true
74599,true,2,1.213,true
74617,true,1,3.971,true
74633,true,1,0.600,true
74649,true,1,0.940,true
74666,true,1,0.714,true
74682,true,2,1.714,true
74699,true,2,1.342,true
74716,true,2,1.258,true
74732,true,2,3.139,true
74749,true,2,1.383,true
74766,true,2,1.329,true
74783,true,3,2.790,true
74799,true,2,1.641,true
74816,true,2,2.100,true
74833,true,2,1.677,true
74850,true,1,1.721,true
74866,true,1,0.721,true
74882,true,1,0.735,true
74899,true,2,1.486,true
74915,true,2,1.847,true
74933,true,2,0.643,true
74949,true,2,1.539,true
74965,true,2,0.742,true
74982,true,2,1.342,true
74999,true,2,2.569,true
75016,true,2,1.510,true
75033,true,2,0.971,true
75050,true,2,1.040,true
75066,true,1,0.609,true
75082,true,1,0.619,true
75099,true,1,0.411,true
75116,true,1,0.436,true
75133,true,1,0.952,true
75149,true,1,0.360,true
75165,true,1,0.997,true
75182,true,1,0.775,true
75199,true,1,0.384,true
75216,true,1,1.535,true
75234,true,1,0.927,true
75250,true,2,1.390,true
75266,true,2,1.728,true
75282,true,2,1.579,true
75299,true,1,0.654,true
75316,true,1,0.675,true
75332,true,1,0.822,true
75349,true,1,0.718,true
75366,true,1,1.471,true
75382,true,1,1.094,true
75398,true,1,1.004,true
75415,true,1,1.528,true
75432,true,1,1.209,true
75450,true,1,0.718,true
75466,true,1,0.666,true
75482,true,1,1.093,true
75499,true,1,1.437,true
75515,true,1,1.229,true
75532,true,2,2.225,true
75549,true,2,1.986,true
75565,true,2,1.421,true
75582,true,2,2.739,true
75598,true,2,0.907,true
75614,true,2,1.575,true
75633,true,1,0.518,true
75650,true,1,0.841,true
75666,true,1,0.802,true
75682,true,1,0.847,true
75699,true,1,3.416,true
75715,true,1,0.518,true
75732,true,1,0.572,true
75749,true,1,0.911,true
75766,true,1,0.827,true
75782,true,1,1.028,true
75799,true,1,4.562,true
75816,true,2,1.752,true
75832,true,2,1.537,true
75850,true,1,0.885,true
75866,true,1,1.071,true
75883,true,1,0.753,true
75900,true,1,0.832,true
75916,true,2,1.980,true
75932,true,1,1.243,true
75949,true,1,1.308,true
75968,true,1,1.252,true
75999,true,1,1.759,true
76016,true,1,0.362,true
76032,true,2,1.671,true
76049,true,2,0.622,true
76066,true,2,2.032,true
76083,true,2,31.824,true
76099,true,2,7.592,true
76116,true,2,1.591,true
76133,true,2,2.052,true
76149,true,2,0.665,true
76166,true,2,3.713,true
76200,true,1,0.643,true
76216,true,1,0.647,true
76232,true,1,0.933,true
76249,true,1,0.740,true
76267,true,2,1.458,true
76283,true,2,1.706,true
76299,true,2,2.884,true
76315,true,2,2.244,true
76332,true,2,1.509,true
76349,true,2,2.522,true
76366,true,3,1.923,true
76383,true,2,1.062,true
76399,true,2,1.511,true
76416,true,1,0.612,true
76433,true,1,0.556,true
76450,true,1,0.366,true
76466,true,1,0.400,true
76483,true,2,1.575,true
76499,true,2,1.683,true
76515,true,2,1.514,true
76533,true,2,1.473,true
76549,true,2,1.648,true
76566,true,2,1.404,true
76583,true,2,1.602,true
76600,true,2,1.535,true
76616,true,2,2.087,true
76633,true,2,1.966,true
76649,true,1,0.697,true
76666,true,1,0.870,true
76683,true,1,0.780,true
76700,true,1,0.795,true
76733,true,2,1.557,true
76750,true,2,1.784,true
76766,true,2,2.953,true
76783,true,2,1.596,true
76799,true,2,3.627,true
76815,true,2,1.527,true
76832,true,2,1.659,true
76849,true,2,2.666,true
76865,true,1,0.782,true
76883,true,1,0.726,true
76900,true,1,1.222,true
76916,true,1,0.787,true
76932,true,1,0.791,true
76949,true,1,0.900,true
76966,true,1,0.695,true
76984,true,1,0.772,true
77000,true,1,0.962,true
77016,true,1,0.858,true
77033,true,1,0.951,true
77049,true,2,1.465,true
77066,true,2,2.022,true
77082,true,2,1.765,true
77099,true,1,0.681,true
77116,true,1,0.652,true
77132,true,1,1.140,true
77149,true,1,0.697,true
77166,true,1,0.689,true
77182,true,1,0.381,true
77200,true,1,0.378,true
77217,true,1,0.421,true
77233,true,1,0.920,true
77249,true,1,0.960,true
77266,true,1,0.799,true
77282,true,1,4.576,true
77299,true,1,0.502,true
77316,true,1,0.602,true
77332,true,1,1.792,true
77349,true,1,0.843,true
77365,true,1,0.542,true
77382,true,2,0.927,true
77399,true,2,1.290,true
77416,true,2,4.212,true
77432,true,1,1.299,true
77449,true,1,0.588,true
77466,true,1,0.378,true
77482,true,1,2.559,true
77499,true,1,0.743,true
77516,true,1,0.653,true
77532,true,1,1.836,true
77551,true,1,0.892,true
77583,true,1,0.749,true
77599,true,1,0.749,true
77616,true,2,5.773,true
77632,true,2,1.638,true
77649,true,2,1.597,true
77666,true,2,2.082,true
77682,true,2,1.784,true
77699,true,2,1.876,true
77716,true,2,1.392,true
77732,true,2,1.625,true
77749,true,2,1.861,true
77765,true,1,0.859,true
77782,true,1,0.514,true
77800,true,1,0.715,true
77816,true,1,0.648,true
77833,true,1,1.064,true
77849,true,1,0.613,true
77866,true,1,0.569,true
77882,true,1,0.588,true
77899,true,2,1.918,true
77916,true,2,0.719,true
77933,true,2,4.235,true
77949,true,2,2.071,true
77965,true,2,4.154,true
77982,true,2,0.716,true
77999,true,1,0.781,true
78016,true,1,0.769,true
78032,true,1,0.400,true
78049,true,1,1.889,true
78065,true,2,0.682,true
78082,true,2,1.478,true
78099,true,2,1.595,true
78116,true,2,2.840,true
78132,true,2,2.774,true
78148,true,2,1.399,true
78165,true,2,0.896,true
78182,true,2,0.751,true
78199,true,2,2.061,true
78216,true,1,0.798,true
78233,true,1,0.633,true
78249,true,1,0.369,true
78267,true,1,0.940,true
78283,true,2,1.463,true
78299,true,2,0.612,true
78315,true,2,1.351,true
78333,true,2,4.979,true
78350,true,2,1.957,true
78382,true,2,2.129,true
78399,true,2,1.711,true
78416,true,2,1.162,true
78433,true,2,0.738,true
78450,true,1,0.342,true
78466,true,1,0.741,true
78482,true,1,0.789,true
78499,true,1,0.571,true
78516,true,2,0.665,true
78532,true,2,1.254,true
78550,true,2,0.914,true
78582,true,2,1.404,true
78599,true,2,0.995,true
78616,true,2,0.746,true
78633,true,2,1.075,true
78649,true,2,1.796,true
78665,true,2,1.936,true
78683,true,1,0.790,true
78699,true,1,0.350,true
78716,true,1,0.770,true
78733,true,1,0.798,true
78750,true,1,1.953,true
78766,true,1,0.698,true
78782,true,1,0.777,true
78799,true,1,0.832,true
78816,true,1,0.817,true
78832,true,1,0.849,true
78849,true,2,1.177,true
78865,true,2,0.862,true
78882,true,2,4.126,true
78899,true,1,0.316,true
78915,true,1,0.571,true
78933,true,1,0.453,true
78949,true,1,0.447,true
78966,true,1,0.402,true
78982,true,1,0.331,true
78999,true,1,0.364,true
79016,true,1,0.361,true
79033,true,1,0.386,true
79050,true,1,0.376,true
79067,true,1,0.350,true
79083,true,1,0.363,true
79099,true,1,0.768,true
79116,true,1,0.390,true
79132,true,1,0.419,true
79151,true,1,0.400,true
79182,true,1,0.822,true
79199,true,1,0.405,true
79216,true,1,0.416,true
79232,true,0,0.060,true
79250,true,0,0.063,true
79267,true,0,0.064,true
79283,true,0,0.605,true
79299,true,0,0.340,true
79316,true,0,5.626,true
79332,true,0,0.806,true
79349,true,0,0.154,true
79366,true,0,0.148,true
79383,true,0,0.102,true
79399,true,0,0.187,true
79416,true,1,0.503,true
79433,true,1,0.600,true
79449,true,1,0.818,true
79467,true,1,0.339,true
79483,true,1,0.354,true
79499,true,1,0.720,true
79516,true,1,1.760,true
79532,true,1,0.897,true
79549,true,1,0.347,true
79566,true,1,0.710,true
79583,true,1,0.784,true
79599,true,1,0.675,true
79616,true,1,0.679,true
79633,true,1,0.785,true
79649,true,2,1.433,true
79666,true,2,1.171,true
79682,true,2,1.346,true
79698,true,2,0.647,true
79715,true,2,1.609,true
79732,true,2,1.426,true
79749,true,2,1.507,true
79765,true,2,3.752,true
79783,true,2,1.300,true
79799,true,1,0.363,true
79816,true,1,0.644,true
79833,true,1,1.250,true
79849,true,1,0.757,true
79866,true,2,1.192,true
79883,true,2,0.951,true
79899,true,2,0.972,true
79915,true,2,1.193,true
79932,true,2,1.485,true
79949,true,2,1.326,true
79965,true,2,1.670,true
79982,true,2,0.819,true
79999,true,2,1.920,true
80015,true,2,0.934,true
80033,true,1,0.530,true
80049,true,1,0.525,true
80065,true,1,0.515,true
80083,true,1,0.523,true
80099,true,2,0.669,true
80115,true,2,0.697,true
80131,true,2,1.367,true
80149,true,2,1.032,true
80165,true,2,1.977,true
80183,true,2,3.824,true
80199,true,2,1.792,true
80215,true,2,0.925,true
80232,true,2,1.034,true
80249,true,1,0.628,true
80265,true,1,1.034,true
80283,true,1,1.104,true
80299,true,1,0.529,true
80315,true,1,0.546,true
80332,true,1,0.777,true
80349,true,1,1.692,true
80366,true,1,0.545,true
80383,true,2,1.588,true
80399,true,2,1.200,true
80416,true,2,1.822,true
80432,true,2,1.098,true
80449,true,2,1.269,true
80465,true,2,2.092,true
80482,true,1,3.059,true
80499,true,1,1.229,true
80516,true,1,1.076,true
80533,true,1,2.910,true
80549,true,2,1.433,true
80565,true,2,1.550,true
80582,true,2,6.282,true
80600,true,2,2.249,true
80616,true,2,2.109,true
80632,true,2,1.490,true
80649,true,2,1.450,true
80666,true,2,0.834,true
80682,true,2,9.080,true
80699,true,1,2.008,true
80716,true,1,1.159,true
80732,true,1,1.126,true
80749,true,1,2.002,true
80766,true,1,0.767,true
80782,true,1,0.804,true
80800,true,1,0.934,true
80816,true,1,0.680,true
80832,true,2,1.798,true
80849,true,2,1.276,true
80866,true,2,1.344,true
80883,true,2,3.875,true
80900,true,2,1.601,true
80916,true,2,0.895,true
80932,true,1,0.413,true
80949,true,1,0.685,true
80966,true,1,0.407,true
80982,true,1,0.888,true
81000,true,2,0.692,true
81016,true,2,1.096,true
81033,true,2,2.091,true
81049,true,2,0.822,true
81065,true,2,1.889,true
81082,true,2,4.956,true
81099,true,2,1.885,true
81116,true,2,4.878,true
81133,true,2,1.583,true
81149,true,1,0.833,true
81165,true,1,0.817,true
81183,true,1,0.809,true
81199,true,1,0.582,true
81216,true,2,0.628,true
81233,true,2,1.148,true
81249,true,2,1.138,true
81266,true,2,1.268,true
81282,true,2,1.389,true
81299,true,2,1.555,true
81316,true,2,1.515,true
81332,true,2,1.574,true
81349,true,2,1.669,true
81366,true,2,1.773,true
81383,true,1,0.612,true
81400,true,1,0.625,true
81417,true,1,0.865,true
81433,true,1,3.679,true
81449,true,2,1.436,true
81465,true,2,5.520,true
81482,true,2,1.713,true
81499,true,2,1.285,true
81515,true,2,0.958,true
81533,true,2,2.706,true
81550,true,2,0.676,true
81582,true,2,5.130,true
81599,true,2,0.740,true
81617,true,1,0.920,true
81633,true,1,2.536,true
81650,true,1,1.053,true
81666,true,1,0.815,true
81682,true,1,0.761,true
81699,true,1,0.390,true
81715,true,1,0.488,true
81732,true,1,0.413,true
81749,true,1,0.569,true
81765,true,1,0.720,true
81782,true,1,0.430,true
81799,true,1,0.952,true
81816,true,1,0.820,true
81833,true,0,0.083,true
81850,true,0,0.143,true
81867,true,0,0.485,true
81883,true,0,0.102,true
81900,true,1,1.257,true
81916,true,1,4.373,true
81933,true,1,0.526,true
81949,true,1,0.719,true
81965,true,1,0.364,true
81982,true,1,0.853,true
81999,true,1,0.572,true
82016,true,1,0.979,true
82033,true,1,0.678,true
82050,true,1,0.616,true
82066,true,1,0.471,true
82083,true,1,0.618,true
82099,true,1,1.366,true
82116,true,2,2.229,true
82132,true,2,0.719,true
82149,true,2,0.893,true
82166,true,2,1.574,true
82182,true,2,0.795,true
82199,true,2,0.680,true
82216,true,2,0.731,true
82232,true,2,1.440,true
82250,true,2,1.398,true
82266,true,2,1.500,true
82282,true,1,0.583,true
82299,true,1,1.115,true
82316,true,1,0.407,true
82332,true,1,0.714,true
82349,true,1,0.829,true
82366,true,1,3.134,true
82382,true,1,0.662,true
82399,true,1,0.569,true
82416,true,1,0.733,true
82450,true,1,0.821,true
82467,true,1,0.768,true
82499,true,1,0.449,true
82516,true,1,0.516,true
82533,true,1,0.479,true
82549,true,0,0.051,true
82566,true,0,0.055,true
82582,true,0,0.062,true
82600,true,1,0.323,true
82616,true,1,0.319,true
82633,true,1,0.329,true
82650,true,1,0.399,true
82667,true,1,0.946,true
82683,true,1,0.400,true
82699,true,2,1.245,true
82716,true,1,0.361,true
82732,true,1,0.809,true
82749,true,1,0.488,true
82766,true,1,0.448,true
82783,true,1,0.683,true
82799,true,1,0.751,true
82816,true,2,1.183,true
82833,true,2,0.674,true
82849,true,2,1.353,true
82866,true,2,1.121,true
82882,true,2,0.732,true
82899,true,2,0.718,true
82915,true,2,1.483,true
82932,true,2,1.375,true
82949,true,2,0.752,true
82968,true,2,1.469,true
82999,true,1,0.650,true
83016,true,1,0.685,true
83032,true,2,1.425,true
83049,true,2,1.314,true
83066,true,2,0.977,true
83083,true,2,1.447,true
83099,true,2,1.041,true
83115,true,2,0.682,true
83132,true,2,1.282,true
83149,true,2,0.858,true
83165,true,2,1.411,true
83182,true,2,1.567,true
83199,true,1,1.132,true
83216,true,1,0.825,true
83232,true,1,1.117,true
83249,true,1,7.443,true
83266,true,1,0.395,true
83283,true,1,0.507,true
83300,true,1,0.569,true
83316,true,1,1.153,true
83332,true,2,1.138,true
83349,true,2,1.060,true
83366,true,2,1.764,true
83383,true,2,1.585,true
83399,true,2,1.625,true
83416,true,1,0.430,true
83433,true,1,2.100,true
83449,true,1,0.504,true
83466,true,1,0.772,true
83483,true,2,3.337,true
83499,true,2,1.410,true
83515,true,2,0.731,true
83532,true,2,2.087,true
83549,true,2,3.231,true
83566,true,2,1.910,true
83583,true,2,0.718,true
83600,true,2,0.713,true
83616,true,2,0.751,true
83633,true,2,0.989,true
83649,true,2,0.788,true
83666,true,2,0.797,true
83682,true,2,1.080,true
83699,true,2,0.962,true
83716,true,1,0.947,true
83733,true,1,0.455,true
83749,true,1,0.712,true
83765,true,1,2.947,true
83782,true,1,1.897,true
83800,true,1,0.786,true
83817,true,1,1.500,true
83833,true,1,1.351,true
83849,true,1,1.071,true
83866,true,0,0.111,true
83883,true,0,0.326,true
83900,true,0,0.099,true
83916,true,0,0.092,true
83933,true,2,1.327,true
83949,true,2,1.371,true
83965,true,2,5.640,true
83982,true,2,1.244,true
83999,true,2,1.761,true
84016,true,2,2.642,true
84034,true,2,2.084,true
84066,true,2,1.604,true
84082,true,2,2.276,true
84100,true,2,1.859,true
84116,true,2,2.631,true
84132,true,2,1.974,true
84149,true,2,1.458,true
84165,true,2,1.616,true
84182,true,2,1.775,true
84199,true,2,1.257,true
84216,true,2,2.020,true
84233,true,2,2.045,true
84249,true,2,1.572,true
84265,true,4,1.950,true
84283,true,4,2.346,true
84300,true,4,2.587,true
84333,true,2,0.745,true
84349,true,2,1.172,true
84366,true,2,1.564,true
84383,true,2,0.630,true
84399,true,2,3.916,true
84417,true,2,1.632,true
84433,true,2,1.491,true
84449,true,2,1.903,true
84466,true,2,1.318,true
84482,true,2,1.423,true
84499,true,2,4.551,true
84516,true,2,1.320,true
84533,true,2,1.763,true
84549,true,2,0.757,true
84566,true,2,4.186,true
84582,true,2,1.600,true
84600,true,2,1.958,true
84616,true,2,3.586,true
84633,true,2,0.824,true
84649,true,0,0.117,true
84666,true,0,0.086,true
84683,true,0,0.086,true
84699,true,1,0.659,true
84717,true,2,0.806,true
84733,true,2,1.284,true
84749,true,2,1.171,true
84765,true,2,1.993,true
84782,true,2,0.717,true
84799,true,2,0.967,true
84816,true,3,2.188,true
84833,true,3,2.345,true
84850,true,3,1.881,true
84882,true,3,1.561,true
84899,true,3,1.644,true
84915,true,3,2.250,true
84933,true,3,2.160,true
84949,true,3,13.710,true
84965,true,3,1.945,true
84982,true,3,1.601,true
85000,true,3,7.383,true
85016,true,3,3.723,true
85033,true,3,18.599,true
85050,true,3,1.346,true
85066,true,4,3.293,true
85082,true,3,3.909,true
85099,true,2,3.368,true
85117,true,2,2.346,true
85133,true,2,0.856,true
85149,true,2,1.154,true
85165,true,2,0.933,true
85182,true,2,1.288,true
85199,true,2,0.936,true
85216,true,1,4.493,true
85233,true,1,1.417,true
85249,true,1,0.815,true
85266,true,1,0.849,true
85282,true,2,1.573,true
85298,true,2,1.473,true
85315,true,2,0.770,true
85350,true,2,0.853,true
85366,true,2,1.463,true
85382,true,2,1.445,true
85399,true,2,0.817,true
85415,true,2,1.154,true
85432,true,2,1.769,true
85449,true,2,1.484,true
85466,true,2,3.514,true
85482,true,2,1.893,true
85499,true,2,0.900,true
85515,true,2,1.369,true
85532,true,2,4.821,true
85549,true,2,0.955,true
85566,true,2,1.833,true
85582,true,2,1.550,true
85599,true,1,0.951,true
85616,true,1,0.803,true
85632,true,1,0.707,true
85650,true,1,1.295,true
85666,true,1,1.224,true
85682,true,1,1.014,true
85699,true,1,1.378,true
85715,true,1,0.853,true
85732,true,1,0.810,true
85750,true,1,0.530,true
85766,true,1,0.821,true
85782,true,1,2.073,true
85798,true,1,0.803,true
85816,true,1,0.744,true
85832,true,1,0.605,true
85850,true,1,1.017,true
85866,true,1,0.932,true
85882,true,1,1.219,true
85899,true,1,1.476,true
85916,true,1,1.264,true
85932,true,1,1.157,true
85950,true,1,0.724,true
85966,true,1,0.612,true
85982,true,1,2.160,true
85998,true,1,0.930,true
86015,true,0,0.332,true
86032,false,0,0.177,false
86049,false,0,0.057,false
86066,false,0,0.055,false
86083,false,0,0.036,false
86099,false,0,0.045,false
86116,false,0,0.143,false
86132,false,0,0.041,false
86149,false,0,0.058,false
86166,false,0,0.044,false
86183,false,0,0.052,false
86199,false,0,0.044,false
86215,false,0,0.035,false
86232,false,0,0.086,false
86249,false,0,0.047,false
86267,false,0,0.045,false
86299,false,0,0.048,false
86316,false,0,0.034,false
86332,false,0,0.080,false
86349,false,0,0.068,false
86366,false,0,0.059,false
86383,false,0,0.044,false
86399,false,0,0.045,false
86416,false,0,0.047,false
86433,false,0,0.046,false
86449,false,0,0.060,false
86467,false,0,0.039,false
86483,false,0,0.648,false
86499,false,0,0.437,false
86516,false,0,0.361,false
86532,false,0,0.454,false
86549,false,0,0.462,false
86566,false,0,0.504,false
86583,false,0,0.755,false
86601,false,0,0.628,false
86633,false,0,0.778,false
86649,false,0,0.470,false
86667,false,0,1.001,false
86683,false,0,0.980,false
86700,false,0,0.875,false
86717,false,0,0.690,false
86733,false,0,1.565,false
86749,false,0,0.502,false
86767,false,0,1.032,false
86785,false,0,0.355,false
86801,false,0,3.161,false
86817,false,0,1.193,false
86834,false,0,0.804,false
86851,false,0,0.472,false
86884,false,0,0.020,true
86900,false,0,0.017,true
86918,false,0,0.015,true
86949,false,0,0.013,true
86966,false,0,0.014,true
86983,false,0,0.016,true
87001,false,0,0.013,false
87017,false,0,0.025,false
87033,false,0,0.018,false
87050,false,0,0.023,false
87066,false,0,0.028,false
87083,false,0,0.027,false
87100,false,0,0.031,false
87117,false,0,0.029,false
87134,false,0,1.139,false
87166,false,0,0.858,false
87182,false,0,0.721,false
87200,false,0,0.549,false
87217,false,0,0.808,false
87233,false,0,1.543,false
87250,false,0,1.486,false
87267,false,0,0.854,false
87283,false,0,0.561,false
87300,false,0,0.792,false
87317,false,0,0.780,false
87334,false,0,0.816,false
87350,false,0,1.274,false
87366,false,0,0.858,false
87383,false,0,0.711,false
87400,false,0,1.989,false
87417,false,0,0.346,false
87433,false,0,3.289,false
87451,false,0,0.826,false
87467,false,0,0.694,false
87501,false,0,0.607,false
87517,false,0,0.536,false
87533,false,0,0.706,false
87551,false,0,5.565,false
87583,false,0,1.366,false
87600,false,0,0.598,false
87617,false,0,0.731,false
87634,false,0,1.269,false
87650,false,0,0.759,false
87667,false,0,4.281,false
87683,false,0,0.745,false
87700,false,0,0.869,false
87718,false,0,3.009,false
87750,false,0,0.374,false
87767,false,0,0.829,false
87783,false,0,0.799,false
87800,false,0,0.822,false
87818,false,0,1.046,false
87834,false,0,0.544,false
87867,false,0,0.357,false
87884,false,0,0.612,false
87917,false,0,0.414,false
87933,false,0,0.431,false
87949,false,0,0.420,false
87966,false,0,0.338,false
87984,false,0,1.480,false
88000,false,0,0.423,false
88017,false,0,0.399,false
88034,false,0,0.415,false
88050,false,0,0.333,false
88066,false,0,0.365,false
88083,false,0,0.355,false
88100,false,0,0.365,false
88117,false,0,0.398,false
88134,false,0,0.346,false
88150,false,0,0.402,false
88167,false,0,0.479,false
88183,false,0,0.378,false
88201,false,0,0.338,false
88218,false,0,0.377,false
88234,false,0,0.716,false
88250,false,0,0.407,false
88266,false,0,0.343,false
88283,false,0,4.802,false
88300,false,0,0.363,false
88316,false,0,0.333,false
88334,false,0,0.353,false
88351,false,0,0.354,false
88367,false,0,0.342,false
88384,false,0,0.365,false
88400,false,0,0.330,false
88417,false,0,0.402,false
88435,false,0,0.410,false
88451,false,0,2.958,false
88483,false,0,0.337,false
88500,false,0,1.688,false
88519,false,0,0.650,false
88550,false,0,0.698,false
88568,false,0,0.781,false
88591,false,0,0.552,false
88608,false,0,0.721,false
88624,false,0,0.771,false
88641,false,0,0.738,false
